<?xml version="1.0" encoding="UTF-8" standalone="no"?>
<!DOCTYPE log SYSTEM "logger.dtd">
<log>
<record>
  <date>2026-01-06T15:26:39.596039Z</date>
  <millis>1767713199596</millis>
  <nanos>39000</nanos>
  <sequence>0</sequence>
  <level>START</level>
  <class>com.kms.katalon.core.logging.XmlKeywordLogger</class>
  <method>startSuite</method>
  <thread>1</thread>
  <message>Start Test Suite : Test Suites/Balance Transfers</message>
  <nestedLevel>0</nestedLevel>
  <escapedJava>false</escapedJava>
  <property name="rerunTestFailImmediately">true</property>
  <property name="retryCount">3</property>
  <property name="name">Balance Transfers</property>
  <property name="description"></property>
  <property name="id">Test Suites/Balance Transfers</property>
</record>
<record>
  <date>2026-01-06T15:26:39.601787Z</date>
  <millis>1767713199601</millis>
  <nanos>787000</nanos>
  <sequence>1</sequence>
  <level>RUN_DATA</level>
  <class>com.kms.katalon.core.logging.XmlKeywordLogger</class>
  <method>logMessage</method>
  <thread>1</thread>
  <message>userFullName = Gia Esposito</message>
  <nestedLevel>0</nestedLevel>
  <escapedJava>false</escapedJava>
  <property name="userFullName">Gia Esposito</property>
</record>
<record>
  <date>2026-01-06T15:26:39.602015Z</date>
  <millis>1767713199602</millis>
  <nanos>15000</nanos>
  <sequence>2</sequence>
  <level>RUN_DATA</level>
  <class>com.kms.katalon.core.logging.XmlKeywordLogger</class>
  <method>logMessage</method>
  <thread>1</thread>
  <message>projectName = TrueTestGen4Project</message>
  <nestedLevel>0</nestedLevel>
  <escapedJava>false</escapedJava>
  <property name="projectName">TrueTestGen4Project</property>
</record>
<record>
  <date>2026-01-06T15:26:39.602231Z</date>
  <millis>1767713199602</millis>
  <nanos>231000</nanos>
  <sequence>3</sequence>
  <level>RUN_DATA</level>
  <class>com.kms.katalon.core.logging.XmlKeywordLogger</class>
  <method>logMessage</method>
  <thread>1</thread>
  <message>hostName = gia - 192.168.4.26</message>
  <nestedLevel>0</nestedLevel>
  <escapedJava>false</escapedJava>
  <property name="hostName">gia - 192.168.4.26</property>
</record>
<record>
  <date>2026-01-06T15:26:39.602414Z</date>
  <millis>1767713199602</millis>
  <nanos>414000</nanos>
  <sequence>4</sequence>
  <level>RUN_DATA</level>
  <class>com.kms.katalon.core.logging.XmlKeywordLogger</class>
  <method>logMessage</method>
  <thread>1</thread>
  <message>os = Mac OS X 64bit</message>
  <nestedLevel>0</nestedLevel>
  <escapedJava>false</escapedJava>
  <property name="os">Mac OS X 64bit</property>
</record>
<record>
  <date>2026-01-06T15:26:39.602576Z</date>
  <millis>1767713199602</millis>
  <nanos>576000</nanos>
  <sequence>5</sequence>
  <level>RUN_DATA</level>
  <class>com.kms.katalon.core.logging.XmlKeywordLogger</class>
  <method>logMessage</method>
  <thread>1</thread>
  <message>hostAddress = 192.168.4.26</message>
  <nestedLevel>0</nestedLevel>
  <escapedJava>false</escapedJava>
  <property name="hostAddress">192.168.4.26</property>
</record>
<record>
  <date>2026-01-06T15:26:39.602793Z</date>
  <millis>1767713199602</millis>
  <nanos>793000</nanos>
  <sequence>6</sequence>
  <level>RUN_DATA</level>
  <class>com.kms.katalon.core.logging.XmlKeywordLogger</class>
  <method>logMessage</method>
  <thread>1</thread>
  <message>katalonVersion = 10.4.2.0</message>
  <nestedLevel>0</nestedLevel>
  <escapedJava>false</escapedJava>
  <property name="katalonVersion">10.4.2.0</property>
</record>
<record>
  <date>2026-01-06T15:26:39.735865Z</date>
  <millis>1767713199735</millis>
  <nanos>865000</nanos>
  <sequence>7</sequence>
  <level>START</level>
  <class>com.kms.katalon.core.logging.XmlKeywordLogger</class>
  <method>startTest</method>
  <thread>1</thread>
  <message>Start Test Case : Test Cases/AI-Generated/Katalian Banking Production/TC7-Apply for Account After Login</message>
  <nestedLevel>1</nestedLevel>
  <escapedJava>false</escapedJava>
  <property name="remainingRetryCount">3</property>
  <property name="origin">TRUETEST</property>
  <property name="name">Test Cases/AI-Generated/Katalian Banking Production/TC7-Apply for Account After Login</property>
  <property name="description">Login to the application, apply for a new account, and verify the home page.</property>
  <property name="iteration"></property>
  <property name="id">Test Cases/AI-Generated/Katalian Banking Production/TC7-Apply for Account After Login</property>
  <property name="source">\Users\gia\Downloads\Katalian_Banking_2.0-main\Test Cases\AI-Generated\Katalian Banking Production\TC7-Apply for Account After Login.tc</property>
  <property name="tag"></property>
  <property name="isOptional">false</property>
  <property name="currentRetryCount">0</property>
</record>
<record>
  <date>2026-01-06T15:26:39.765554Z</date>
  <millis>1767713199765</millis>
  <nanos>554000</nanos>
  <sequence>9</sequence>
  <level>INFO</level>
  <class>com.kms.katalon.core.logging.XmlKeywordLogger</class>
  <method>logMessage</method>
  <thread>1</thread>
  <message>(Default) button_applyNow_divInternalHasText_1 = Apply for a Platinum Credit CardApply Now</message>
  <nestedLevel>1</nestedLevel>
  <escapedJava>false</escapedJava>
</record>
<record>
  <date>2026-01-06T15:26:39.766593Z</date>
  <millis>1767713199766</millis>
  <nanos>593000</nanos>
  <sequence>10</sequence>
  <level>START</level>
  <class>com.kms.katalon.core.logging.XmlKeywordLogger</class>
  <method>startKeyword</method>
  <thread>1</thread>
  <message>Start listener action : enableSauceLabs</message>
  <nestedLevel>1</nestedLevel>
  <escapedJava>false</escapedJava>
</record>
<record>
  <date>2026-01-06T15:26:39.769743Z</date>
  <millis>1767713199769</millis>
  <nanos>743000</nanos>
  <sequence>12</sequence>
  <level>INFO</level>
  <class>com.kms.katalon.core.logging.XmlKeywordLogger</class>
  <method>logMessage</method>
  <thread>1</thread>
  <message>[SAUCELABS] Current run configuration: Chrome</message>
  <nestedLevel>1</nestedLevel>
  <escapedJava>false</escapedJava>
</record>
<record>
  <date>2026-01-06T15:26:39.770438Z</date>
  <millis>1767713199770</millis>
  <nanos>438000</nanos>
  <sequence>13</sequence>
  <level>INFO</level>
  <class>com.kms.katalon.core.logging.XmlKeywordLogger</class>
  <method>logMessage</method>
  <thread>1</thread>
  <message>[SAUCELABS] Saucelabs Plugin will not attempt to auto update job status and information !</message>
  <nestedLevel>1</nestedLevel>
  <escapedJava>false</escapedJava>
</record>
<record>
  <date>2026-01-06T15:26:39.770769Z</date>
  <millis>1767713199770</millis>
  <nanos>769000</nanos>
  <sequence>15</sequence>
  <level>END</level>
  <class>com.kms.katalon.core.logging.XmlKeywordLogger</class>
  <method>endKeyword</method>
  <thread>1</thread>
  <message>End listener action : enableSauceLabs</message>
  <nestedLevel>1</nestedLevel>
  <escapedJava>false</escapedJava>
</record>
<record>
  <date>2026-01-06T15:26:39.771229Z</date>
  <millis>1767713199771</millis>
  <nanos>229000</nanos>
  <sequence>17</sequence>
  <level>START</level>
  <class>com.kms.katalon.core.logging.XmlKeywordLogger</class>
  <method>startKeyword</method>
  <thread>1</thread>
  <message>Start setup action : setup</message>
  <nestedLevel>1</nestedLevel>
  <escapedJava>false</escapedJava>
  <property name="stepIndex">1</property>
</record>
<record>
  <date>2026-01-06T15:26:39.826461Z</date>
  <millis>1767713199826</millis>
  <nanos>461000</nanos>
  <sequence>18</sequence>
  <level>START</level>
  <class>com.kms.katalon.core.logging.XmlKeywordLogger</class>
  <method>startKeyword</method>
  <thread>1</thread>
  <message>Start action : openBrowser(&amp;quot;&amp;quot;)</message>
  <nestedLevel>1</nestedLevel>
  <escapedJava>false</escapedJava>
  <property name="startLine">13</property>
  <property name="stepIndex">1</property>
</record>
<record>
  <date>2026-01-06T15:26:39.892420Z</date>
  <millis>1767713199892</millis>
  <nanos>420000</nanos>
  <sequence>21</sequence>
  <level>INFO</level>
  <class>com.kms.katalon.core.logging.XmlKeywordLogger</class>
  <method>logMessage</method>
  <thread>1</thread>
  <message>Starting &amp;apos;Chrome&amp;apos; driver</message>
  <nestedLevel>1</nestedLevel>
  <escapedJava>false</escapedJava>
</record>
<record>
  <date>2026-01-06T15:26:39.906462Z</date>
  <millis>1767713199906</millis>
  <nanos>462000</nanos>
  <sequence>22</sequence>
  <level>INFO</level>
  <class>com.kms.katalon.core.logging.XmlKeywordLogger</class>
  <method>logMessage</method>
  <thread>1</thread>
  <message>Action delay is set to 0 milliseconds</message>
  <nestedLevel>1</nestedLevel>
  <escapedJava>false</escapedJava>
</record>
<record>
  <date>2026-01-06T15:26:41.503460Z</date>
  <millis>1767713201503</millis>
  <nanos>460000</nanos>
  <sequence>25</sequence>
  <level>RUN_DATA</level>
  <class>com.kms.katalon.core.logging.XmlKeywordLogger</class>
  <method>logMessage</method>
  <thread>1</thread>
  <message>sessionId = fdeccfa5f219d910b45a41b1e9acc169</message>
  <nestedLevel>1</nestedLevel>
  <escapedJava>false</escapedJava>
  <property name="sessionId">fdeccfa5f219d910b45a41b1e9acc169</property>
</record>
<record>
  <date>2026-01-06T15:26:41.504159Z</date>
  <millis>1767713201504</millis>
  <nanos>159000</nanos>
  <sequence>26</sequence>
  <level>RUN_DATA</level>
  <class>com.kms.katalon.core.logging.XmlKeywordLogger</class>
  <method>logMessage</method>
  <thread>1</thread>
  <message>browser = Chrome 143.0.7499.147</message>
  <nestedLevel>1</nestedLevel>
  <escapedJava>false</escapedJava>
  <property name="browser">Chrome 143.0.7499.147</property>
</record>
<record>
  <date>2026-01-06T15:26:41.504475Z</date>
  <millis>1767713201504</millis>
  <nanos>475000</nanos>
  <sequence>27</sequence>
  <level>RUN_DATA</level>
  <class>com.kms.katalon.core.logging.XmlKeywordLogger</class>
  <method>logMessage</method>
  <thread>1</thread>
  <message>platform = Mac OS X</message>
  <nestedLevel>1</nestedLevel>
  <escapedJava>false</escapedJava>
  <property name="platform">Mac OS X</property>
</record>
<record>
  <date>2026-01-06T15:26:41.504809Z</date>
  <millis>1767713201504</millis>
  <nanos>809000</nanos>
  <sequence>28</sequence>
  <level>RUN_DATA</level>
  <class>com.kms.katalon.core.logging.XmlKeywordLogger</class>
  <method>logMessage</method>
  <thread>1</thread>
  <message>seleniumVersion = 4.34.0</message>
  <nestedLevel>1</nestedLevel>
  <escapedJava>false</escapedJava>
  <property name="seleniumVersion">4.34.0</property>
</record>
<record>
  <date>2026-01-06T15:26:41.507810Z</date>
  <millis>1767713201507</millis>
  <nanos>810000</nanos>
  <sequence>29</sequence>
  <level>RUN_DATA</level>
  <class>com.kms.katalon.core.logging.XmlKeywordLogger</class>
  <method>logMessage</method>
  <thread>1</thread>
  <message>proxyInformation = ProxyInformation { proxyOption=NO_PROXY, proxyServerType=HTTP, username=, password=********, proxyServerAddress=, proxyServerPort=0, executionList=&amp;quot;&amp;quot;, isApplyToDesiredCapabilities=true }</message>
  <nestedLevel>1</nestedLevel>
  <escapedJava>false</escapedJava>
  <property name="proxyInformation">ProxyInformation { proxyOption=NO_PROXY, proxyServerType=HTTP, username=, password=********, proxyServerAddress=, proxyServerPort=0, executionList=&quot;&quot;, isApplyToDesiredCapabilities=true }</property>
</record>
<record>
  <date>2026-01-06T15:26:41.523148Z</date>
  <millis>1767713201523</millis>
  <nanos>148000</nanos>
  <sequence>30</sequence>
  <level>PASSED</level>
  <class>com.kms.katalon.core.logging.XmlKeywordLogger</class>
  <method>logMessage</method>
  <thread>1</thread>
  <message>Browser is opened with url: &amp;apos;&amp;apos;</message>
  <nestedLevel>1</nestedLevel>
  <escapedJava>false</escapedJava>
  <property name="testops-method-name">com.kms.katalon.core.webui.keyword.builtin.OpenBrowserKeyword.openBrowser</property>
  <property name="testops-execution-stacktrace"></property>
</record>
<record>
  <date>2026-01-06T15:26:41.524177Z</date>
  <millis>1767713201524</millis>
  <nanos>177000</nanos>
  <sequence>31</sequence>
  <level>END</level>
  <class>com.kms.katalon.core.logging.XmlKeywordLogger</class>
  <method>endKeyword</method>
  <thread>1</thread>
  <message>End action : openBrowser(&amp;quot;&amp;quot;)</message>
  <nestedLevel>1</nestedLevel>
  <escapedJava>false</escapedJava>
</record>
<record>
  <date>2026-01-06T15:26:41.524326Z</date>
  <millis>1767713201524</millis>
  <nanos>326000</nanos>
  <sequence>32</sequence>
  <level>START</level>
  <class>com.kms.katalon.core.logging.XmlKeywordLogger</class>
  <method>startKeyword</method>
  <thread>1</thread>
  <message>Start action : setViewPortSize(1512, 823)</message>
  <nestedLevel>1</nestedLevel>
  <escapedJava>false</escapedJava>
  <property name="startLine">14</property>
  <property name="stepIndex">2</property>
</record>
<record>
  <date>2026-01-06T15:26:41.883511Z</date>
  <millis>1767713201883</millis>
  <nanos>511000</nanos>
  <sequence>36</sequence>
  <level>INFO</level>
  <class>com.kms.katalon.core.logging.XmlKeywordLogger</class>
  <method>logMessage</method>
  <thread>1</thread>
  <message>Viewport size mismatch (1,512x746). Trying to set it again.</message>
  <nestedLevel>1</nestedLevel>
  <escapedJava>false</escapedJava>
</record>
<record>
  <date>2026-01-06T15:26:42.880902Z</date>
  <millis>1767713202880</millis>
  <nanos>902000</nanos>
  <sequence>37</sequence>
  <level>WARNING</level>
  <class>com.kms.katalon.core.logging.XmlKeywordLogger</class>
  <method>logMessage</method>
  <thread>1</thread>
  <message>Viewport size mismatch (1512x1512).</message>
  <nestedLevel>1</nestedLevel>
  <escapedJava>false</escapedJava>
</record>
<record>
  <date>2026-01-06T15:26:42.881273Z</date>
  <millis>1767713202881</millis>
  <nanos>273000</nanos>
  <sequence>38</sequence>
  <level>END</level>
  <class>com.kms.katalon.core.logging.XmlKeywordLogger</class>
  <method>endKeyword</method>
  <thread>1</thread>
  <message>End action : setViewPortSize(1512, 823)</message>
  <nestedLevel>1</nestedLevel>
  <escapedJava>false</escapedJava>
</record>
<record>
  <date>2026-01-06T15:26:42.885399Z</date>
  <millis>1767713202885</millis>
  <nanos>399000</nanos>
  <sequence>40</sequence>
  <level>PASSED</level>
  <class>com.kms.katalon.core.logging.XmlKeywordLogger</class>
  <method>logMessage</method>
  <thread>1</thread>
  <message>Method &amp;apos;setup&amp;apos; complete successfully</message>
  <nestedLevel>1</nestedLevel>
  <escapedJava>false</escapedJava>
  <property name="testops-execution-stacktrace">com.kms.katalon.core.logging.KeywordLogger.logPassed(KeywordLogger.java:332)
com.kms.katalon.core.logging.KeywordLogger.logPassed(KeywordLogger.java:346)
com.kms.katalon.core.main.TestCaseExecutor.runMethod(TestCaseExecutor.java:639)
com.kms.katalon.core.main.TestCaseExecutor.internallyRunMethods(TestCaseExecutor.java:622)
com.kms.katalon.core.main.TestCaseExecutor.processSetupPhase(TestCaseExecutor.java:234)
com.kms.katalon.core.main.TestCaseExecutor.accessMainPhase(TestCaseExecutor.java:448)
com.kms.katalon.core.main.TestCaseExecutor.execute(TestCaseExecutor.java:322)
com.kms.katalon.core.common.CommonExecutor.accessTestCaseMainPhase(CommonExecutor.java:71)
com.kms.katalon.core.main.TestSuiteExecutor.accessTestSuiteMainPhase(TestSuiteExecutor.java:153)
com.kms.katalon.core.main.TestSuiteExecutor.execute(TestSuiteExecutor.java:110)
com.kms.katalon.core.main.TestCaseMain.startTestSuite(TestCaseMain.java:205)
TempTestSuite1767713198027.run(TempTestSuite1767713198027.groovy:35)
java.base/jdk.internal.reflect.NativeMethodAccessorImpl.invoke0(Native Method)
java.base/jdk.internal.reflect.NativeMethodAccessorImpl.invoke(NativeMethodAccessorImpl.java:77)
java.base/jdk.internal.reflect.DelegatingMethodAccessorImpl.invoke(DelegatingMethodAccessorImpl.java:43)
</property>
</record>
<record>
  <date>2026-01-06T15:26:42.885781Z</date>
  <millis>1767713202885</millis>
  <nanos>781000</nanos>
  <sequence>41</sequence>
  <level>END</level>
  <class>com.kms.katalon.core.logging.XmlKeywordLogger</class>
  <method>endKeyword</method>
  <thread>1</thread>
  <message>End setup action : setup</message>
  <nestedLevel>1</nestedLevel>
  <escapedJava>false</escapedJava>
</record>
<record>
  <date>2026-01-06T15:26:42.887305Z</date>
  <millis>1767713202887</millis>
  <nanos>305000</nanos>
  <sequence>42</sequence>
  <level>START</level>
  <class>com.kms.katalon.core.logging.XmlKeywordLogger</class>
  <method>startKeyword</method>
  <thread>1</thread>
  <message>Start action : reportLocation = getReportFolder()</message>
  <nestedLevel>1</nestedLevel>
  <escapedJava>false</escapedJava>
  <property name="startLine">7</property>
  <property name="stepIndex">1</property>
</record>
<record>
  <date>2026-01-06T15:26:42.887888Z</date>
  <millis>1767713202887</millis>
  <nanos>888000</nanos>
  <sequence>43</sequence>
  <level>END</level>
  <class>com.kms.katalon.core.logging.XmlKeywordLogger</class>
  <method>endKeyword</method>
  <thread>1</thread>
  <message>End action : reportLocation = getReportFolder()</message>
  <nestedLevel>1</nestedLevel>
  <escapedJava>false</escapedJava>
</record>
<record>
  <date>2026-01-06T15:26:42.887993Z</date>
  <millis>1767713202887</millis>
  <nanos>993000</nanos>
  <sequence>44</sequence>
  <level>START</level>
  <class>com.kms.katalon.core.logging.XmlKeywordLogger</class>
  <method>startKeyword</method>
  <thread>1</thread>
  <message>Start action : &amp;quot;Initialize test session: Open browser and set view port&amp;quot;</message>
  <nestedLevel>1</nestedLevel>
  <escapedJava>false</escapedJava>
  <property name="startLine">9</property>
  <property name="stepIndex">2</property>
</record>
<record>
  <date>2026-01-06T15:26:42.889716Z</date>
  <millis>1767713202889</millis>
  <nanos>716000</nanos>
  <sequence>45</sequence>
  <level>END</level>
  <class>com.kms.katalon.core.logging.XmlKeywordLogger</class>
  <method>endKeyword</method>
  <thread>1</thread>
  <message>End action : &amp;quot;Initialize test session: Open browser and set view port&amp;quot;</message>
  <nestedLevel>1</nestedLevel>
  <escapedJava>false</escapedJava>
</record>
<record>
  <date>2026-01-06T15:26:42.889915Z</date>
  <millis>1767713202889</millis>
  <nanos>915000</nanos>
  <sequence>46</sequence>
  <level>START</level>
  <class>com.kms.katalon.core.logging.XmlKeywordLogger</class>
  <method>startKeyword</method>
  <thread>1</thread>
  <message>Start action : TrueTestScripts.navigate(&amp;quot;&amp;quot;)</message>
  <nestedLevel>1</nestedLevel>
  <escapedJava>false</escapedJava>
  <property name="startLine">20</property>
  <property name="stepIndex">3</property>
  <property name="description">Step 1: Navigate to /login</property>
</record>
<record>
  <date>2026-01-06T15:26:43.316049Z</date>
  <millis>1767713203316</millis>
  <nanos>49000</nanos>
  <sequence>50</sequence>
  <level>PASSED</level>
  <class>com.kms.katalon.core.logging.XmlKeywordLogger</class>
  <method>logMessage</method>
  <thread>1</thread>
  <message>Navigate to &amp;apos;https://katalian-banking.vercel.app/&amp;apos; successfully</message>
  <nestedLevel>1</nestedLevel>
  <escapedJava>false</escapedJava>
  <property name="testops-method-name">com.kms.katalon.core.webui.keyword.builtin.NavigateToUrlKeyword.navigateToUrl</property>
  <property name="testops-execution-stacktrace"></property>
</record>
<record>
  <date>2026-01-06T15:26:46.336224Z</date>
  <millis>1767713206336</millis>
  <nanos>224000</nanos>
  <sequence>53</sequence>
  <level>PASSED</level>
  <class>com.kms.katalon.core.logging.XmlKeywordLogger</class>
  <method>logMessage</method>
  <thread>1</thread>
  <message>Delayed 3 second(s)</message>
  <nestedLevel>1</nestedLevel>
  <escapedJava>false</escapedJava>
  <property name="testops-method-name">com.kms.katalon.core.keyword.builtin.DelayKeyword.delay</property>
  <property name="testops-execution-stacktrace"></property>
</record>
<record>
  <date>2026-01-06T15:26:46.337143Z</date>
  <millis>1767713206337</millis>
  <nanos>143000</nanos>
  <sequence>54</sequence>
  <level>END</level>
  <class>com.kms.katalon.core.logging.XmlKeywordLogger</class>
  <method>endKeyword</method>
  <thread>1</thread>
  <message>End action : TrueTestScripts.navigate(&amp;quot;&amp;quot;)</message>
  <nestedLevel>1</nestedLevel>
  <escapedJava>false</escapedJava>
</record>
<record>
  <date>2026-01-06T15:26:46.337337Z</date>
  <millis>1767713206337</millis>
  <nanos>337000</nanos>
  <sequence>55</sequence>
  <level>START</level>
  <class>com.kms.katalon.core.logging.XmlKeywordLogger</class>
  <method>startKeyword</method>
  <thread>1</thread>
  <message>Start action : TrueTestScripts.login()</message>
  <nestedLevel>1</nestedLevel>
  <escapedJava>false</escapedJava>
  <property name="startLine">24</property>
  <property name="stepIndex">4</property>
  <property name="description">Step 2: Login into Application</property>
</record>
<record>
  <date>2026-01-06T15:26:46.400940Z</date>
  <millis>1767713206400</millis>
  <nanos>940000</nanos>
  <sequence>59</sequence>
  <level>START</level>
  <class>com.kms.katalon.core.logging.XmlKeywordLogger</class>
  <method>startTest</method>
  <thread>1</thread>
  <message>Start Test Case : Test Cases/Login</message>
  <nestedLevel>2</nestedLevel>
  <escapedJava>false</escapedJava>
  <property name="origin"></property>
  <property name="name">Test Cases/Login</property>
  <property name="description"></property>
  <property name="iteration"></property>
  <property name="id">Test Cases/Login</property>
  <property name="source">\Users\gia\Downloads\Katalian_Banking_2.0-main\Test Cases\Login.tc</property>
  <property name="tag"></property>
  <property name="isOptional">false</property>
</record>
<record>
  <date>2026-01-06T15:26:46.423318Z</date>
  <millis>1767713206423</millis>
  <nanos>318000</nanos>
  <sequence>61</sequence>
  <level>START</level>
  <class>com.kms.katalon.core.logging.XmlKeywordLogger</class>
  <method>startKeyword</method>
  <thread>1</thread>
  <message>Start action : setText(findTestObject(&amp;quot;Object Repository/Page_Katalian Bank/input_Username_username&amp;quot;), &amp;quot;bankinguser123&amp;quot;)</message>
  <nestedLevel>1</nestedLevel>
  <escapedJava>false</escapedJava>
  <property name="startLine">20</property>
  <property name="stepIndex">1</property>
</record>
<record>
  <date>2026-01-06T15:26:47.006936Z</date>
  <millis>1767713207006</millis>
  <nanos>936000</nanos>
  <sequence>75</sequence>
  <level>PASSED</level>
  <class>com.kms.katalon.core.logging.XmlKeywordLogger</class>
  <method>logMessage</method>
  <thread>1</thread>
  <message>Text &amp;apos;bankinguser123&amp;apos; is set on object &amp;apos;Object Repository/Page_Katalian Bank/input_Username_username&amp;apos;</message>
  <nestedLevel>2</nestedLevel>
  <escapedJava>false</escapedJava>
  <property name="testops-method-name">com.kms.katalon.core.webui.keyword.internal.WebUIKeywordMain.runKeywordUntilTimeout</property>
  <property name="testops-execution-stacktrace">com.kms.katalon.core.logging.KeywordLogger.logPassed(KeywordLogger.java:332)
com.kms.katalon.core.logging.KeywordLogger.logPassed(KeywordLogger.java:327)
com.kms.katalon.core.webui.keyword.builtin.SetTextKeyword$_setText_closure1.doCall(SetTextKeyword.groovy:99)
java.base/jdk.internal.reflect.NativeMethodAccessorImpl.invoke0(Native Method)
java.base/jdk.internal.reflect.NativeMethodAccessorImpl.invoke(NativeMethodAccessorImpl.java:77)
java.base/jdk.internal.reflect.DelegatingMethodAccessorImpl.invoke(DelegatingMethodAccessorImpl.java:43)
jdk.proxy2/jdk.proxy2.$Proxy51.execute(Unknown Source)
com.kms.katalon.core.webui.model.SeleniumActionRetryController.performAction(SeleniumActionRetryController.java:96)
com.kms.katalon.core.webui.model.SeleniumActionRetryController.performAction(SeleniumActionRetryController.java:83)
com.kms.katalon.core.webui.keyword.internal.WebUIKeywordMain$_runKeywordUntilTimeout_closure1.doCall(WebUIKeywordMain.groovy:135)
com.kms.katalon.core.webui.keyword.internal.WebUIKeywordMain$_runKeywordUntilTimeout_closure1.call(WebUIKeywordMain.groovy)
com.kms.katalon.core.webui.keyword.internal.WebUIKeywordMain.runKeyword(WebUIKeywordMain.groovy:41)
com.kms.katalon.core.webui.keyword.internal.WebUIKeywordMain.runKeywordUntilTimeout(WebUIKeywordMain.groovy:133)
com.kms.katalon.core.webui.keyword.builtin.SetTextKeyword.setText(SetTextKeyword.groovy:106)
com.kms.katalon.core.webui.keyword.builtin.SetTextKeyword.execute(SetTextKeyword.groovy:49)
com.kms.katalon.core.keyword.internal.KeywordExecutor.executeKeywordForPlatform(KeywordExecutor.groovy:90)
com.kms.katalon.core.webui.keyword.WebUiBuiltInKeywords.setText(WebUiBuiltInKeywords.groovy:1081)
Login.run(Login:20)
</property>
</record>
<record>
  <date>2026-01-06T15:26:47.007949Z</date>
  <millis>1767713207007</millis>
  <nanos>949000</nanos>
  <sequence>76</sequence>
  <level>END</level>
  <class>com.kms.katalon.core.logging.XmlKeywordLogger</class>
  <method>endKeyword</method>
  <thread>1</thread>
  <message>End action : setText(findTestObject(&amp;quot;Object Repository/Page_Katalian Bank/input_Username_username&amp;quot;), &amp;quot;bankinguser123&amp;quot;)</message>
  <nestedLevel>1</nestedLevel>
  <escapedJava>false</escapedJava>
</record>
<record>
  <date>2026-01-06T15:26:47.008083Z</date>
  <millis>1767713207008</millis>
  <nanos>83000</nanos>
  <sequence>77</sequence>
  <level>START</level>
  <class>com.kms.katalon.core.logging.XmlKeywordLogger</class>
  <method>startKeyword</method>
  <thread>1</thread>
  <message>Start action : setEncryptedText(findTestObject(&amp;quot;Object Repository/Page_Katalian Bank/input_Password_password&amp;quot;), &amp;quot;CS9RmWxFPRFoMJc95WUBEN4WG8mxfTJo&amp;quot;)</message>
  <nestedLevel>1</nestedLevel>
  <escapedJava>false</escapedJava>
  <property name="startLine">22</property>
  <property name="stepIndex">2</property>
</record>
<record>
  <date>2026-01-06T15:26:47.268805Z</date>
  <millis>1767713207268</millis>
  <nanos>805000</nanos>
  <sequence>90</sequence>
  <level>PASSED</level>
  <class>com.kms.katalon.core.logging.XmlKeywordLogger</class>
  <method>logMessage</method>
  <thread>1</thread>
  <message>Text ****** has been set on object &amp;apos;Object Repository/Page_Katalian Bank/input_Password_password&amp;apos;</message>
  <nestedLevel>2</nestedLevel>
  <escapedJava>false</escapedJava>
  <property name="testops-method-name">com.kms.katalon.core.webui.keyword.internal.WebUIKeywordMain.runKeywordUntilTimeout</property>
  <property name="testops-execution-stacktrace">com.kms.katalon.core.logging.KeywordLogger.logPassed(KeywordLogger.java:332)
com.kms.katalon.core.logging.KeywordLogger.logPassed(KeywordLogger.java:327)
com.kms.katalon.core.webui.keyword.builtin.SetEncryptedTextKeyword$_setEncryptedText_closure1.doCall(SetEncryptedTextKeyword.groovy:82)
java.base/jdk.internal.reflect.NativeMethodAccessorImpl.invoke0(Native Method)
java.base/jdk.internal.reflect.NativeMethodAccessorImpl.invoke(NativeMethodAccessorImpl.java:77)
java.base/jdk.internal.reflect.DelegatingMethodAccessorImpl.invoke(DelegatingMethodAccessorImpl.java:43)
jdk.proxy2/jdk.proxy2.$Proxy51.execute(Unknown Source)
com.kms.katalon.core.webui.model.SeleniumActionRetryController.performAction(SeleniumActionRetryController.java:96)
com.kms.katalon.core.webui.model.SeleniumActionRetryController.performAction(SeleniumActionRetryController.java:83)
com.kms.katalon.core.webui.keyword.internal.WebUIKeywordMain$_runKeywordUntilTimeout_closure1.doCall(WebUIKeywordMain.groovy:135)
com.kms.katalon.core.webui.keyword.internal.WebUIKeywordMain$_runKeywordUntilTimeout_closure1.call(WebUIKeywordMain.groovy)
com.kms.katalon.core.webui.keyword.internal.WebUIKeywordMain.runKeyword(WebUIKeywordMain.groovy:41)
com.kms.katalon.core.webui.keyword.internal.WebUIKeywordMain.runKeywordUntilTimeout(WebUIKeywordMain.groovy:133)
com.kms.katalon.core.webui.keyword.builtin.SetEncryptedTextKeyword.setEncryptedText(SetEncryptedTextKeyword.groovy:88)
com.kms.katalon.core.webui.keyword.builtin.SetEncryptedTextKeyword.execute(SetEncryptedTextKeyword.groovy:48)
com.kms.katalon.core.keyword.internal.KeywordExecutor.executeKeywordForPlatform(KeywordExecutor.groovy:90)
com.kms.katalon.core.webui.keyword.WebUiBuiltInKeywords.setEncryptedText(WebUiBuiltInKeywords.groovy:1112)
Login.run(Login:22)
</property>
</record>
<record>
  <date>2026-01-06T15:26:47.269762Z</date>
  <millis>1767713207269</millis>
  <nanos>762000</nanos>
  <sequence>91</sequence>
  <level>END</level>
  <class>com.kms.katalon.core.logging.XmlKeywordLogger</class>
  <method>endKeyword</method>
  <thread>1</thread>
  <message>End action : setEncryptedText(findTestObject(&amp;quot;Object Repository/Page_Katalian Bank/input_Password_password&amp;quot;), &amp;quot;CS9RmWxFPRFoMJc95WUBEN4WG8mxfTJo&amp;quot;)</message>
  <nestedLevel>1</nestedLevel>
  <escapedJava>false</escapedJava>
</record>
<record>
  <date>2026-01-06T15:26:47.269870Z</date>
  <millis>1767713207269</millis>
  <nanos>870000</nanos>
  <sequence>92</sequence>
  <level>START</level>
  <class>com.kms.katalon.core.logging.XmlKeywordLogger</class>
  <method>startKeyword</method>
  <thread>1</thread>
  <message>Start action : click(findTestObject(&amp;quot;Object Repository/Page_Katalian Bank/button_Sign in&amp;quot;))</message>
  <nestedLevel>1</nestedLevel>
  <escapedJava>false</escapedJava>
  <property name="startLine">24</property>
  <property name="stepIndex">3</property>
</record>
<record>
  <date>2026-01-06T15:26:47.536878Z</date>
  <millis>1767713207536</millis>
  <nanos>878000</nanos>
  <sequence>103</sequence>
  <level>PASSED</level>
  <class>com.kms.katalon.core.logging.XmlKeywordLogger</class>
  <method>logMessage</method>
  <thread>1</thread>
  <message>Object: &amp;apos;Object Repository/Page_Katalian Bank/button_Sign in&amp;apos; is clicked on</message>
  <nestedLevel>2</nestedLevel>
  <escapedJava>false</escapedJava>
  <property name="testops-method-name">com.kms.katalon.core.webui.keyword.internal.WebUIKeywordMain.runKeywordUntilTimeout</property>
  <property name="testops-execution-stacktrace">com.kms.katalon.core.logging.KeywordLogger.logPassed(KeywordLogger.java:332)
com.kms.katalon.core.logging.KeywordLogger.logPassed(KeywordLogger.java:327)
com.kms.katalon.core.webui.keyword.builtin.ClickKeyword$_click_closure1.doCall(ClickKeyword.groovy:66)
java.base/jdk.internal.reflect.NativeMethodAccessorImpl.invoke0(Native Method)
java.base/jdk.internal.reflect.NativeMethodAccessorImpl.invoke(NativeMethodAccessorImpl.java:77)
java.base/jdk.internal.reflect.DelegatingMethodAccessorImpl.invoke(DelegatingMethodAccessorImpl.java:43)
jdk.proxy2/jdk.proxy2.$Proxy51.execute(Unknown Source)
com.kms.katalon.core.webui.model.SeleniumActionRetryController.performAction(SeleniumActionRetryController.java:96)
com.kms.katalon.core.webui.model.SeleniumActionRetryController.performAction(SeleniumActionRetryController.java:83)
com.kms.katalon.core.webui.keyword.internal.WebUIKeywordMain$_runKeywordUntilTimeout_closure1.doCall(WebUIKeywordMain.groovy:135)
com.kms.katalon.core.webui.keyword.internal.WebUIKeywordMain$_runKeywordUntilTimeout_closure1.call(WebUIKeywordMain.groovy)
com.kms.katalon.core.webui.keyword.internal.WebUIKeywordMain.runKeyword(WebUIKeywordMain.groovy:41)
com.kms.katalon.core.webui.keyword.internal.WebUIKeywordMain.runKeywordUntilTimeout(WebUIKeywordMain.groovy:133)
com.kms.katalon.core.webui.keyword.builtin.ClickKeyword.click(ClickKeyword.groovy:72)
com.kms.katalon.core.webui.keyword.builtin.ClickKeyword.execute(ClickKeyword.groovy:38)
com.kms.katalon.core.keyword.internal.KeywordExecutor.executeKeywordForPlatform(KeywordExecutor.groovy:90)
com.kms.katalon.core.webui.keyword.WebUiBuiltInKeywords.click(WebUiBuiltInKeywords.groovy:721)
Login.run(Login:24)
</property>
</record>
<record>
  <date>2026-01-06T15:26:47.539236Z</date>
  <millis>1767713207539</millis>
  <nanos>236000</nanos>
  <sequence>104</sequence>
  <level>END</level>
  <class>com.kms.katalon.core.logging.XmlKeywordLogger</class>
  <method>endKeyword</method>
  <thread>1</thread>
  <message>End action : click(findTestObject(&amp;quot;Object Repository/Page_Katalian Bank/button_Sign in&amp;quot;))</message>
  <nestedLevel>1</nestedLevel>
  <escapedJava>false</escapedJava>
</record>
<record>
  <date>2026-01-06T15:26:47.539723Z</date>
  <millis>1767713207539</millis>
  <nanos>723000</nanos>
  <sequence>105</sequence>
  <level>START</level>
  <class>com.kms.katalon.core.logging.XmlKeywordLogger</class>
  <method>startKeyword</method>
  <thread>1</thread>
  <message>Start action : verifyElementPresent(findTestObject(&amp;quot;Object Repository/Page_Katalian Bank/h1_Katalian Bank&amp;quot;), 0)</message>
  <nestedLevel>1</nestedLevel>
  <escapedJava>false</escapedJava>
  <property name="startLine">26</property>
  <property name="stepIndex">4</property>
</record>
<record>
  <date>2026-01-06T15:26:47.558258Z</date>
  <millis>1767713207558</millis>
  <nanos>258000</nanos>
  <sequence>110</sequence>
  <level>WARNING</level>
  <class>com.kms.katalon.core.logging.XmlKeywordLogger</class>
  <method>logMessage</method>
  <thread>1</thread>
  <message>Timeout &amp;apos;0&amp;apos; is invalid. Using default page load timeout: &amp;apos;10&amp;apos;</message>
  <nestedLevel>2</nestedLevel>
  <escapedJava>false</escapedJava>
</record>
<record>
  <date>2026-01-06T15:26:47.977755Z</date>
  <millis>1767713207977</millis>
  <nanos>755000</nanos>
  <sequence>113</sequence>
  <level>PASSED</level>
  <class>com.kms.katalon.core.logging.XmlKeywordLogger</class>
  <method>logMessage</method>
  <thread>1</thread>
  <message>Object &amp;apos;Object Repository/Page_Katalian Bank/h1_Katalian Bank&amp;apos; is present</message>
  <nestedLevel>2</nestedLevel>
  <escapedJava>false</escapedJava>
  <property name="testops-is-assertion">true</property>
  <property name="testops-method-name">com.kms.katalon.core.webui.keyword.builtin.VerifyElementPresentKeyword.verifyElementPresent</property>
  <property name="testops-execution-stacktrace"></property>
</record>
<record>
  <date>2026-01-06T15:26:47.977951Z</date>
  <millis>1767713207977</millis>
  <nanos>951000</nanos>
  <sequence>114</sequence>
  <level>END</level>
  <class>com.kms.katalon.core.logging.XmlKeywordLogger</class>
  <method>endKeyword</method>
  <thread>1</thread>
  <message>End action : verifyElementPresent(findTestObject(&amp;quot;Object Repository/Page_Katalian Bank/h1_Katalian Bank&amp;quot;), 0)</message>
  <nestedLevel>1</nestedLevel>
  <escapedJava>false</escapedJava>
</record>
<record>
  <date>2026-01-06T15:26:47.978057Z</date>
  <millis>1767713207978</millis>
  <nanos>57000</nanos>
  <sequence>115</sequence>
  <level>PASSED</level>
  <class>com.kms.katalon.core.logging.XmlKeywordLogger</class>
  <method>logMessage</method>
  <thread>1</thread>
  <message>Test Cases/Login</message>
  <nestedLevel>2</nestedLevel>
  <escapedJava>false</escapedJava>
</record>
<record>
  <date>2026-01-06T15:26:47.978320Z</date>
  <millis>1767713207978</millis>
  <nanos>320000</nanos>
  <sequence>116</sequence>
  <level>END</level>
  <class>com.kms.katalon.core.logging.XmlKeywordLogger</class>
  <method>endTest</method>
  <thread>1</thread>
  <message>End Test Case : Test Cases/Login</message>
  <nestedLevel>1</nestedLevel>
  <escapedJava>false</escapedJava>
</record>
<record>
  <date>2026-01-06T15:26:47.979979Z</date>
  <millis>1767713207979</millis>
  <nanos>979000</nanos>
  <sequence>117</sequence>
  <level>PASSED</level>
  <class>com.kms.katalon.core.logging.XmlKeywordLogger</class>
  <method>logMessage</method>
  <thread>1</thread>
  <message>Call Test Case &amp;apos;Test Cases/Login&amp;apos; successfully</message>
  <nestedLevel>1</nestedLevel>
  <escapedJava>false</escapedJava>
  <property name="testops-method-name">com.kms.katalon.core.keyword.builtin.CallTestCaseKeyword.callTestCase</property>
  <property name="testops-execution-stacktrace"></property>
</record>
<record>
  <date>2026-01-06T15:26:47.980767Z</date>
  <millis>1767713207980</millis>
  <nanos>767000</nanos>
  <sequence>118</sequence>
  <level>END</level>
  <class>com.kms.katalon.core.logging.XmlKeywordLogger</class>
  <method>endKeyword</method>
  <thread>1</thread>
  <message>End action : TrueTestScripts.login()</message>
  <nestedLevel>1</nestedLevel>
  <escapedJava>false</escapedJava>
</record>
<record>
  <date>2026-01-06T15:26:47.980858Z</date>
  <millis>1767713207980</millis>
  <nanos>858000</nanos>
  <sequence>119</sequence>
  <level>START</level>
  <class>com.kms.katalon.core.logging.XmlKeywordLogger</class>
  <method>startKeyword</method>
  <thread>1</thread>
  <message>Start action : enhancedClick(findTestObject(&amp;quot;AI-Generated/Katalian Banking Production/Dynamic Objects/Page_dashboard/button_applyNow&amp;quot;, [&amp;quot;button_applyNow_divInternalHasText_1&amp;quot;:button_applyNow_divInternalHasText_1]))</message>
  <nestedLevel>1</nestedLevel>
  <escapedJava>false</escapedJava>
  <property name="startLine">29</property>
  <property name="stepIndex">5</property>
  <property name="description">Step 3: Click on button applyNow (applyNow) -&gt; Navigate to page &apos;/apply/*&apos;</property>
</record>
<record>
  <date>2026-01-06T15:26:48.035640Z</date>
  <millis>1767713208035</millis>
  <nanos>640000</nanos>
  <sequence>131</sequence>
  <level>PASSED</level>
  <class>com.kms.katalon.core.logging.XmlKeywordLogger</class>
  <method>logMessage</method>
  <thread>1</thread>
  <message>Object: &amp;apos;Object Repository/AI-Generated/Katalian Banking Production/Dynamic Objects/Page_dashboard/button_applyNow&amp;apos; is clicked on</message>
  <nestedLevel>1</nestedLevel>
  <escapedJava>false</escapedJava>
  <property name="testops-method-name">com.kms.katalon.core.webui.keyword.internal.WebUIKeywordMain.runKeywordUntilTimeout</property>
  <property name="testops-execution-stacktrace">com.kms.katalon.core.logging.KeywordLogger.logPassed(KeywordLogger.java:332)
com.kms.katalon.core.logging.KeywordLogger.logPassed(KeywordLogger.java:327)
com.kms.katalon.core.webui.keyword.builtin.EnhancedClickKeyword$_click_closure1$_closure5.doCall(EnhancedClickKeyword.groovy:88)
java.base/jdk.internal.reflect.NativeMethodAccessorImpl.invoke0(Native Method)
java.base/jdk.internal.reflect.NativeMethodAccessorImpl.invoke(NativeMethodAccessorImpl.java:77)
java.base/jdk.internal.reflect.DelegatingMethodAccessorImpl.invoke(DelegatingMethodAccessorImpl.java:43)
jdk.proxy2/jdk.proxy2.$Proxy54.accept(Unknown Source)
com.kms.katalon.core.trymonad.Success.onSuccess(Try.java:263)
com.kms.katalon.core.webui.keyword.builtin.EnhancedClickKeyword$_click_closure1.doCall(EnhancedClickKeyword.groovy:71)
java.base/jdk.internal.reflect.NativeMethodAccessorImpl.invoke0(Native Method)
java.base/jdk.internal.reflect.NativeMethodAccessorImpl.invoke(NativeMethodAccessorImpl.java:77)
java.base/jdk.internal.reflect.DelegatingMethodAccessorImpl.invoke(DelegatingMethodAccessorImpl.java:43)
jdk.proxy2/jdk.proxy2.$Proxy51.execute(Unknown Source)
com.kms.katalon.core.webui.model.SeleniumActionRetryController.performAction(SeleniumActionRetryController.java:96)
com.kms.katalon.core.webui.model.SeleniumActionRetryController.performAction(SeleniumActionRetryController.java:83)
com.kms.katalon.core.webui.keyword.internal.WebUIKeywordMain$_runKeywordUntilTimeout_closure1.doCall(WebUIKeywordMain.groovy:135)
com.kms.katalon.core.webui.keyword.internal.WebUIKeywordMain$_runKeywordUntilTimeout_closure1.call(WebUIKeywordMain.groovy)
com.kms.katalon.core.webui.keyword.internal.WebUIKeywordMain.runKeyword(WebUIKeywordMain.groovy:41)
com.kms.katalon.core.webui.keyword.internal.WebUIKeywordMain.runKeywordUntilTimeout(WebUIKeywordMain.groovy:133)
com.kms.katalon.core.webui.keyword.builtin.EnhancedClickKeyword.click(EnhancedClickKeyword.groovy:95)
com.kms.katalon.core.webui.keyword.builtin.EnhancedClickKeyword.execute(EnhancedClickKeyword.groovy:41)
com.kms.katalon.core.keyword.internal.KeywordExecutor.executeKeywordForPlatform(KeywordExecutor.groovy:90)
com.kms.katalon.core.webui.keyword.WebUiBuiltInKeywords.enhancedClick(WebUiBuiltInKeywords.groovy:747)
TC7-Apply for Account After Login.run(TC7-Apply for Account After Login:29)
</property>
</record>
<record>
  <date>2026-01-06T15:26:48.036611Z</date>
  <millis>1767713208036</millis>
  <nanos>611000</nanos>
  <sequence>132</sequence>
  <level>END</level>
  <class>com.kms.katalon.core.logging.XmlKeywordLogger</class>
  <method>endKeyword</method>
  <thread>1</thread>
  <message>End action : enhancedClick(findTestObject(&amp;quot;AI-Generated/Katalian Banking Production/Dynamic Objects/Page_dashboard/button_applyNow&amp;quot;, [&amp;quot;button_applyNow_divInternalHasText_1&amp;quot;:button_applyNow_divInternalHasText_1]))</message>
  <nestedLevel>1</nestedLevel>
  <escapedJava>false</escapedJava>
</record>
<record>
  <date>2026-01-06T15:26:48.036830Z</date>
  <millis>1767713208036</millis>
  <nanos>830000</nanos>
  <sequence>133</sequence>
  <level>START</level>
  <class>com.kms.katalon.core.logging.XmlKeywordLogger</class>
  <method>startKeyword</method>
  <thread>1</thread>
  <message>Start action : enhancedClick(findTestObject(&amp;quot;AI-Generated/Katalian Banking Production/Page_apply/input_firstName&amp;quot;))</message>
  <nestedLevel>1</nestedLevel>
  <escapedJava>false</escapedJava>
  <property name="startLine">35</property>
  <property name="stepIndex">6</property>
  <property name="description">Step 4: Click on input firstName -&gt; Navigate to page &apos;&apos;</property>
</record>
<record>
  <date>2026-01-06T15:26:48.069534Z</date>
  <millis>1767713208069</millis>
  <nanos>534000</nanos>
  <sequence>145</sequence>
  <level>PASSED</level>
  <class>com.kms.katalon.core.logging.XmlKeywordLogger</class>
  <method>logMessage</method>
  <thread>1</thread>
  <message>Object: &amp;apos;Object Repository/AI-Generated/Katalian Banking Production/Page_apply/input_firstName&amp;apos; is clicked on</message>
  <nestedLevel>1</nestedLevel>
  <escapedJava>false</escapedJava>
  <property name="testops-method-name">com.kms.katalon.core.webui.keyword.internal.WebUIKeywordMain.runKeywordUntilTimeout</property>
  <property name="testops-execution-stacktrace">com.kms.katalon.core.logging.KeywordLogger.logPassed(KeywordLogger.java:332)
com.kms.katalon.core.logging.KeywordLogger.logPassed(KeywordLogger.java:327)
com.kms.katalon.core.webui.keyword.builtin.EnhancedClickKeyword$_click_closure1$_closure5.doCall(EnhancedClickKeyword.groovy:88)
java.base/jdk.internal.reflect.NativeMethodAccessorImpl.invoke0(Native Method)
java.base/jdk.internal.reflect.NativeMethodAccessorImpl.invoke(NativeMethodAccessorImpl.java:77)
java.base/jdk.internal.reflect.DelegatingMethodAccessorImpl.invoke(DelegatingMethodAccessorImpl.java:43)
jdk.proxy2/jdk.proxy2.$Proxy54.accept(Unknown Source)
com.kms.katalon.core.trymonad.Success.onSuccess(Try.java:263)
com.kms.katalon.core.webui.keyword.builtin.EnhancedClickKeyword$_click_closure1.doCall(EnhancedClickKeyword.groovy:71)
java.base/jdk.internal.reflect.NativeMethodAccessorImpl.invoke0(Native Method)
java.base/jdk.internal.reflect.NativeMethodAccessorImpl.invoke(NativeMethodAccessorImpl.java:77)
java.base/jdk.internal.reflect.DelegatingMethodAccessorImpl.invoke(DelegatingMethodAccessorImpl.java:43)
jdk.proxy2/jdk.proxy2.$Proxy51.execute(Unknown Source)
com.kms.katalon.core.webui.model.SeleniumActionRetryController.performAction(SeleniumActionRetryController.java:96)
com.kms.katalon.core.webui.model.SeleniumActionRetryController.performAction(SeleniumActionRetryController.java:83)
com.kms.katalon.core.webui.keyword.internal.WebUIKeywordMain$_runKeywordUntilTimeout_closure1.doCall(WebUIKeywordMain.groovy:135)
com.kms.katalon.core.webui.keyword.internal.WebUIKeywordMain$_runKeywordUntilTimeout_closure1.call(WebUIKeywordMain.groovy)
com.kms.katalon.core.webui.keyword.internal.WebUIKeywordMain.runKeyword(WebUIKeywordMain.groovy:41)
com.kms.katalon.core.webui.keyword.internal.WebUIKeywordMain.runKeywordUntilTimeout(WebUIKeywordMain.groovy:133)
com.kms.katalon.core.webui.keyword.builtin.EnhancedClickKeyword.click(EnhancedClickKeyword.groovy:95)
com.kms.katalon.core.webui.keyword.builtin.EnhancedClickKeyword.execute(EnhancedClickKeyword.groovy:41)
com.kms.katalon.core.keyword.internal.KeywordExecutor.executeKeywordForPlatform(KeywordExecutor.groovy:90)
com.kms.katalon.core.webui.keyword.WebUiBuiltInKeywords.enhancedClick(WebUiBuiltInKeywords.groovy:747)
TC7-Apply for Account After Login.run(TC7-Apply for Account After Login:35)
</property>
</record>
<record>
  <date>2026-01-06T15:26:48.070876Z</date>
  <millis>1767713208070</millis>
  <nanos>876000</nanos>
  <sequence>146</sequence>
  <level>END</level>
  <class>com.kms.katalon.core.logging.XmlKeywordLogger</class>
  <method>endKeyword</method>
  <thread>1</thread>
  <message>End action : enhancedClick(findTestObject(&amp;quot;AI-Generated/Katalian Banking Production/Page_apply/input_firstName&amp;quot;))</message>
  <nestedLevel>1</nestedLevel>
  <escapedJava>false</escapedJava>
</record>
<record>
  <date>2026-01-06T15:26:48.071031Z</date>
  <millis>1767713208071</millis>
  <nanos>31000</nanos>
  <sequence>147</sequence>
  <level>START</level>
  <class>com.kms.katalon.core.logging.XmlKeywordLogger</class>
  <method>startKeyword</method>
  <thread>1</thread>
  <message>Start action : takeFullPageScreenshotAsCheckpoint(&amp;quot;TC7-Apply for Account After Login_visual_checkpoint&amp;quot;)</message>
  <nestedLevel>1</nestedLevel>
  <escapedJava>false</escapedJava>
  <property name="startLine">41</property>
  <property name="stepIndex">7</property>
  <property name="description">Step 5: Take full page screenshot as checkpoint</property>
</record>
<record>
  <date>2026-01-06T15:26:48.293312Z</date>
  <millis>1767713208293</millis>
  <nanos>312000</nanos>
  <sequence>149</sequence>
  <level>INFO</level>
  <class>com.kms.katalon.core.logging.XmlKeywordLogger</class>
  <method>logMessage</method>
  <thread>1</thread>
  <message>0 hidden object(s)</message>
  <nestedLevel>1</nestedLevel>
  <escapedJava>false</escapedJava>
</record>
<record>
  <date>2026-01-06T15:26:48.393200Z</date>
  <millis>1767713208393</millis>
  <nanos>200000</nanos>
  <sequence>150</sequence>
  <level>PASSED</level>
  <class>com.kms.katalon.core.logging.XmlKeywordLogger</class>
  <method>logMessage</method>
  <thread>1</thread>
  <message>Taking screenshot successfully</message>
  <nestedLevel>1</nestedLevel>
  <escapedJava>false</escapedJava>
  <property name="attachment">keyes/keyes-TC7-Apply for Account After Login_visual_checkpoint.png</property>
  <property name="testops-method-name">com.kms.katalon.core.webui.keyword.builtin.TakeFullPageScreenshotKeyword.takeScreenshot</property>
  <property name="testops-execution-stacktrace"></property>
</record>
<record>
  <date>2026-01-06T15:26:48.393399Z</date>
  <millis>1767713208393</millis>
  <nanos>399000</nanos>
  <sequence>151</sequence>
  <level>END</level>
  <class>com.kms.katalon.core.logging.XmlKeywordLogger</class>
  <method>endKeyword</method>
  <thread>1</thread>
  <message>End action : takeFullPageScreenshotAsCheckpoint(&amp;quot;TC7-Apply for Account After Login_visual_checkpoint&amp;quot;)</message>
  <nestedLevel>1</nestedLevel>
  <escapedJava>false</escapedJava>
</record>
<record>
  <date>2026-01-06T15:26:48.393499Z</date>
  <millis>1767713208393</millis>
  <nanos>499000</nanos>
  <sequence>153</sequence>
  <level>START</level>
  <class>com.kms.katalon.core.logging.XmlKeywordLogger</class>
  <method>startKeyword</method>
  <thread>1</thread>
  <message>Start tear down : teardown</message>
  <nestedLevel>1</nestedLevel>
  <escapedJava>false</escapedJava>
  <property name="stepIndex">1</property>
  <property name="isIgnoredIfFailed">true</property>
</record>
<record>
  <date>2026-01-06T15:26:48.394365Z</date>
  <millis>1767713208394</millis>
  <nanos>365000</nanos>
  <sequence>154</sequence>
  <level>START</level>
  <class>com.kms.katalon.core.logging.XmlKeywordLogger</class>
  <method>startKeyword</method>
  <thread>1</thread>
  <message>Start action : closeBrowser()</message>
  <nestedLevel>1</nestedLevel>
  <escapedJava>false</escapedJava>
  <property name="startLine">47</property>
  <property name="stepIndex">1</property>
</record>
<record>
  <date>2026-01-06T15:26:48.485136Z</date>
  <millis>1767713208485</millis>
  <nanos>136000</nanos>
  <sequence>157</sequence>
  <level>PASSED</level>
  <class>com.kms.katalon.core.logging.XmlKeywordLogger</class>
  <method>logMessage</method>
  <thread>1</thread>
  <message>Browser is closed</message>
  <nestedLevel>1</nestedLevel>
  <escapedJava>false</escapedJava>
</record>
<record>
  <date>2026-01-06T15:26:48.485292Z</date>
  <millis>1767713208485</millis>
  <nanos>292000</nanos>
  <sequence>158</sequence>
  <level>END</level>
  <class>com.kms.katalon.core.logging.XmlKeywordLogger</class>
  <method>endKeyword</method>
  <thread>1</thread>
  <message>End action : closeBrowser()</message>
  <nestedLevel>1</nestedLevel>
  <escapedJava>false</escapedJava>
</record>
<record>
  <date>2026-01-06T15:26:48.485396Z</date>
  <millis>1767713208485</millis>
  <nanos>396000</nanos>
  <sequence>159</sequence>
  <level>PASSED</level>
  <class>com.kms.katalon.core.logging.XmlKeywordLogger</class>
  <method>logMessage</method>
  <thread>1</thread>
  <message>Method &amp;apos;teardown&amp;apos; complete successfully</message>
  <nestedLevel>1</nestedLevel>
  <escapedJava>false</escapedJava>
</record>
<record>
  <date>2026-01-06T15:26:48.485463Z</date>
  <millis>1767713208485</millis>
  <nanos>463000</nanos>
  <sequence>160</sequence>
  <level>END</level>
  <class>com.kms.katalon.core.logging.XmlKeywordLogger</class>
  <method>endKeyword</method>
  <thread>1</thread>
  <message>End tear down : teardown</message>
  <nestedLevel>1</nestedLevel>
  <escapedJava>false</escapedJava>
</record>
<record>
  <date>2026-01-06T15:26:48.485524Z</date>
  <millis>1767713208485</millis>
  <nanos>524000</nanos>
  <sequence>161</sequence>
  <level>PASSED</level>
  <class>com.kms.katalon.core.logging.XmlKeywordLogger</class>
  <method>logMessage</method>
  <thread>1</thread>
  <message>Test Cases/AI-Generated/Katalian Banking Production/TC7-Apply for Account After Login</message>
  <nestedLevel>1</nestedLevel>
  <escapedJava>false</escapedJava>
</record>
<record>
  <date>2026-01-06T15:26:48.485606Z</date>
  <millis>1767713208485</millis>
  <nanos>606000</nanos>
  <sequence>162</sequence>
  <level>START</level>
  <class>com.kms.katalon.core.logging.XmlKeywordLogger</class>
  <method>startKeyword</method>
  <thread>1</thread>
  <message>Start listener action : autoUpdateJobStatus</message>
  <nestedLevel>1</nestedLevel>
  <escapedJava>false</escapedJava>
</record>
<record>
  <date>2026-01-06T15:26:48.485860Z</date>
  <millis>1767713208485</millis>
  <nanos>860000</nanos>
  <sequence>164</sequence>
  <level>INFO</level>
  <class>com.kms.katalon.core.logging.XmlKeywordLogger</class>
  <method>logMessage</method>
  <thread>1</thread>
  <message>[SAUCELABS] Current run configuration: Chrome</message>
  <nestedLevel>1</nestedLevel>
  <escapedJava>false</escapedJava>
</record>
<record>
  <date>2026-01-06T15:26:48.485987Z</date>
  <millis>1767713208485</millis>
  <nanos>987000</nanos>
  <sequence>166</sequence>
  <level>END</level>
  <class>com.kms.katalon.core.logging.XmlKeywordLogger</class>
  <method>endKeyword</method>
  <thread>1</thread>
  <message>End listener action : autoUpdateJobStatus</message>
  <nestedLevel>1</nestedLevel>
  <escapedJava>false</escapedJava>
</record>
<record>
  <date>2026-01-06T15:26:48.486598Z</date>
  <millis>1767713208486</millis>
  <nanos>598000</nanos>
  <sequence>167</sequence>
  <level>END</level>
  <class>com.kms.katalon.core.logging.XmlKeywordLogger</class>
  <method>endTest</method>
  <thread>1</thread>
  <message>End Test Case : Test Cases/AI-Generated/Katalian Banking Production/TC7-Apply for Account After Login</message>
  <nestedLevel>0</nestedLevel>
  <escapedJava>false</escapedJava>
  <property name="executionBindingVariables">[
  {
    &quot;value&quot;: &quot;Apply for a Platinum Credit CardApply Now&quot;,
    &quot;isDefault&quot;: true,
    &quot;name&quot;: &quot;button_applyNow_divInternalHasText_1&quot;,
    &quot;masked&quot;: false
  }
]</property>
  <property name="applitools">false</property>
  <property name="remainingRetryCount">3</property>
  <property name="executedKeywords">{
  &quot;WebUI.navigateToUrl&quot;: 1,
  &quot;BuiltIn.callTestCase&quot;: 1,
  &quot;WebUI.openBrowser&quot;: 1,
  &quot;BuiltIn.delay&quot;: 1,
  &quot;WebUI.verifyElementPresent&quot;: 1,
  &quot;WebUI.closeBrowser&quot;: 1,
  &quot;WebUI.setEncryptedText&quot;: 1,
  &quot;WebUI.click&quot;: 1,
  &quot;WebUI.setViewPortSize&quot;: 1,
  &quot;WebUI.enhancedClick&quot;: 2,
  &quot;WebUI.takeFullPageScreenshot&quot;: 1,
  &quot;WebUI.setText&quot;: 1
}</property>
  <property name="currentRetryCount">0</property>
  <property name="keywordsUsage">{
  &quot;web_ui&quot;: true,
  &quot;web_service&quot;: false,
  &quot;cucumber&quot;: false,
  &quot;builtin&quot;: true,
  &quot;mobile&quot;: false,
  &quot;windows&quot;: false,
  &quot;testng&quot;: false
}</property>
</record>
<record>
  <date>2026-01-06T15:26:48.489441Z</date>
  <millis>1767713208489</millis>
  <nanos>441000</nanos>
  <sequence>168</sequence>
  <level>START</level>
  <class>com.kms.katalon.core.logging.XmlKeywordLogger</class>
  <method>startTest</method>
  <thread>1</thread>
  <message>Start Test Case : Test Cases/AI-Generated/Katalian Banking Production/TC3-Transfer Balance Between Accounts and Logout</message>
  <nestedLevel>1</nestedLevel>
  <escapedJava>false</escapedJava>
  <property name="remainingRetryCount">3</property>
  <property name="origin">TRUETEST</property>
  <property name="name">Test Cases/AI-Generated/Katalian Banking Production/TC3-Transfer Balance Between Accounts and Logout</property>
  <property name="description">Login, transfer balance between accounts, confirm the transfer, logout, and verify the home page.</property>
  <property name="iteration"></property>
  <property name="id">Test Cases/AI-Generated/Katalian Banking Production/TC3-Transfer Balance Between Accounts and Logout</property>
  <property name="source">\Users\gia\Downloads\Katalian_Banking_2.0-main\Test Cases\AI-Generated\Katalian Banking Production\TC3-Transfer Balance Between Accounts and Logout.tc</property>
  <property name="tag"></property>
  <property name="isOptional">false</property>
  <property name="currentRetryCount">0</property>
</record>
<record>
  <date>2026-01-06T15:26:48.502749Z</date>
  <millis>1767713208502</millis>
  <nanos>749000</nanos>
  <sequence>170</sequence>
  <level>INFO</level>
  <class>com.kms.katalon.core.logging.XmlKeywordLogger</class>
  <method>logMessage</method>
  <thread>1</thread>
  <message>(Default) input_amount = 500000</message>
  <nestedLevel>1</nestedLevel>
  <escapedJava>false</escapedJava>
</record>
<record>
  <date>2026-01-06T15:26:48.506071Z</date>
  <millis>1767713208506</millis>
  <nanos>71000</nanos>
  <sequence>171</sequence>
  <level>INFO</level>
  <class>com.kms.katalon.core.logging.XmlKeywordLogger</class>
  <method>logMessage</method>
  <thread>1</thread>
  <message>(Default) select_fromAccount = Checking (...7890) - Balance: $5345.54</message>
  <nestedLevel>1</nestedLevel>
  <escapedJava>false</escapedJava>
</record>
<record>
  <date>2026-01-06T15:26:48.506290Z</date>
  <millis>1767713208506</millis>
  <nanos>290000</nanos>
  <sequence>172</sequence>
  <level>START</level>
  <class>com.kms.katalon.core.logging.XmlKeywordLogger</class>
  <method>startKeyword</method>
  <thread>1</thread>
  <message>Start listener action : enableSauceLabs</message>
  <nestedLevel>1</nestedLevel>
  <escapedJava>false</escapedJava>
</record>
<record>
  <date>2026-01-06T15:26:48.506465Z</date>
  <millis>1767713208506</millis>
  <nanos>465000</nanos>
  <sequence>174</sequence>
  <level>INFO</level>
  <class>com.kms.katalon.core.logging.XmlKeywordLogger</class>
  <method>logMessage</method>
  <thread>1</thread>
  <message>[SAUCELABS] Current run configuration: Chrome</message>
  <nestedLevel>1</nestedLevel>
  <escapedJava>false</escapedJava>
</record>
<record>
  <date>2026-01-06T15:26:48.506578Z</date>
  <millis>1767713208506</millis>
  <nanos>578000</nanos>
  <sequence>175</sequence>
  <level>INFO</level>
  <class>com.kms.katalon.core.logging.XmlKeywordLogger</class>
  <method>logMessage</method>
  <thread>1</thread>
  <message>[SAUCELABS] Saucelabs Plugin will not attempt to auto update job status and information !</message>
  <nestedLevel>1</nestedLevel>
  <escapedJava>false</escapedJava>
</record>
<record>
  <date>2026-01-06T15:26:48.506647Z</date>
  <millis>1767713208506</millis>
  <nanos>647000</nanos>
  <sequence>177</sequence>
  <level>END</level>
  <class>com.kms.katalon.core.logging.XmlKeywordLogger</class>
  <method>endKeyword</method>
  <thread>1</thread>
  <message>End listener action : enableSauceLabs</message>
  <nestedLevel>1</nestedLevel>
  <escapedJava>false</escapedJava>
</record>
<record>
  <date>2026-01-06T15:26:48.506808Z</date>
  <millis>1767713208506</millis>
  <nanos>808000</nanos>
  <sequence>179</sequence>
  <level>START</level>
  <class>com.kms.katalon.core.logging.XmlKeywordLogger</class>
  <method>startKeyword</method>
  <thread>1</thread>
  <message>Start setup action : setup</message>
  <nestedLevel>1</nestedLevel>
  <escapedJava>false</escapedJava>
  <property name="stepIndex">1</property>
</record>
<record>
  <date>2026-01-06T15:26:48.523999Z</date>
  <millis>1767713208523</millis>
  <nanos>999000</nanos>
  <sequence>180</sequence>
  <level>START</level>
  <class>com.kms.katalon.core.logging.XmlKeywordLogger</class>
  <method>startKeyword</method>
  <thread>1</thread>
  <message>Start action : openBrowser(&amp;quot;&amp;quot;)</message>
  <nestedLevel>1</nestedLevel>
  <escapedJava>false</escapedJava>
  <property name="startLine">14</property>
  <property name="stepIndex">1</property>
</record>
<record>
  <date>2026-01-06T15:26:48.525796Z</date>
  <millis>1767713208525</millis>
  <nanos>796000</nanos>
  <sequence>183</sequence>
  <level>INFO</level>
  <class>com.kms.katalon.core.logging.XmlKeywordLogger</class>
  <method>logMessage</method>
  <thread>1</thread>
  <message>Starting &amp;apos;Chrome&amp;apos; driver</message>
  <nestedLevel>1</nestedLevel>
  <escapedJava>false</escapedJava>
</record>
<record>
  <date>2026-01-06T15:26:48.526387Z</date>
  <millis>1767713208526</millis>
  <nanos>387000</nanos>
  <sequence>184</sequence>
  <level>INFO</level>
  <class>com.kms.katalon.core.logging.XmlKeywordLogger</class>
  <method>logMessage</method>
  <thread>1</thread>
  <message>Action delay is set to 0 milliseconds</message>
  <nestedLevel>1</nestedLevel>
  <escapedJava>false</escapedJava>
</record>
<record>
  <date>2026-01-06T15:26:49.569841Z</date>
  <millis>1767713209569</millis>
  <nanos>841000</nanos>
  <sequence>187</sequence>
  <level>RUN_DATA</level>
  <class>com.kms.katalon.core.logging.XmlKeywordLogger</class>
  <method>logMessage</method>
  <thread>1</thread>
  <message>sessionId = db2c92bcb95e44cea496e6180ede23f7</message>
  <nestedLevel>1</nestedLevel>
  <escapedJava>false</escapedJava>
  <property name="sessionId">db2c92bcb95e44cea496e6180ede23f7</property>
</record>
<record>
  <date>2026-01-06T15:26:49.570063Z</date>
  <millis>1767713209570</millis>
  <nanos>63000</nanos>
  <sequence>188</sequence>
  <level>RUN_DATA</level>
  <class>com.kms.katalon.core.logging.XmlKeywordLogger</class>
  <method>logMessage</method>
  <thread>1</thread>
  <message>browser = Chrome 143.0.7499.147</message>
  <nestedLevel>1</nestedLevel>
  <escapedJava>false</escapedJava>
  <property name="browser">Chrome 143.0.7499.147</property>
</record>
<record>
  <date>2026-01-06T15:26:49.570190Z</date>
  <millis>1767713209570</millis>
  <nanos>190000</nanos>
  <sequence>189</sequence>
  <level>RUN_DATA</level>
  <class>com.kms.katalon.core.logging.XmlKeywordLogger</class>
  <method>logMessage</method>
  <thread>1</thread>
  <message>platform = Mac OS X</message>
  <nestedLevel>1</nestedLevel>
  <escapedJava>false</escapedJava>
  <property name="platform">Mac OS X</property>
</record>
<record>
  <date>2026-01-06T15:26:49.570305Z</date>
  <millis>1767713209570</millis>
  <nanos>305000</nanos>
  <sequence>190</sequence>
  <level>RUN_DATA</level>
  <class>com.kms.katalon.core.logging.XmlKeywordLogger</class>
  <method>logMessage</method>
  <thread>1</thread>
  <message>seleniumVersion = 4.34.0</message>
  <nestedLevel>1</nestedLevel>
  <escapedJava>false</escapedJava>
  <property name="seleniumVersion">4.34.0</property>
</record>
<record>
  <date>2026-01-06T15:26:49.570530Z</date>
  <millis>1767713209570</millis>
  <nanos>530000</nanos>
  <sequence>191</sequence>
  <level>RUN_DATA</level>
  <class>com.kms.katalon.core.logging.XmlKeywordLogger</class>
  <method>logMessage</method>
  <thread>1</thread>
  <message>proxyInformation = ProxyInformation { proxyOption=NO_PROXY, proxyServerType=HTTP, username=, password=********, proxyServerAddress=, proxyServerPort=0, executionList=&amp;quot;&amp;quot;, isApplyToDesiredCapabilities=true }</message>
  <nestedLevel>1</nestedLevel>
  <escapedJava>false</escapedJava>
  <property name="proxyInformation">ProxyInformation { proxyOption=NO_PROXY, proxyServerType=HTTP, username=, password=********, proxyServerAddress=, proxyServerPort=0, executionList=&quot;&quot;, isApplyToDesiredCapabilities=true }</property>
</record>
<record>
  <date>2026-01-06T15:26:49.578452Z</date>
  <millis>1767713209578</millis>
  <nanos>452000</nanos>
  <sequence>192</sequence>
  <level>PASSED</level>
  <class>com.kms.katalon.core.logging.XmlKeywordLogger</class>
  <method>logMessage</method>
  <thread>1</thread>
  <message>Browser is opened with url: &amp;apos;&amp;apos;</message>
  <nestedLevel>1</nestedLevel>
  <escapedJava>false</escapedJava>
  <property name="testops-method-name">com.kms.katalon.core.webui.keyword.builtin.OpenBrowserKeyword.openBrowser</property>
  <property name="testops-execution-stacktrace"></property>
</record>
<record>
  <date>2026-01-06T15:26:49.579096Z</date>
  <millis>1767713209579</millis>
  <nanos>96000</nanos>
  <sequence>193</sequence>
  <level>END</level>
  <class>com.kms.katalon.core.logging.XmlKeywordLogger</class>
  <method>endKeyword</method>
  <thread>1</thread>
  <message>End action : openBrowser(&amp;quot;&amp;quot;)</message>
  <nestedLevel>1</nestedLevel>
  <escapedJava>false</escapedJava>
</record>
<record>
  <date>2026-01-06T15:26:49.579188Z</date>
  <millis>1767713209579</millis>
  <nanos>188000</nanos>
  <sequence>194</sequence>
  <level>START</level>
  <class>com.kms.katalon.core.logging.XmlKeywordLogger</class>
  <method>startKeyword</method>
  <thread>1</thread>
  <message>Start action : setViewPortSize(1512, 823)</message>
  <nestedLevel>1</nestedLevel>
  <escapedJava>false</escapedJava>
  <property name="startLine">15</property>
  <property name="stepIndex">2</property>
</record>
<record>
  <date>2026-01-06T15:26:49.931606Z</date>
  <millis>1767713209931</millis>
  <nanos>606000</nanos>
  <sequence>198</sequence>
  <level>INFO</level>
  <class>com.kms.katalon.core.logging.XmlKeywordLogger</class>
  <method>logMessage</method>
  <thread>1</thread>
  <message>Viewport size mismatch (1,512x746). Trying to set it again.</message>
  <nestedLevel>1</nestedLevel>
  <escapedJava>false</escapedJava>
</record>
<record>
  <date>2026-01-06T15:26:50.919854Z</date>
  <millis>1767713210919</millis>
  <nanos>854000</nanos>
  <sequence>199</sequence>
  <level>WARNING</level>
  <class>com.kms.katalon.core.logging.XmlKeywordLogger</class>
  <method>logMessage</method>
  <thread>1</thread>
  <message>Viewport size mismatch (1512x1512).</message>
  <nestedLevel>1</nestedLevel>
  <escapedJava>false</escapedJava>
</record>
<record>
  <date>2026-01-06T15:26:50.920051Z</date>
  <millis>1767713210920</millis>
  <nanos>51000</nanos>
  <sequence>200</sequence>
  <level>END</level>
  <class>com.kms.katalon.core.logging.XmlKeywordLogger</class>
  <method>endKeyword</method>
  <thread>1</thread>
  <message>End action : setViewPortSize(1512, 823)</message>
  <nestedLevel>1</nestedLevel>
  <escapedJava>false</escapedJava>
</record>
<record>
  <date>2026-01-06T15:26:50.920469Z</date>
  <millis>1767713210920</millis>
  <nanos>469000</nanos>
  <sequence>202</sequence>
  <level>PASSED</level>
  <class>com.kms.katalon.core.logging.XmlKeywordLogger</class>
  <method>logMessage</method>
  <thread>1</thread>
  <message>Method &amp;apos;setup&amp;apos; complete successfully</message>
  <nestedLevel>1</nestedLevel>
  <escapedJava>false</escapedJava>
  <property name="testops-execution-stacktrace">com.kms.katalon.core.logging.KeywordLogger.logPassed(KeywordLogger.java:332)
com.kms.katalon.core.logging.KeywordLogger.logPassed(KeywordLogger.java:346)
com.kms.katalon.core.main.TestCaseExecutor.runMethod(TestCaseExecutor.java:639)
com.kms.katalon.core.main.TestCaseExecutor.internallyRunMethods(TestCaseExecutor.java:622)
com.kms.katalon.core.main.TestCaseExecutor.processSetupPhase(TestCaseExecutor.java:234)
com.kms.katalon.core.main.TestCaseExecutor.accessMainPhase(TestCaseExecutor.java:448)
com.kms.katalon.core.main.TestCaseExecutor.execute(TestCaseExecutor.java:322)
com.kms.katalon.core.common.CommonExecutor.accessTestCaseMainPhase(CommonExecutor.java:71)
com.kms.katalon.core.main.TestSuiteExecutor.accessTestSuiteMainPhase(TestSuiteExecutor.java:153)
com.kms.katalon.core.main.TestSuiteExecutor.execute(TestSuiteExecutor.java:110)
com.kms.katalon.core.main.TestCaseMain.startTestSuite(TestCaseMain.java:205)
TempTestSuite1767713198027.run(TempTestSuite1767713198027.groovy:35)
java.base/jdk.internal.reflect.NativeMethodAccessorImpl.invoke0(Native Method)
java.base/jdk.internal.reflect.NativeMethodAccessorImpl.invoke(NativeMethodAccessorImpl.java:77)
java.base/jdk.internal.reflect.DelegatingMethodAccessorImpl.invoke(DelegatingMethodAccessorImpl.java:43)
</property>
</record>
<record>
  <date>2026-01-06T15:26:50.920654Z</date>
  <millis>1767713210920</millis>
  <nanos>654000</nanos>
  <sequence>203</sequence>
  <level>END</level>
  <class>com.kms.katalon.core.logging.XmlKeywordLogger</class>
  <method>endKeyword</method>
  <thread>1</thread>
  <message>End setup action : setup</message>
  <nestedLevel>1</nestedLevel>
  <escapedJava>false</escapedJava>
</record>
<record>
  <date>2026-01-06T15:26:50.921578Z</date>
  <millis>1767713210921</millis>
  <nanos>578000</nanos>
  <sequence>204</sequence>
  <level>START</level>
  <class>com.kms.katalon.core.logging.XmlKeywordLogger</class>
  <method>startKeyword</method>
  <thread>1</thread>
  <message>Start action : reportLocation = getReportFolder()</message>
  <nestedLevel>1</nestedLevel>
  <escapedJava>false</escapedJava>
  <property name="startLine">8</property>
  <property name="stepIndex">1</property>
</record>
<record>
  <date>2026-01-06T15:26:50.922035Z</date>
  <millis>1767713210922</millis>
  <nanos>35000</nanos>
  <sequence>205</sequence>
  <level>END</level>
  <class>com.kms.katalon.core.logging.XmlKeywordLogger</class>
  <method>endKeyword</method>
  <thread>1</thread>
  <message>End action : reportLocation = getReportFolder()</message>
  <nestedLevel>1</nestedLevel>
  <escapedJava>false</escapedJava>
</record>
<record>
  <date>2026-01-06T15:26:50.922114Z</date>
  <millis>1767713210922</millis>
  <nanos>114000</nanos>
  <sequence>206</sequence>
  <level>START</level>
  <class>com.kms.katalon.core.logging.XmlKeywordLogger</class>
  <method>startKeyword</method>
  <thread>1</thread>
  <message>Start action : &amp;quot;Initialize test session: Open browser and set view port&amp;quot;</message>
  <nestedLevel>1</nestedLevel>
  <escapedJava>false</escapedJava>
  <property name="startLine">10</property>
  <property name="stepIndex">2</property>
</record>
<record>
  <date>2026-01-06T15:26:50.922525Z</date>
  <millis>1767713210922</millis>
  <nanos>525000</nanos>
  <sequence>207</sequence>
  <level>END</level>
  <class>com.kms.katalon.core.logging.XmlKeywordLogger</class>
  <method>endKeyword</method>
  <thread>1</thread>
  <message>End action : &amp;quot;Initialize test session: Open browser and set view port&amp;quot;</message>
  <nestedLevel>1</nestedLevel>
  <escapedJava>false</escapedJava>
</record>
<record>
  <date>2026-01-06T15:26:50.922609Z</date>
  <millis>1767713210922</millis>
  <nanos>609000</nanos>
  <sequence>208</sequence>
  <level>START</level>
  <class>com.kms.katalon.core.logging.XmlKeywordLogger</class>
  <method>startKeyword</method>
  <thread>1</thread>
  <message>Start action : TrueTestScripts.navigate(&amp;quot;&amp;quot;)</message>
  <nestedLevel>1</nestedLevel>
  <escapedJava>false</escapedJava>
  <property name="startLine">21</property>
  <property name="stepIndex">3</property>
  <property name="description">Step 1: Navigate to /login</property>
</record>
<record>
  <date>2026-01-06T15:26:51.291835Z</date>
  <millis>1767713211291</millis>
  <nanos>835000</nanos>
  <sequence>212</sequence>
  <level>PASSED</level>
  <class>com.kms.katalon.core.logging.XmlKeywordLogger</class>
  <method>logMessage</method>
  <thread>1</thread>
  <message>Navigate to &amp;apos;https://katalian-banking.vercel.app/&amp;apos; successfully</message>
  <nestedLevel>1</nestedLevel>
  <escapedJava>false</escapedJava>
  <property name="testops-method-name">com.kms.katalon.core.webui.keyword.builtin.NavigateToUrlKeyword.navigateToUrl</property>
  <property name="testops-execution-stacktrace"></property>
</record>
<record>
  <date>2026-01-06T15:26:54.299972Z</date>
  <millis>1767713214299</millis>
  <nanos>972000</nanos>
  <sequence>215</sequence>
  <level>PASSED</level>
  <class>com.kms.katalon.core.logging.XmlKeywordLogger</class>
  <method>logMessage</method>
  <thread>1</thread>
  <message>Delayed 3 second(s)</message>
  <nestedLevel>1</nestedLevel>
  <escapedJava>false</escapedJava>
  <property name="testops-method-name">com.kms.katalon.core.keyword.builtin.DelayKeyword.delay</property>
  <property name="testops-execution-stacktrace"></property>
</record>
<record>
  <date>2026-01-06T15:26:54.300814Z</date>
  <millis>1767713214300</millis>
  <nanos>814000</nanos>
  <sequence>216</sequence>
  <level>END</level>
  <class>com.kms.katalon.core.logging.XmlKeywordLogger</class>
  <method>endKeyword</method>
  <thread>1</thread>
  <message>End action : TrueTestScripts.navigate(&amp;quot;&amp;quot;)</message>
  <nestedLevel>1</nestedLevel>
  <escapedJava>false</escapedJava>
</record>
<record>
  <date>2026-01-06T15:26:54.300901Z</date>
  <millis>1767713214300</millis>
  <nanos>901000</nanos>
  <sequence>217</sequence>
  <level>START</level>
  <class>com.kms.katalon.core.logging.XmlKeywordLogger</class>
  <method>startKeyword</method>
  <thread>1</thread>
  <message>Start action : TrueTestScripts.login()</message>
  <nestedLevel>1</nestedLevel>
  <escapedJava>false</escapedJava>
  <property name="startLine">25</property>
  <property name="stepIndex">4</property>
  <property name="description">Step 2: Login into Application</property>
</record>
<record>
  <date>2026-01-06T15:26:54.358987Z</date>
  <millis>1767713214358</millis>
  <nanos>987000</nanos>
  <sequence>221</sequence>
  <level>START</level>
  <class>com.kms.katalon.core.logging.XmlKeywordLogger</class>
  <method>startTest</method>
  <thread>1</thread>
  <message>Start Test Case : Test Cases/Login</message>
  <nestedLevel>2</nestedLevel>
  <escapedJava>false</escapedJava>
  <property name="origin"></property>
  <property name="name">Test Cases/Login</property>
  <property name="description"></property>
  <property name="iteration"></property>
  <property name="id">Test Cases/Login</property>
  <property name="source">\Users\gia\Downloads\Katalian_Banking_2.0-main\Test Cases\Login.tc</property>
  <property name="tag"></property>
  <property name="isOptional">false</property>
</record>
<record>
  <date>2026-01-06T15:26:54.364083Z</date>
  <millis>1767713214364</millis>
  <nanos>83000</nanos>
  <sequence>223</sequence>
  <level>START</level>
  <class>com.kms.katalon.core.logging.XmlKeywordLogger</class>
  <method>startKeyword</method>
  <thread>1</thread>
  <message>Start action : setText(findTestObject(&amp;quot;Object Repository/Page_Katalian Bank/input_Username_username&amp;quot;), &amp;quot;bankinguser123&amp;quot;)</message>
  <nestedLevel>1</nestedLevel>
  <escapedJava>false</escapedJava>
  <property name="startLine">20</property>
  <property name="stepIndex">1</property>
</record>
<record>
  <date>2026-01-06T15:26:54.907371Z</date>
  <millis>1767713214907</millis>
  <nanos>371000</nanos>
  <sequence>237</sequence>
  <level>PASSED</level>
  <class>com.kms.katalon.core.logging.XmlKeywordLogger</class>
  <method>logMessage</method>
  <thread>1</thread>
  <message>Text &amp;apos;bankinguser123&amp;apos; is set on object &amp;apos;Object Repository/Page_Katalian Bank/input_Username_username&amp;apos;</message>
  <nestedLevel>2</nestedLevel>
  <escapedJava>false</escapedJava>
  <property name="testops-method-name">com.kms.katalon.core.webui.keyword.internal.WebUIKeywordMain.runKeywordUntilTimeout</property>
  <property name="testops-execution-stacktrace">com.kms.katalon.core.logging.KeywordLogger.logPassed(KeywordLogger.java:332)
com.kms.katalon.core.logging.KeywordLogger.logPassed(KeywordLogger.java:327)
com.kms.katalon.core.webui.keyword.builtin.SetTextKeyword$_setText_closure1.doCall(SetTextKeyword.groovy:99)
java.base/jdk.internal.reflect.NativeMethodAccessorImpl.invoke0(Native Method)
java.base/jdk.internal.reflect.NativeMethodAccessorImpl.invoke(NativeMethodAccessorImpl.java:77)
java.base/jdk.internal.reflect.DelegatingMethodAccessorImpl.invoke(DelegatingMethodAccessorImpl.java:43)
jdk.proxy2/jdk.proxy2.$Proxy51.execute(Unknown Source)
com.kms.katalon.core.webui.model.SeleniumActionRetryController.performAction(SeleniumActionRetryController.java:96)
com.kms.katalon.core.webui.model.SeleniumActionRetryController.performAction(SeleniumActionRetryController.java:83)
com.kms.katalon.core.webui.keyword.internal.WebUIKeywordMain$_runKeywordUntilTimeout_closure1.doCall(WebUIKeywordMain.groovy:135)
com.kms.katalon.core.webui.keyword.internal.WebUIKeywordMain$_runKeywordUntilTimeout_closure1.call(WebUIKeywordMain.groovy)
com.kms.katalon.core.webui.keyword.internal.WebUIKeywordMain.runKeyword(WebUIKeywordMain.groovy:41)
com.kms.katalon.core.webui.keyword.internal.WebUIKeywordMain.runKeywordUntilTimeout(WebUIKeywordMain.groovy:133)
com.kms.katalon.core.webui.keyword.builtin.SetTextKeyword.setText(SetTextKeyword.groovy:106)
com.kms.katalon.core.webui.keyword.builtin.SetTextKeyword.execute(SetTextKeyword.groovy:49)
com.kms.katalon.core.keyword.internal.KeywordExecutor.executeKeywordForPlatform(KeywordExecutor.groovy:90)
com.kms.katalon.core.webui.keyword.WebUiBuiltInKeywords.setText(WebUiBuiltInKeywords.groovy:1081)
Login.run(Login:20)
</property>
</record>
<record>
  <date>2026-01-06T15:26:54.907789Z</date>
  <millis>1767713214907</millis>
  <nanos>789000</nanos>
  <sequence>238</sequence>
  <level>END</level>
  <class>com.kms.katalon.core.logging.XmlKeywordLogger</class>
  <method>endKeyword</method>
  <thread>1</thread>
  <message>End action : setText(findTestObject(&amp;quot;Object Repository/Page_Katalian Bank/input_Username_username&amp;quot;), &amp;quot;bankinguser123&amp;quot;)</message>
  <nestedLevel>1</nestedLevel>
  <escapedJava>false</escapedJava>
</record>
<record>
  <date>2026-01-06T15:26:54.907916Z</date>
  <millis>1767713214907</millis>
  <nanos>916000</nanos>
  <sequence>239</sequence>
  <level>START</level>
  <class>com.kms.katalon.core.logging.XmlKeywordLogger</class>
  <method>startKeyword</method>
  <thread>1</thread>
  <message>Start action : setEncryptedText(findTestObject(&amp;quot;Object Repository/Page_Katalian Bank/input_Password_password&amp;quot;), &amp;quot;CS9RmWxFPRFoMJc95WUBEN4WG8mxfTJo&amp;quot;)</message>
  <nestedLevel>1</nestedLevel>
  <escapedJava>false</escapedJava>
  <property name="startLine">22</property>
  <property name="stepIndex">2</property>
</record>
<record>
  <date>2026-01-06T15:26:55.162670Z</date>
  <millis>1767713215162</millis>
  <nanos>670000</nanos>
  <sequence>252</sequence>
  <level>PASSED</level>
  <class>com.kms.katalon.core.logging.XmlKeywordLogger</class>
  <method>logMessage</method>
  <thread>1</thread>
  <message>Text ****** has been set on object &amp;apos;Object Repository/Page_Katalian Bank/input_Password_password&amp;apos;</message>
  <nestedLevel>2</nestedLevel>
  <escapedJava>false</escapedJava>
  <property name="testops-method-name">com.kms.katalon.core.webui.keyword.internal.WebUIKeywordMain.runKeywordUntilTimeout</property>
  <property name="testops-execution-stacktrace">com.kms.katalon.core.logging.KeywordLogger.logPassed(KeywordLogger.java:332)
com.kms.katalon.core.logging.KeywordLogger.logPassed(KeywordLogger.java:327)
com.kms.katalon.core.webui.keyword.builtin.SetEncryptedTextKeyword$_setEncryptedText_closure1.doCall(SetEncryptedTextKeyword.groovy:82)
java.base/jdk.internal.reflect.NativeMethodAccessorImpl.invoke0(Native Method)
java.base/jdk.internal.reflect.NativeMethodAccessorImpl.invoke(NativeMethodAccessorImpl.java:77)
java.base/jdk.internal.reflect.DelegatingMethodAccessorImpl.invoke(DelegatingMethodAccessorImpl.java:43)
jdk.proxy2/jdk.proxy2.$Proxy51.execute(Unknown Source)
com.kms.katalon.core.webui.model.SeleniumActionRetryController.performAction(SeleniumActionRetryController.java:96)
com.kms.katalon.core.webui.model.SeleniumActionRetryController.performAction(SeleniumActionRetryController.java:83)
com.kms.katalon.core.webui.keyword.internal.WebUIKeywordMain$_runKeywordUntilTimeout_closure1.doCall(WebUIKeywordMain.groovy:135)
com.kms.katalon.core.webui.keyword.internal.WebUIKeywordMain$_runKeywordUntilTimeout_closure1.call(WebUIKeywordMain.groovy)
com.kms.katalon.core.webui.keyword.internal.WebUIKeywordMain.runKeyword(WebUIKeywordMain.groovy:41)
com.kms.katalon.core.webui.keyword.internal.WebUIKeywordMain.runKeywordUntilTimeout(WebUIKeywordMain.groovy:133)
com.kms.katalon.core.webui.keyword.builtin.SetEncryptedTextKeyword.setEncryptedText(SetEncryptedTextKeyword.groovy:88)
com.kms.katalon.core.webui.keyword.builtin.SetEncryptedTextKeyword.execute(SetEncryptedTextKeyword.groovy:48)
com.kms.katalon.core.keyword.internal.KeywordExecutor.executeKeywordForPlatform(KeywordExecutor.groovy:90)
com.kms.katalon.core.webui.keyword.WebUiBuiltInKeywords.setEncryptedText(WebUiBuiltInKeywords.groovy:1112)
Login.run(Login:22)
</property>
</record>
<record>
  <date>2026-01-06T15:26:55.163112Z</date>
  <millis>1767713215163</millis>
  <nanos>112000</nanos>
  <sequence>253</sequence>
  <level>END</level>
  <class>com.kms.katalon.core.logging.XmlKeywordLogger</class>
  <method>endKeyword</method>
  <thread>1</thread>
  <message>End action : setEncryptedText(findTestObject(&amp;quot;Object Repository/Page_Katalian Bank/input_Password_password&amp;quot;), &amp;quot;CS9RmWxFPRFoMJc95WUBEN4WG8mxfTJo&amp;quot;)</message>
  <nestedLevel>1</nestedLevel>
  <escapedJava>false</escapedJava>
</record>
<record>
  <date>2026-01-06T15:26:55.163242Z</date>
  <millis>1767713215163</millis>
  <nanos>242000</nanos>
  <sequence>254</sequence>
  <level>START</level>
  <class>com.kms.katalon.core.logging.XmlKeywordLogger</class>
  <method>startKeyword</method>
  <thread>1</thread>
  <message>Start action : click(findTestObject(&amp;quot;Object Repository/Page_Katalian Bank/button_Sign in&amp;quot;))</message>
  <nestedLevel>1</nestedLevel>
  <escapedJava>false</escapedJava>
  <property name="startLine">24</property>
  <property name="stepIndex">3</property>
</record>
<record>
  <date>2026-01-06T15:26:55.424306Z</date>
  <millis>1767713215424</millis>
  <nanos>306000</nanos>
  <sequence>265</sequence>
  <level>PASSED</level>
  <class>com.kms.katalon.core.logging.XmlKeywordLogger</class>
  <method>logMessage</method>
  <thread>1</thread>
  <message>Object: &amp;apos;Object Repository/Page_Katalian Bank/button_Sign in&amp;apos; is clicked on</message>
  <nestedLevel>2</nestedLevel>
  <escapedJava>false</escapedJava>
  <property name="testops-method-name">com.kms.katalon.core.webui.keyword.internal.WebUIKeywordMain.runKeywordUntilTimeout</property>
  <property name="testops-execution-stacktrace">com.kms.katalon.core.logging.KeywordLogger.logPassed(KeywordLogger.java:332)
com.kms.katalon.core.logging.KeywordLogger.logPassed(KeywordLogger.java:327)
com.kms.katalon.core.webui.keyword.builtin.ClickKeyword$_click_closure1.doCall(ClickKeyword.groovy:66)
java.base/jdk.internal.reflect.NativeMethodAccessorImpl.invoke0(Native Method)
java.base/jdk.internal.reflect.NativeMethodAccessorImpl.invoke(NativeMethodAccessorImpl.java:77)
java.base/jdk.internal.reflect.DelegatingMethodAccessorImpl.invoke(DelegatingMethodAccessorImpl.java:43)
jdk.proxy2/jdk.proxy2.$Proxy51.execute(Unknown Source)
com.kms.katalon.core.webui.model.SeleniumActionRetryController.performAction(SeleniumActionRetryController.java:96)
com.kms.katalon.core.webui.model.SeleniumActionRetryController.performAction(SeleniumActionRetryController.java:83)
com.kms.katalon.core.webui.keyword.internal.WebUIKeywordMain$_runKeywordUntilTimeout_closure1.doCall(WebUIKeywordMain.groovy:135)
com.kms.katalon.core.webui.keyword.internal.WebUIKeywordMain$_runKeywordUntilTimeout_closure1.call(WebUIKeywordMain.groovy)
com.kms.katalon.core.webui.keyword.internal.WebUIKeywordMain.runKeyword(WebUIKeywordMain.groovy:41)
com.kms.katalon.core.webui.keyword.internal.WebUIKeywordMain.runKeywordUntilTimeout(WebUIKeywordMain.groovy:133)
com.kms.katalon.core.webui.keyword.builtin.ClickKeyword.click(ClickKeyword.groovy:72)
com.kms.katalon.core.webui.keyword.builtin.ClickKeyword.execute(ClickKeyword.groovy:38)
com.kms.katalon.core.keyword.internal.KeywordExecutor.executeKeywordForPlatform(KeywordExecutor.groovy:90)
com.kms.katalon.core.webui.keyword.WebUiBuiltInKeywords.click(WebUiBuiltInKeywords.groovy:721)
Login.run(Login:24)
</property>
</record>
<record>
  <date>2026-01-06T15:26:55.425190Z</date>
  <millis>1767713215425</millis>
  <nanos>190000</nanos>
  <sequence>266</sequence>
  <level>END</level>
  <class>com.kms.katalon.core.logging.XmlKeywordLogger</class>
  <method>endKeyword</method>
  <thread>1</thread>
  <message>End action : click(findTestObject(&amp;quot;Object Repository/Page_Katalian Bank/button_Sign in&amp;quot;))</message>
  <nestedLevel>1</nestedLevel>
  <escapedJava>false</escapedJava>
</record>
<record>
  <date>2026-01-06T15:26:55.425473Z</date>
  <millis>1767713215425</millis>
  <nanos>473000</nanos>
  <sequence>267</sequence>
  <level>START</level>
  <class>com.kms.katalon.core.logging.XmlKeywordLogger</class>
  <method>startKeyword</method>
  <thread>1</thread>
  <message>Start action : verifyElementPresent(findTestObject(&amp;quot;Object Repository/Page_Katalian Bank/h1_Katalian Bank&amp;quot;), 0)</message>
  <nestedLevel>1</nestedLevel>
  <escapedJava>false</escapedJava>
  <property name="startLine">26</property>
  <property name="stepIndex">4</property>
</record>
<record>
  <date>2026-01-06T15:26:55.431135Z</date>
  <millis>1767713215431</millis>
  <nanos>135000</nanos>
  <sequence>272</sequence>
  <level>WARNING</level>
  <class>com.kms.katalon.core.logging.XmlKeywordLogger</class>
  <method>logMessage</method>
  <thread>1</thread>
  <message>Timeout &amp;apos;0&amp;apos; is invalid. Using default page load timeout: &amp;apos;10&amp;apos;</message>
  <nestedLevel>2</nestedLevel>
  <escapedJava>false</escapedJava>
</record>
<record>
  <date>2026-01-06T15:26:55.849734Z</date>
  <millis>1767713215849</millis>
  <nanos>734000</nanos>
  <sequence>275</sequence>
  <level>PASSED</level>
  <class>com.kms.katalon.core.logging.XmlKeywordLogger</class>
  <method>logMessage</method>
  <thread>1</thread>
  <message>Object &amp;apos;Object Repository/Page_Katalian Bank/h1_Katalian Bank&amp;apos; is present</message>
  <nestedLevel>2</nestedLevel>
  <escapedJava>false</escapedJava>
  <property name="testops-is-assertion">true</property>
  <property name="testops-method-name">com.kms.katalon.core.webui.keyword.builtin.VerifyElementPresentKeyword.verifyElementPresent</property>
  <property name="testops-execution-stacktrace"></property>
</record>
<record>
  <date>2026-01-06T15:26:55.849991Z</date>
  <millis>1767713215849</millis>
  <nanos>991000</nanos>
  <sequence>276</sequence>
  <level>END</level>
  <class>com.kms.katalon.core.logging.XmlKeywordLogger</class>
  <method>endKeyword</method>
  <thread>1</thread>
  <message>End action : verifyElementPresent(findTestObject(&amp;quot;Object Repository/Page_Katalian Bank/h1_Katalian Bank&amp;quot;), 0)</message>
  <nestedLevel>1</nestedLevel>
  <escapedJava>false</escapedJava>
</record>
<record>
  <date>2026-01-06T15:26:55.850108Z</date>
  <millis>1767713215850</millis>
  <nanos>108000</nanos>
  <sequence>277</sequence>
  <level>PASSED</level>
  <class>com.kms.katalon.core.logging.XmlKeywordLogger</class>
  <method>logMessage</method>
  <thread>1</thread>
  <message>Test Cases/Login</message>
  <nestedLevel>2</nestedLevel>
  <escapedJava>false</escapedJava>
</record>
<record>
  <date>2026-01-06T15:26:55.850314Z</date>
  <millis>1767713215850</millis>
  <nanos>314000</nanos>
  <sequence>278</sequence>
  <level>END</level>
  <class>com.kms.katalon.core.logging.XmlKeywordLogger</class>
  <method>endTest</method>
  <thread>1</thread>
  <message>End Test Case : Test Cases/Login</message>
  <nestedLevel>1</nestedLevel>
  <escapedJava>false</escapedJava>
</record>
<record>
  <date>2026-01-06T15:26:55.850444Z</date>
  <millis>1767713215850</millis>
  <nanos>444000</nanos>
  <sequence>279</sequence>
  <level>PASSED</level>
  <class>com.kms.katalon.core.logging.XmlKeywordLogger</class>
  <method>logMessage</method>
  <thread>1</thread>
  <message>Call Test Case &amp;apos;Test Cases/Login&amp;apos; successfully</message>
  <nestedLevel>1</nestedLevel>
  <escapedJava>false</escapedJava>
  <property name="testops-method-name">com.kms.katalon.core.keyword.builtin.CallTestCaseKeyword.callTestCase</property>
  <property name="testops-execution-stacktrace"></property>
</record>
<record>
  <date>2026-01-06T15:26:55.851180Z</date>
  <millis>1767713215851</millis>
  <nanos>180000</nanos>
  <sequence>280</sequence>
  <level>END</level>
  <class>com.kms.katalon.core.logging.XmlKeywordLogger</class>
  <method>endKeyword</method>
  <thread>1</thread>
  <message>End action : TrueTestScripts.login()</message>
  <nestedLevel>1</nestedLevel>
  <escapedJava>false</escapedJava>
</record>
<record>
  <date>2026-01-06T15:26:55.851245Z</date>
  <millis>1767713215851</millis>
  <nanos>245000</nanos>
  <sequence>281</sequence>
  <level>START</level>
  <class>com.kms.katalon.core.logging.XmlKeywordLogger</class>
  <method>startKeyword</method>
  <thread>1</thread>
  <message>Start action : transferBalanceAndReview.execute(input_amount, select_fromAccount)</message>
  <nestedLevel>1</nestedLevel>
  <escapedJava>false</escapedJava>
  <property name="startLine">29</property>
  <property name="stepIndex">5</property>
  <property name="description">Step 3: Transfer balance between accounts and review transfer</property>
</record>
<record>
  <date>2026-01-06T15:26:55.889753Z</date>
  <millis>1767713215889</millis>
  <nanos>753000</nanos>
  <sequence>293</sequence>
  <level>PASSED</level>
  <class>com.kms.katalon.core.logging.XmlKeywordLogger</class>
  <method>logMessage</method>
  <thread>1</thread>
  <message>Object: &amp;apos;Object Repository/AI-Generated/Katalian Banking Production/Page_dashboard/button_transferBalance&amp;apos; is clicked on</message>
  <nestedLevel>1</nestedLevel>
  <escapedJava>false</escapedJava>
  <property name="testops-method-name">com.kms.katalon.core.webui.keyword.internal.WebUIKeywordMain.runKeywordUntilTimeout</property>
  <property name="testops-execution-stacktrace">com.kms.katalon.core.logging.KeywordLogger.logPassed(KeywordLogger.java:332)
com.kms.katalon.core.logging.KeywordLogger.logPassed(KeywordLogger.java:327)
com.kms.katalon.core.webui.keyword.builtin.EnhancedClickKeyword$_click_closure1$_closure5.doCall(EnhancedClickKeyword.groovy:88)
java.base/jdk.internal.reflect.NativeMethodAccessorImpl.invoke0(Native Method)
java.base/jdk.internal.reflect.NativeMethodAccessorImpl.invoke(NativeMethodAccessorImpl.java:77)
java.base/jdk.internal.reflect.DelegatingMethodAccessorImpl.invoke(DelegatingMethodAccessorImpl.java:43)
jdk.proxy2/jdk.proxy2.$Proxy54.accept(Unknown Source)
com.kms.katalon.core.trymonad.Success.onSuccess(Try.java:263)
com.kms.katalon.core.webui.keyword.builtin.EnhancedClickKeyword$_click_closure1.doCall(EnhancedClickKeyword.groovy:71)
java.base/jdk.internal.reflect.NativeMethodAccessorImpl.invoke0(Native Method)
java.base/jdk.internal.reflect.NativeMethodAccessorImpl.invoke(NativeMethodAccessorImpl.java:77)
java.base/jdk.internal.reflect.DelegatingMethodAccessorImpl.invoke(DelegatingMethodAccessorImpl.java:43)
jdk.proxy2/jdk.proxy2.$Proxy51.execute(Unknown Source)
com.kms.katalon.core.webui.model.SeleniumActionRetryController.performAction(SeleniumActionRetryController.java:96)
com.kms.katalon.core.webui.model.SeleniumActionRetryController.performAction(SeleniumActionRetryController.java:83)
com.kms.katalon.core.webui.keyword.internal.WebUIKeywordMain$_runKeywordUntilTimeout_closure1.doCall(WebUIKeywordMain.groovy:135)
com.kms.katalon.core.webui.keyword.internal.WebUIKeywordMain$_runKeywordUntilTimeout_closure1.call(WebUIKeywordMain.groovy)
com.kms.katalon.core.webui.keyword.internal.WebUIKeywordMain.runKeyword(WebUIKeywordMain.groovy:41)
com.kms.katalon.core.webui.keyword.internal.WebUIKeywordMain.runKeywordUntilTimeout(WebUIKeywordMain.groovy:133)
com.kms.katalon.core.webui.keyword.builtin.EnhancedClickKeyword.click(EnhancedClickKeyword.groovy:95)
com.kms.katalon.core.webui.keyword.builtin.EnhancedClickKeyword.execute(EnhancedClickKeyword.groovy:41)
com.kms.katalon.core.keyword.internal.KeywordExecutor.executeKeywordForPlatform(KeywordExecutor.groovy:90)
com.kms.katalon.core.webui.keyword.WebUiBuiltInKeywords.enhancedClick(WebUiBuiltInKeywords.groovy:747)
truetest.Katalian_Banking_Production.common.transferBalanceAndReview.execute(transferBalanceAndReview.groovy:15)
TC3-Transfer Balance Between Accounts and Logout.run(TC3-Transfer Balance Between Accounts and Logout:29)
</property>
</record>
<record>
  <date>2026-01-06T15:26:56.672554Z</date>
  <millis>1767713216672</millis>
  <nanos>554000</nanos>
  <sequence>304</sequence>
  <level>PASSED</level>
  <class>com.kms.katalon.core.logging.XmlKeywordLogger</class>
  <method>logMessage</method>
  <thread>1</thread>
  <message>All options with label &amp;apos;\QChecking (...7890) - Balance: $5345.54\E&amp;apos; are selected in object &amp;apos;Object Repository/AI-Generated/Katalian Banking Production/Page_transfer/select_fromAccount&amp;apos;  using regular expression</message>
  <nestedLevel>1</nestedLevel>
  <escapedJava>false</escapedJava>
  <property name="testops-method-name">com.kms.katalon.core.webui.keyword.builtin.SelectOptionByLabelKeyword.selectOptionByLabel</property>
  <property name="testops-execution-stacktrace"></property>
</record>
<record>
  <date>2026-01-06T15:26:57.350912Z</date>
  <millis>1767713217350</millis>
  <nanos>912000</nanos>
  <sequence>316</sequence>
  <level>PASSED</level>
  <class>com.kms.katalon.core.logging.XmlKeywordLogger</class>
  <method>logMessage</method>
  <thread>1</thread>
  <message>All options with label &amp;apos;\QChecking (...7890) - Balance: $5345.54\E&amp;apos; are selected in object &amp;apos;Object Repository/AI-Generated/Katalian Banking Production/Page_transfer/select_fromAccount&amp;apos;  using regular expression</message>
  <nestedLevel>1</nestedLevel>
  <escapedJava>false</escapedJava>
  <property name="testops-method-name">com.kms.katalon.core.webui.keyword.internal.WebUIKeywordMain.runKeywordUntilTimeout</property>
  <property name="testops-execution-stacktrace">com.kms.katalon.core.logging.KeywordLogger.logPassed(KeywordLogger.java:332)
com.kms.katalon.core.logging.KeywordLogger.logPassed(KeywordLogger.java:327)
com.kms.katalon.core.webui.keyword.builtin.VerifyOptionSelectedByLabelKeyword$_verifyOptionSelectedByLabel_closure1.doCall(VerifyOptionSelectedByLabelKeyword.groovy:76)
java.base/jdk.internal.reflect.NativeMethodAccessorImpl.invoke0(Native Method)
java.base/jdk.internal.reflect.NativeMethodAccessorImpl.invoke(NativeMethodAccessorImpl.java:77)
java.base/jdk.internal.reflect.DelegatingMethodAccessorImpl.invoke(DelegatingMethodAccessorImpl.java:43)
jdk.proxy2/jdk.proxy2.$Proxy51.execute(Unknown Source)
com.kms.katalon.core.webui.model.SeleniumActionRetryController.performAction(SeleniumActionRetryController.java:96)
com.kms.katalon.core.webui.model.SeleniumActionRetryController.performAction(SeleniumActionRetryController.java:83)
com.kms.katalon.core.webui.keyword.internal.WebUIKeywordMain$_runKeywordUntilTimeout_closure2.doCall(WebUIKeywordMain.groovy:155)
com.kms.katalon.core.webui.keyword.internal.WebUIKeywordMain$_runKeywordUntilTimeout_closure2.call(WebUIKeywordMain.groovy)
com.kms.katalon.core.webui.keyword.internal.WebUIKeywordMain.runKeyword(WebUIKeywordMain.groovy:41)
com.kms.katalon.core.webui.keyword.internal.WebUIKeywordMain.runKeywordUntilTimeout(WebUIKeywordMain.groovy:152)
com.kms.katalon.core.webui.keyword.builtin.VerifyOptionSelectedByLabelKeyword.verifyOptionSelectedByLabel(VerifyOptionSelectedByLabelKeyword.groovy:86)
com.kms.katalon.core.webui.keyword.builtin.VerifyOptionSelectedByLabelKeyword.execute(VerifyOptionSelectedByLabelKeyword.groovy:43)
com.kms.katalon.core.keyword.internal.KeywordExecutor.executeKeywordForPlatform(KeywordExecutor.groovy:90)
com.kms.katalon.core.webui.keyword.WebUiBuiltInKeywords.verifyOptionSelectedByLabel(WebUiBuiltInKeywords.groovy:2284)
truetest.Katalian_Banking_Production.custom.TrueTestScripts.selectOption(TrueTestScripts.groovy:126)
truetest.Katalian_Banking_Production.common.transferBalanceAndReview.execute(transferBalanceAndReview.groovy:19)
TC3-Transfer Balance Between Accounts and Logout.run(TC3-Transfer Balance Between Accounts and Logout:29)
</property>
</record>
<record>
  <date>2026-01-06T15:26:57.380848Z</date>
  <millis>1767713217380</millis>
  <nanos>848000</nanos>
  <sequence>328</sequence>
  <level>PASSED</level>
  <class>com.kms.katalon.core.logging.XmlKeywordLogger</class>
  <method>logMessage</method>
  <thread>1</thread>
  <message>Object: &amp;apos;Object Repository/AI-Generated/Katalian Banking Production/Page_transfer/input_amount&amp;apos; is clicked on</message>
  <nestedLevel>1</nestedLevel>
  <escapedJava>false</escapedJava>
  <property name="testops-method-name">com.kms.katalon.core.webui.keyword.internal.WebUIKeywordMain.runKeywordUntilTimeout</property>
  <property name="testops-execution-stacktrace">com.kms.katalon.core.logging.KeywordLogger.logPassed(KeywordLogger.java:332)
com.kms.katalon.core.logging.KeywordLogger.logPassed(KeywordLogger.java:327)
com.kms.katalon.core.webui.keyword.builtin.EnhancedClickKeyword$_click_closure1$_closure5.doCall(EnhancedClickKeyword.groovy:88)
java.base/jdk.internal.reflect.NativeMethodAccessorImpl.invoke0(Native Method)
java.base/jdk.internal.reflect.NativeMethodAccessorImpl.invoke(NativeMethodAccessorImpl.java:77)
java.base/jdk.internal.reflect.DelegatingMethodAccessorImpl.invoke(DelegatingMethodAccessorImpl.java:43)
jdk.proxy2/jdk.proxy2.$Proxy54.accept(Unknown Source)
com.kms.katalon.core.trymonad.Success.onSuccess(Try.java:263)
com.kms.katalon.core.webui.keyword.builtin.EnhancedClickKeyword$_click_closure1.doCall(EnhancedClickKeyword.groovy:71)
java.base/jdk.internal.reflect.NativeMethodAccessorImpl.invoke0(Native Method)
java.base/jdk.internal.reflect.NativeMethodAccessorImpl.invoke(NativeMethodAccessorImpl.java:77)
java.base/jdk.internal.reflect.DelegatingMethodAccessorImpl.invoke(DelegatingMethodAccessorImpl.java:43)
jdk.proxy2/jdk.proxy2.$Proxy51.execute(Unknown Source)
com.kms.katalon.core.webui.model.SeleniumActionRetryController.performAction(SeleniumActionRetryController.java:96)
com.kms.katalon.core.webui.model.SeleniumActionRetryController.performAction(SeleniumActionRetryController.java:83)
com.kms.katalon.core.webui.keyword.internal.WebUIKeywordMain$_runKeywordUntilTimeout_closure1.doCall(WebUIKeywordMain.groovy:135)
com.kms.katalon.core.webui.keyword.internal.WebUIKeywordMain$_runKeywordUntilTimeout_closure1.call(WebUIKeywordMain.groovy)
com.kms.katalon.core.webui.keyword.internal.WebUIKeywordMain.runKeyword(WebUIKeywordMain.groovy:41)
com.kms.katalon.core.webui.keyword.internal.WebUIKeywordMain.runKeywordUntilTimeout(WebUIKeywordMain.groovy:133)
com.kms.katalon.core.webui.keyword.builtin.EnhancedClickKeyword.click(EnhancedClickKeyword.groovy:95)
com.kms.katalon.core.webui.keyword.builtin.EnhancedClickKeyword.execute(EnhancedClickKeyword.groovy:41)
com.kms.katalon.core.keyword.internal.KeywordExecutor.executeKeywordForPlatform(KeywordExecutor.groovy:90)
com.kms.katalon.core.webui.keyword.WebUiBuiltInKeywords.enhancedClick(WebUiBuiltInKeywords.groovy:747)
truetest.Katalian_Banking_Production.common.transferBalanceAndReview.execute(transferBalanceAndReview.groovy:23)
TC3-Transfer Balance Between Accounts and Logout.run(TC3-Transfer Balance Between Accounts and Logout:29)
</property>
</record>
<record>
  <date>2026-01-06T15:26:57.439692Z</date>
  <millis>1767713217439</millis>
  <nanos>692000</nanos>
  <sequence>342</sequence>
  <level>PASSED</level>
  <class>com.kms.katalon.core.logging.XmlKeywordLogger</class>
  <method>logMessage</method>
  <thread>1</thread>
  <message>Text &amp;apos;500000&amp;apos; is set on object &amp;apos;Object Repository/AI-Generated/Katalian Banking Production/Page_transfer/input_amount&amp;apos;</message>
  <nestedLevel>1</nestedLevel>
  <escapedJava>false</escapedJava>
  <property name="testops-method-name">com.kms.katalon.core.webui.keyword.internal.WebUIKeywordMain.runKeywordUntilTimeout</property>
  <property name="testops-execution-stacktrace">com.kms.katalon.core.logging.KeywordLogger.logPassed(KeywordLogger.java:332)
com.kms.katalon.core.logging.KeywordLogger.logPassed(KeywordLogger.java:327)
com.kms.katalon.core.webui.keyword.builtin.SetTextKeyword$_setText_closure1.doCall(SetTextKeyword.groovy:99)
java.base/jdk.internal.reflect.NativeMethodAccessorImpl.invoke0(Native Method)
java.base/jdk.internal.reflect.NativeMethodAccessorImpl.invoke(NativeMethodAccessorImpl.java:77)
java.base/jdk.internal.reflect.DelegatingMethodAccessorImpl.invoke(DelegatingMethodAccessorImpl.java:43)
jdk.proxy2/jdk.proxy2.$Proxy51.execute(Unknown Source)
com.kms.katalon.core.webui.model.SeleniumActionRetryController.performAction(SeleniumActionRetryController.java:96)
com.kms.katalon.core.webui.model.SeleniumActionRetryController.performAction(SeleniumActionRetryController.java:83)
com.kms.katalon.core.webui.keyword.internal.WebUIKeywordMain$_runKeywordUntilTimeout_closure1.doCall(WebUIKeywordMain.groovy:135)
com.kms.katalon.core.webui.keyword.internal.WebUIKeywordMain$_runKeywordUntilTimeout_closure1.call(WebUIKeywordMain.groovy)
com.kms.katalon.core.webui.keyword.internal.WebUIKeywordMain.runKeyword(WebUIKeywordMain.groovy:41)
com.kms.katalon.core.webui.keyword.internal.WebUIKeywordMain.runKeywordUntilTimeout(WebUIKeywordMain.groovy:133)
com.kms.katalon.core.webui.keyword.builtin.SetTextKeyword.setText(SetTextKeyword.groovy:106)
com.kms.katalon.core.webui.keyword.builtin.SetTextKeyword.execute(SetTextKeyword.groovy:49)
com.kms.katalon.core.keyword.internal.KeywordExecutor.executeKeywordForPlatform(KeywordExecutor.groovy:90)
com.kms.katalon.core.webui.keyword.WebUiBuiltInKeywords.setText(WebUiBuiltInKeywords.groovy:1081)
truetest.Katalian_Banking_Production.common.transferBalanceAndReview.execute(transferBalanceAndReview.groovy:27)
TC3-Transfer Balance Between Accounts and Logout.run(TC3-Transfer Balance Between Accounts and Logout:29)
</property>
</record>
<record>
  <date>2026-01-06T15:26:57.469276Z</date>
  <millis>1767713217469</millis>
  <nanos>276000</nanos>
  <sequence>354</sequence>
  <level>PASSED</level>
  <class>com.kms.katalon.core.logging.XmlKeywordLogger</class>
  <method>logMessage</method>
  <thread>1</thread>
  <message>Object: &amp;apos;Object Repository/AI-Generated/Katalian Banking Production/Page_transfer/button_reviewTransfer&amp;apos; is clicked on</message>
  <nestedLevel>1</nestedLevel>
  <escapedJava>false</escapedJava>
  <property name="testops-method-name">com.kms.katalon.core.webui.keyword.internal.WebUIKeywordMain.runKeywordUntilTimeout</property>
  <property name="testops-execution-stacktrace">com.kms.katalon.core.logging.KeywordLogger.logPassed(KeywordLogger.java:332)
com.kms.katalon.core.logging.KeywordLogger.logPassed(KeywordLogger.java:327)
com.kms.katalon.core.webui.keyword.builtin.EnhancedClickKeyword$_click_closure1$_closure5.doCall(EnhancedClickKeyword.groovy:88)
java.base/jdk.internal.reflect.NativeMethodAccessorImpl.invoke0(Native Method)
java.base/jdk.internal.reflect.NativeMethodAccessorImpl.invoke(NativeMethodAccessorImpl.java:77)
java.base/jdk.internal.reflect.DelegatingMethodAccessorImpl.invoke(DelegatingMethodAccessorImpl.java:43)
jdk.proxy2/jdk.proxy2.$Proxy54.accept(Unknown Source)
com.kms.katalon.core.trymonad.Success.onSuccess(Try.java:263)
com.kms.katalon.core.webui.keyword.builtin.EnhancedClickKeyword$_click_closure1.doCall(EnhancedClickKeyword.groovy:71)
java.base/jdk.internal.reflect.NativeMethodAccessorImpl.invoke0(Native Method)
java.base/jdk.internal.reflect.NativeMethodAccessorImpl.invoke(NativeMethodAccessorImpl.java:77)
java.base/jdk.internal.reflect.DelegatingMethodAccessorImpl.invoke(DelegatingMethodAccessorImpl.java:43)
jdk.proxy2/jdk.proxy2.$Proxy51.execute(Unknown Source)
com.kms.katalon.core.webui.model.SeleniumActionRetryController.performAction(SeleniumActionRetryController.java:96)
com.kms.katalon.core.webui.model.SeleniumActionRetryController.performAction(SeleniumActionRetryController.java:83)
com.kms.katalon.core.webui.keyword.internal.WebUIKeywordMain$_runKeywordUntilTimeout_closure1.doCall(WebUIKeywordMain.groovy:135)
com.kms.katalon.core.webui.keyword.internal.WebUIKeywordMain$_runKeywordUntilTimeout_closure1.call(WebUIKeywordMain.groovy)
com.kms.katalon.core.webui.keyword.internal.WebUIKeywordMain.runKeyword(WebUIKeywordMain.groovy:41)
com.kms.katalon.core.webui.keyword.internal.WebUIKeywordMain.runKeywordUntilTimeout(WebUIKeywordMain.groovy:133)
com.kms.katalon.core.webui.keyword.builtin.EnhancedClickKeyword.click(EnhancedClickKeyword.groovy:95)
com.kms.katalon.core.webui.keyword.builtin.EnhancedClickKeyword.execute(EnhancedClickKeyword.groovy:41)
com.kms.katalon.core.keyword.internal.KeywordExecutor.executeKeywordForPlatform(KeywordExecutor.groovy:90)
com.kms.katalon.core.webui.keyword.WebUiBuiltInKeywords.enhancedClick(WebUiBuiltInKeywords.groovy:747)
truetest.Katalian_Banking_Production.common.transferBalanceAndReview.execute(transferBalanceAndReview.groovy:31)
TC3-Transfer Balance Between Accounts and Logout.run(TC3-Transfer Balance Between Accounts and Logout:29)
</property>
</record>
<record>
  <date>2026-01-06T15:26:57.470457Z</date>
  <millis>1767713217470</millis>
  <nanos>457000</nanos>
  <sequence>355</sequence>
  <level>END</level>
  <class>com.kms.katalon.core.logging.XmlKeywordLogger</class>
  <method>endKeyword</method>
  <thread>1</thread>
  <message>End action : transferBalanceAndReview.execute(input_amount, select_fromAccount)</message>
  <nestedLevel>1</nestedLevel>
  <escapedJava>false</escapedJava>
</record>
<record>
  <date>2026-01-06T15:26:57.470595Z</date>
  <millis>1767713217470</millis>
  <nanos>595000</nanos>
  <sequence>356</sequence>
  <level>START</level>
  <class>com.kms.katalon.core.logging.XmlKeywordLogger</class>
  <method>startKeyword</method>
  <thread>1</thread>
  <message>Start action : enhancedClick(findTestObject(&amp;quot;AI-Generated/Katalian Banking Production/Page_transfer/button_confirmTransfer&amp;quot;))</message>
  <nestedLevel>1</nestedLevel>
  <escapedJava>false</escapedJava>
  <property name="startLine">33</property>
  <property name="stepIndex">6</property>
  <property name="description">Step 4: Click on button confirmTransfer -&gt; Navigate to page &apos;/dashboard&apos;</property>
</record>
<record>
  <date>2026-01-06T15:27:07.569582Z</date>
  <millis>1767713227569</millis>
  <nanos>582000</nanos>
  <sequence>367</sequence>
  <level>FAILED</level>
  <class>com.kms.katalon.core.logging.XmlKeywordLogger</class>
  <method>logMessage</method>
  <thread>1</thread>
  <message>Unable to click on object &amp;apos;Object Repository/AI-Generated/Katalian Banking Production/Page_transfer/button_confirmTransfer&amp;apos; (Root cause: com.kms.katalon.core.exception.StepFailedException: Unable to click on object &amp;apos;Object Repository/AI-Generated/Katalian Banking Production/Page_transfer/button_confirmTransfer&amp;apos;
	at com.kms.katalon.core.webui.keyword.internal.WebUIKeywordMain.stepFailed(WebUIKeywordMain.groovy:177)
	at com.kms.katalon.core.webui.keyword.internal.WebUIKeywordMain.runKeyword(WebUIKeywordMain.groovy:49)
	at com.kms.katalon.core.webui.keyword.internal.WebUIKeywordMain.runKeywordUntilTimeout(WebUIKeywordMain.groovy:133)
	at com.kms.katalon.core.webui.keyword.builtin.EnhancedClickKeyword.click(EnhancedClickKeyword.groovy:95)
	at com.kms.katalon.core.webui.keyword.builtin.EnhancedClickKeyword.execute(EnhancedClickKeyword.groovy:41)
	at com.kms.katalon.core.keyword.internal.KeywordExecutor.executeKeywordForPlatform(KeywordExecutor.groovy:90)
	at com.kms.katalon.core.webui.keyword.WebUiBuiltInKeywords.enhancedClick(WebUiBuiltInKeywords.groovy:747)
	at TC3-Transfer Balance Between Accounts and Logout.run(TC3-Transfer Balance Between Accounts and Logout:33)
	at com.kms.katalon.core.main.ScriptEngine.run(ScriptEngine.java:194)
	at com.kms.katalon.core.main.ScriptEngine.runScriptAsRawText(ScriptEngine.java:119)
	at com.kms.katalon.core.main.TestCaseExecutor.runScript(TestCaseExecutor.java:490)
	at com.kms.katalon.core.main.TestCaseExecutor.doExecute(TestCaseExecutor.java:481)
	at com.kms.katalon.core.main.TestCaseExecutor.processExecutionPhase(TestCaseExecutor.java:460)
	at com.kms.katalon.core.main.TestCaseExecutor.accessMainPhase(TestCaseExecutor.java:452)
	at com.kms.katalon.core.main.TestCaseExecutor.execute(TestCaseExecutor.java:322)
	at com.kms.katalon.core.common.CommonExecutor.accessTestCaseMainPhase(CommonExecutor.java:71)
	at com.kms.katalon.core.main.TestSuiteExecutor.accessTestSuiteMainPhase(TestSuiteExecutor.java:153)
	at com.kms.katalon.core.main.TestSuiteExecutor.execute(TestSuiteExecutor.java:110)
	at com.kms.katalon.core.main.TestCaseMain.startTestSuite(TestCaseMain.java:205)
	at TempTestSuite1767713198027.run(TempTestSuite1767713198027.groovy:35)
	at java.base/jdk.internal.reflect.NativeMethodAccessorImpl.invoke0(Native Method)
	at java.base/jdk.internal.reflect.NativeMethodAccessorImpl.invoke(NativeMethodAccessorImpl.java:77)
	at java.base/jdk.internal.reflect.DelegatingMethodAccessorImpl.invoke(DelegatingMethodAccessorImpl.java:43)
Caused by: com.kms.katalon.core.webui.exception.WebElementNotFoundException: Web element with id: &amp;apos;Object Repository/AI-Generated/Katalian Banking Production/Page_transfer/button_confirmTransfer&amp;apos; located by &amp;apos;button &amp;gt;&amp;gt; internal:text=\&amp;quot;Confirm Transfer\&amp;quot;s&amp;apos; not found
	at com.kms.katalon.core.webui.model.WebUiElementFinder.findElement(WebUiElementFinder.java:55)
	at com.kms.katalon.core.webui.model.WebUiElementFinderWithTimeout.basicFindElement(WebUiElementFinderWithTimeout.java:50)
	at com.kms.katalon.core.webui.model.WebUiElementFinderWithTimeout.lambda$0(WebUiElementFinderWithTimeout.java:29)
	at com.kms.katalon.core.webui.model.SeleniumActionRetryController.performAction(SeleniumActionRetryController.java:96)
	at com.kms.katalon.core.webui.model.SeleniumActionRetryController.performAction(SeleniumActionRetryController.java:83)
	at com.kms.katalon.core.webui.model.WebUiElementFinderWithTimeout.findElement(WebUiElementFinderWithTimeout.java:28)
	at com.kms.katalon.core.webui.keyword.internal.WebUIAbstractKeyword.findWebElement(WebUIAbstractKeyword.groovy:96)
	at com.kms.katalon.core.webui.keyword.builtin.EnhancedClickKeyword$_click_closure1.doCall(EnhancedClickKeyword.groovy:69)
	at java.base/jdk.internal.reflect.NativeMethodAccessorImpl.invoke0(Native Method)
	at java.base/jdk.internal.reflect.NativeMethodAccessorImpl.invoke(NativeMethodAccessorImpl.java:77)
	at java.base/jdk.internal.reflect.DelegatingMethodAccessorImpl.invoke(DelegatingMethodAccessorImpl.java:43)
	at jdk.proxy2/jdk.proxy2.$Proxy51.execute(Unknown Source)
	at com.kms.katalon.core.webui.model.SeleniumActionRetryController.performAction(SeleniumActionRetryController.java:96)
	at com.kms.katalon.core.webui.model.SeleniumActionRetryController.performAction(SeleniumActionRetryController.java:83)
	at com.kms.katalon.core.webui.keyword.internal.WebUIKeywordMain$_runKeywordUntilTimeout_closure1.doCall(WebUIKeywordMain.groovy:135)
	at com.kms.katalon.core.webui.keyword.internal.WebUIKeywordMain$_runKeywordUntilTimeout_closure1.call(WebUIKeywordMain.groovy)
	at com.kms.katalon.core.webui.keyword.internal.WebUIKeywordMain.runKeyword(WebUIKeywordMain.groovy:41)
	at com.kms.katalon.core.webui.keyword.internal.WebUIKeywordMain.runKeywordUntilTimeout(WebUIKeywordMain.groovy:133)
	at com.kms.katalon.core.webui.keyword.builtin.EnhancedClickKeyword.click(EnhancedClickKeyword.groovy:95)
	at com.kms.katalon.core.webui.keyword.builtin.EnhancedClickKeyword.execute(EnhancedClickKeyword.groovy:41)
	at com.kms.katalon.core.keyword.internal.KeywordExecutor.executeKeywordForPlatform(KeywordExecutor.groovy:90)
	at com.kms.katalon.core.webui.keyword.WebUiBuiltInKeywords.enhancedClick(WebUiBuiltInKeywords.groovy:747)
	at Script1767711631982.run(Script1767711631982.groovy:33)
	... 15 more
)</message>
  <nestedLevel>1</nestedLevel>
  <escapedJava>false</escapedJava>
  <property name="failed.exception.class">com.kms.katalon.core.webui.exception.WebElementNotFoundException</property>
  <property name="attachment">1767713227479.png</property>
  <property name="failed.exception.stacktrace">com.kms.katalon.core.webui.exception.WebElementNotFoundException: Web element with id: &apos;Object Repository/AI-Generated/Katalian Banking Production/Page_transfer/button_confirmTransfer&apos; located by &apos;button &gt;&gt; internal:text=\&quot;Confirm Transfer\&quot;s&apos; not found
	at com.kms.katalon.core.webui.model.WebUiElementFinder.findElement(WebUiElementFinder.java:55)
	at com.kms.katalon.core.webui.model.WebUiElementFinderWithTimeout.basicFindElement(WebUiElementFinderWithTimeout.java:50)
	at com.kms.katalon.core.webui.model.WebUiElementFinderWithTimeout.lambda$0(WebUiElementFinderWithTimeout.java:29)
	at com.kms.katalon.core.webui.model.SeleniumActionRetryController.performAction(SeleniumActionRetryController.java:96)
	at com.kms.katalon.core.webui.model.SeleniumActionRetryController.performAction(SeleniumActionRetryController.java:83)
	at com.kms.katalon.core.webui.model.WebUiElementFinderWithTimeout.findElement(WebUiElementFinderWithTimeout.java:28)
	at com.kms.katalon.core.webui.keyword.internal.WebUIAbstractKeyword.findWebElement(WebUIAbstractKeyword.groovy:96)
	at com.kms.katalon.core.webui.keyword.builtin.EnhancedClickKeyword$_click_closure1.doCall(EnhancedClickKeyword.groovy:69)
	at java.base/jdk.internal.reflect.NativeMethodAccessorImpl.invoke0(Native Method)
	at java.base/jdk.internal.reflect.NativeMethodAccessorImpl.invoke(NativeMethodAccessorImpl.java:77)
	at java.base/jdk.internal.reflect.DelegatingMethodAccessorImpl.invoke(DelegatingMethodAccessorImpl.java:43)
	at jdk.proxy2/jdk.proxy2.$Proxy51.execute(Unknown Source)
	at com.kms.katalon.core.webui.model.SeleniumActionRetryController.performAction(SeleniumActionRetryController.java:96)
	at com.kms.katalon.core.webui.model.SeleniumActionRetryController.performAction(SeleniumActionRetryController.java:83)
	at com.kms.katalon.core.webui.keyword.internal.WebUIKeywordMain$_runKeywordUntilTimeout_closure1.doCall(WebUIKeywordMain.groovy:135)
	at com.kms.katalon.core.webui.keyword.internal.WebUIKeywordMain$_runKeywordUntilTimeout_closure1.call(WebUIKeywordMain.groovy)
	at com.kms.katalon.core.webui.keyword.internal.WebUIKeywordMain.runKeyword(WebUIKeywordMain.groovy:41)
	at com.kms.katalon.core.webui.keyword.internal.WebUIKeywordMain.runKeywordUntilTimeout(WebUIKeywordMain.groovy:133)
	at com.kms.katalon.core.webui.keyword.builtin.EnhancedClickKeyword.click(EnhancedClickKeyword.groovy:95)
	at com.kms.katalon.core.webui.keyword.builtin.EnhancedClickKeyword.execute(EnhancedClickKeyword.groovy:41)
	at com.kms.katalon.core.keyword.internal.KeywordExecutor.executeKeywordForPlatform(KeywordExecutor.groovy:90)
	at com.kms.katalon.core.webui.keyword.WebUiBuiltInKeywords.enhancedClick(WebUiBuiltInKeywords.groovy:747)
	at TC3-Transfer Balance Between Accounts and Logout.run(TC3-Transfer Balance Between Accounts and Logout:33)
	at com.kms.katalon.core.main.ScriptEngine.run(ScriptEngine.java:194)
	at com.kms.katalon.core.main.ScriptEngine.runScriptAsRawText(ScriptEngine.java:119)
	at com.kms.katalon.core.main.TestCaseExecutor.runScript(TestCaseExecutor.java:490)
	at com.kms.katalon.core.main.TestCaseExecutor.doExecute(TestCaseExecutor.java:481)
	at com.kms.katalon.core.main.TestCaseExecutor.processExecutionPhase(TestCaseExecutor.java:460)
	at com.kms.katalon.core.main.TestCaseExecutor.accessMainPhase(TestCaseExecutor.java:452)
	at com.kms.katalon.core.main.TestCaseExecutor.execute(TestCaseExecutor.java:322)
	at com.kms.katalon.core.common.CommonExecutor.accessTestCaseMainPhase(CommonExecutor.java:71)
	at com.kms.katalon.core.main.TestSuiteExecutor.accessTestSuiteMainPhase(TestSuiteExecutor.java:153)
	at com.kms.katalon.core.main.TestSuiteExecutor.execute(TestSuiteExecutor.java:110)
	at com.kms.katalon.core.main.TestCaseMain.startTestSuite(TestCaseMain.java:205)
	at TempTestSuite1767713198027.run(TempTestSuite1767713198027.groovy:35)
	at java.base/jdk.internal.reflect.NativeMethodAccessorImpl.invoke0(Native Method)
	at java.base/jdk.internal.reflect.NativeMethodAccessorImpl.invoke(NativeMethodAccessorImpl.java:77)
	at java.base/jdk.internal.reflect.DelegatingMethodAccessorImpl.invoke(DelegatingMethodAccessorImpl.java:43)
</property>
  <property name="failed.exception.message">Web element with id: &apos;Object Repository/AI-Generated/Katalian Banking Production/Page_transfer/button_confirmTransfer&apos; located by &apos;button &gt;&gt; internal:text=\&quot;Confirm Transfer\&quot;s&apos; not found</property>
</record>
<record>
  <date>2026-01-06T15:27:07.570728Z</date>
  <millis>1767713227570</millis>
  <nanos>728000</nanos>
  <sequence>370</sequence>
  <level>END</level>
  <class>com.kms.katalon.core.logging.XmlKeywordLogger</class>
  <method>endKeyword</method>
  <thread>1</thread>
  <message>End action : enhancedClick(findTestObject(&amp;quot;AI-Generated/Katalian Banking Production/Page_transfer/button_confirmTransfer&amp;quot;))</message>
  <nestedLevel>1</nestedLevel>
  <escapedJava>false</escapedJava>
</record>
<record>
  <date>2026-01-06T15:27:07.571268Z</date>
  <millis>1767713227571</millis>
  <nanos>268000</nanos>
  <sequence>373</sequence>
  <level>FAILED</level>
  <class>com.kms.katalon.core.logging.XmlKeywordLogger</class>
  <method>logMessage</method>
  <thread>1</thread>
  <message>Test Cases/AI-Generated/Katalian Banking Production/TC3-Transfer Balance Between Accounts and Logout FAILED.
Reason:
com.kms.katalon.core.exception.StepFailedException: Unable to click on object &amp;apos;Object Repository/AI-Generated/Katalian Banking Production/Page_transfer/button_confirmTransfer&amp;apos;
	at com.kms.katalon.core.webui.keyword.internal.WebUIKeywordMain.stepFailed(WebUIKeywordMain.groovy:177)
	at com.kms.katalon.core.webui.keyword.internal.WebUIKeywordMain.runKeyword(WebUIKeywordMain.groovy:49)
	at com.kms.katalon.core.webui.keyword.internal.WebUIKeywordMain.runKeywordUntilTimeout(WebUIKeywordMain.groovy:133)
	at com.kms.katalon.core.webui.keyword.builtin.EnhancedClickKeyword.click(EnhancedClickKeyword.groovy:95)
	at com.kms.katalon.core.webui.keyword.builtin.EnhancedClickKeyword.execute(EnhancedClickKeyword.groovy:41)
	at com.kms.katalon.core.keyword.internal.KeywordExecutor.executeKeywordForPlatform(KeywordExecutor.groovy:90)
	at com.kms.katalon.core.webui.keyword.WebUiBuiltInKeywords.enhancedClick(WebUiBuiltInKeywords.groovy:747)
	at TC3-Transfer Balance Between Accounts and Logout.run(TC3-Transfer Balance Between Accounts and Logout:33)
	at com.kms.katalon.core.main.ScriptEngine.run(ScriptEngine.java:194)
	at com.kms.katalon.core.main.ScriptEngine.runScriptAsRawText(ScriptEngine.java:119)
	at com.kms.katalon.core.main.TestCaseExecutor.runScript(TestCaseExecutor.java:490)
	at com.kms.katalon.core.main.TestCaseExecutor.doExecute(TestCaseExecutor.java:481)
	at com.kms.katalon.core.main.TestCaseExecutor.processExecutionPhase(TestCaseExecutor.java:460)
	at com.kms.katalon.core.main.TestCaseExecutor.accessMainPhase(TestCaseExecutor.java:452)
	at com.kms.katalon.core.main.TestCaseExecutor.execute(TestCaseExecutor.java:322)
	at com.kms.katalon.core.common.CommonExecutor.accessTestCaseMainPhase(CommonExecutor.java:71)
	at com.kms.katalon.core.main.TestSuiteExecutor.accessTestSuiteMainPhase(TestSuiteExecutor.java:153)
	at com.kms.katalon.core.main.TestSuiteExecutor.execute(TestSuiteExecutor.java:110)
	at com.kms.katalon.core.main.TestCaseMain.startTestSuite(TestCaseMain.java:205)
	at TempTestSuite1767713198027.run(TempTestSuite1767713198027.groovy:35)
	at java.base/jdk.internal.reflect.NativeMethodAccessorImpl.invoke0(Native Method)
	at java.base/jdk.internal.reflect.NativeMethodAccessorImpl.invoke(NativeMethodAccessorImpl.java:77)
	at java.base/jdk.internal.reflect.DelegatingMethodAccessorImpl.invoke(DelegatingMethodAccessorImpl.java:43)
Caused by: com.kms.katalon.core.webui.exception.WebElementNotFoundException: Web element with id: &amp;apos;Object Repository/AI-Generated/Katalian Banking Production/Page_transfer/button_confirmTransfer&amp;apos; located by &amp;apos;button &amp;gt;&amp;gt; internal:text=\&amp;quot;Confirm Transfer\&amp;quot;s&amp;apos; not found
	at com.kms.katalon.core.webui.model.WebUiElementFinder.findElement(WebUiElementFinder.java:55)
	at com.kms.katalon.core.webui.model.WebUiElementFinderWithTimeout.basicFindElement(WebUiElementFinderWithTimeout.java:50)
	at com.kms.katalon.core.webui.model.WebUiElementFinderWithTimeout.lambda$0(WebUiElementFinderWithTimeout.java:29)
	at com.kms.katalon.core.webui.model.SeleniumActionRetryController.performAction(SeleniumActionRetryController.java:96)
	at com.kms.katalon.core.webui.model.SeleniumActionRetryController.performAction(SeleniumActionRetryController.java:83)
	at com.kms.katalon.core.webui.model.WebUiElementFinderWithTimeout.findElement(WebUiElementFinderWithTimeout.java:28)
	at com.kms.katalon.core.webui.keyword.internal.WebUIAbstractKeyword.findWebElement(WebUIAbstractKeyword.groovy:96)
	at com.kms.katalon.core.webui.keyword.builtin.EnhancedClickKeyword$_click_closure1.doCall(EnhancedClickKeyword.groovy:69)
	at java.base/jdk.internal.reflect.NativeMethodAccessorImpl.invoke0(Native Method)
	at java.base/jdk.internal.reflect.NativeMethodAccessorImpl.invoke(NativeMethodAccessorImpl.java:77)
	at java.base/jdk.internal.reflect.DelegatingMethodAccessorImpl.invoke(DelegatingMethodAccessorImpl.java:43)
	at jdk.proxy2/jdk.proxy2.$Proxy51.execute(Unknown Source)
	at com.kms.katalon.core.webui.model.SeleniumActionRetryController.performAction(SeleniumActionRetryController.java:96)
	at com.kms.katalon.core.webui.model.SeleniumActionRetryController.performAction(SeleniumActionRetryController.java:83)
	at com.kms.katalon.core.webui.keyword.internal.WebUIKeywordMain$_runKeywordUntilTimeout_closure1.doCall(WebUIKeywordMain.groovy:135)
	at com.kms.katalon.core.webui.keyword.internal.WebUIKeywordMain$_runKeywordUntilTimeout_closure1.call(WebUIKeywordMain.groovy)
	at com.kms.katalon.core.webui.keyword.internal.WebUIKeywordMain.runKeyword(WebUIKeywordMain.groovy:41)
	... 21 more
</message>
  <exception>
    <message>com.kms.katalon.core.exception.StepFailedException: Unable to click on object 'Object Repository/AI-Generated/Katalian Banking Production/Page_transfer/button_confirmTransfer'</message>
    <frame>
      <class>com.kms.katalon.core.logging.XmlKeywordLogger</class>
      <method>logMessage</method>
      <line>512</line>
    </frame>
    <frame>
      <class>com.kms.katalon.core.logging.KeywordLogger</class>
      <method>logMessage</method>
      <line>447</line>
    </frame>
    <frame>
      <class>com.kms.katalon.core.main.TestCaseExecutor</class>
      <method>logError</method>
      <line>599</line>
    </frame>
    <frame>
      <class>com.kms.katalon.core.main.TestCaseExecutor</class>
      <method>onExecutionError</method>
      <line>187</line>
    </frame>
    <frame>
      <class>com.kms.katalon.core.main.TestCaseExecutor</class>
      <method>processExecutionPhase</method>
      <line>470</line>
    </frame>
    <frame>
      <class>com.kms.katalon.core.main.TestCaseExecutor</class>
      <method>accessMainPhase</method>
      <line>452</line>
    </frame>
    <frame>
      <class>com.kms.katalon.core.main.TestCaseExecutor</class>
      <method>execute</method>
      <line>322</line>
    </frame>
    <frame>
      <class>com.kms.katalon.core.common.CommonExecutor</class>
      <method>accessTestCaseMainPhase</method>
      <line>71</line>
    </frame>
    <frame>
      <class>com.kms.katalon.core.main.TestSuiteExecutor</class>
      <method>accessTestSuiteMainPhase</method>
      <line>153</line>
    </frame>
    <frame>
      <class>com.kms.katalon.core.main.TestSuiteExecutor</class>
      <method>execute</method>
      <line>110</line>
    </frame>
    <frame>
      <class>com.kms.katalon.core.main.TestCaseMain</class>
      <method>startTestSuite</method>
      <line>205</line>
    </frame>
    <frame>
      <class>org.codehaus.groovy.vmplugin.v8.IndyInterface</class>
      <method>fromCache</method>
      <line>318</line>
    </frame>
    <frame>
      <class>TempTestSuite1767713198027</class>
      <method>run</method>
      <line>35</line>
    </frame>
    <frame>
      <class>groovy.lang.GroovyShell</class>
      <method>runScriptOrMainOrTestOrRunnable</method>
      <line>254</line>
    </frame>
    <frame>
      <class>groovy.lang.GroovyShell</class>
      <method>run</method>
      <line>360</line>
    </frame>
    <frame>
      <class>groovy.lang.GroovyShell</class>
      <method>run</method>
      <line>349</line>
    </frame>
    <frame>
      <class>groovy.ui.GroovyMain</class>
      <method>processOnce</method>
      <line>652</line>
    </frame>
    <frame>
      <class>groovy.ui.GroovyMain</class>
      <method>run</method>
      <line>398</line>
    </frame>
    <frame>
      <class>groovy.ui.GroovyMain</class>
      <method>access$1400</method>
      <line>68</line>
    </frame>
    <frame>
      <class>groovy.ui.GroovyMain$GroovyCommand</class>
      <method>process</method>
      <line>322</line>
    </frame>
    <frame>
      <class>groovy.ui.GroovyMain</class>
      <method>processArgs</method>
      <line>142</line>
    </frame>
    <frame>
      <class>groovy.ui.GroovyMain</class>
      <method>main</method>
      <line>115</line>
    </frame>
    <frame>
      <class>jdk.internal.reflect.NativeMethodAccessorImpl</class>
      <method>invoke0</method>
    </frame>
    <frame>
      <class>jdk.internal.reflect.NativeMethodAccessorImpl</class>
      <method>invoke</method>
      <line>77</line>
    </frame>
    <frame>
      <class>jdk.internal.reflect.DelegatingMethodAccessorImpl</class>
      <method>invoke</method>
      <line>43</line>
    </frame>
    <frame>
      <class>java.lang.reflect.Method</class>
      <method>invoke</method>
      <line>569</line>
    </frame>
    <frame>
      <class>org.codehaus.groovy.tools.GroovyStarter</class>
      <method>rootLoader</method>
      <line>117</line>
    </frame>
    <frame>
      <class>org.codehaus.groovy.tools.GroovyStarter</class>
      <method>main</method>
      <line>39</line>
    </frame>
  </exception>
  <nestedLevel>0</nestedLevel>
  <escapedJava>false</escapedJava>
  <property name="failed.exception.stacktrace">com.kms.katalon.core.webui.exception.WebElementNotFoundException: Web element with id: &apos;Object Repository/AI-Generated/Katalian Banking Production/Page_transfer/button_confirmTransfer&apos; located by &apos;button &gt;&gt; internal:text=\&quot;Confirm Transfer\&quot;s&apos; not found
	at com.kms.katalon.core.webui.model.WebUiElementFinder.findElement(WebUiElementFinder.java:55)
	at com.kms.katalon.core.webui.model.WebUiElementFinderWithTimeout.basicFindElement(WebUiElementFinderWithTimeout.java:50)
	at com.kms.katalon.core.webui.model.WebUiElementFinderWithTimeout.lambda$0(WebUiElementFinderWithTimeout.java:29)
	at com.kms.katalon.core.webui.model.SeleniumActionRetryController.performAction(SeleniumActionRetryController.java:96)
	at com.kms.katalon.core.webui.model.SeleniumActionRetryController.performAction(SeleniumActionRetryController.java:83)
	at com.kms.katalon.core.webui.model.WebUiElementFinderWithTimeout.findElement(WebUiElementFinderWithTimeout.java:28)
	at com.kms.katalon.core.webui.keyword.internal.WebUIAbstractKeyword.findWebElement(WebUIAbstractKeyword.groovy:96)
	at com.kms.katalon.core.webui.keyword.builtin.EnhancedClickKeyword$_click_closure1.doCall(EnhancedClickKeyword.groovy:69)
	at java.base/jdk.internal.reflect.NativeMethodAccessorImpl.invoke0(Native Method)
	at java.base/jdk.internal.reflect.NativeMethodAccessorImpl.invoke(NativeMethodAccessorImpl.java:77)
	at java.base/jdk.internal.reflect.DelegatingMethodAccessorImpl.invoke(DelegatingMethodAccessorImpl.java:43)
	at jdk.proxy2/jdk.proxy2.$Proxy51.execute(Unknown Source)
	at com.kms.katalon.core.webui.model.SeleniumActionRetryController.performAction(SeleniumActionRetryController.java:96)
	at com.kms.katalon.core.webui.model.SeleniumActionRetryController.performAction(SeleniumActionRetryController.java:83)
	at com.kms.katalon.core.webui.keyword.internal.WebUIKeywordMain$_runKeywordUntilTimeout_closure1.doCall(WebUIKeywordMain.groovy:135)
	at com.kms.katalon.core.webui.keyword.internal.WebUIKeywordMain$_runKeywordUntilTimeout_closure1.call(WebUIKeywordMain.groovy)
	at com.kms.katalon.core.webui.keyword.internal.WebUIKeywordMain.runKeyword(WebUIKeywordMain.groovy:41)
	at com.kms.katalon.core.webui.keyword.internal.WebUIKeywordMain.runKeywordUntilTimeout(WebUIKeywordMain.groovy:133)
	at com.kms.katalon.core.webui.keyword.builtin.EnhancedClickKeyword.click(EnhancedClickKeyword.groovy:95)
	at com.kms.katalon.core.webui.keyword.builtin.EnhancedClickKeyword.execute(EnhancedClickKeyword.groovy:41)
	at com.kms.katalon.core.keyword.internal.KeywordExecutor.executeKeywordForPlatform(KeywordExecutor.groovy:90)
	at com.kms.katalon.core.webui.keyword.WebUiBuiltInKeywords.enhancedClick(WebUiBuiltInKeywords.groovy:747)
	at TC3-Transfer Balance Between Accounts and Logout.run(TC3-Transfer Balance Between Accounts and Logout:33)
	at com.kms.katalon.core.main.ScriptEngine.run(ScriptEngine.java:194)
	at com.kms.katalon.core.main.ScriptEngine.runScriptAsRawText(ScriptEngine.java:119)
	at com.kms.katalon.core.main.TestCaseExecutor.runScript(TestCaseExecutor.java:490)
	at com.kms.katalon.core.main.TestCaseExecutor.doExecute(TestCaseExecutor.java:481)
	at com.kms.katalon.core.main.TestCaseExecutor.processExecutionPhase(TestCaseExecutor.java:460)
	at com.kms.katalon.core.main.TestCaseExecutor.accessMainPhase(TestCaseExecutor.java:452)
	at com.kms.katalon.core.main.TestCaseExecutor.execute(TestCaseExecutor.java:322)
	at com.kms.katalon.core.common.CommonExecutor.accessTestCaseMainPhase(CommonExecutor.java:71)
	at com.kms.katalon.core.main.TestSuiteExecutor.accessTestSuiteMainPhase(TestSuiteExecutor.java:153)
	at com.kms.katalon.core.main.TestSuiteExecutor.execute(TestSuiteExecutor.java:110)
	at com.kms.katalon.core.main.TestCaseMain.startTestSuite(TestCaseMain.java:205)
	at TempTestSuite1767713198027.run(TempTestSuite1767713198027.groovy:35)
	at java.base/jdk.internal.reflect.NativeMethodAccessorImpl.invoke0(Native Method)
	at java.base/jdk.internal.reflect.NativeMethodAccessorImpl.invoke(NativeMethodAccessorImpl.java:77)
	at java.base/jdk.internal.reflect.DelegatingMethodAccessorImpl.invoke(DelegatingMethodAccessorImpl.java:43)
</property>
  <property name="failed.exception.class">com.kms.katalon.core.webui.exception.WebElementNotFoundException</property>
  <property name="failed.exception.message">Web element with id: &apos;Object Repository/AI-Generated/Katalian Banking Production/Page_transfer/button_confirmTransfer&apos; located by &apos;button &gt;&gt; internal:text=\&quot;Confirm Transfer\&quot;s&apos; not found</property>
</record>
<record>
  <date>2026-01-06T15:27:07.572015Z</date>
  <millis>1767713227572</millis>
  <nanos>15000</nanos>
  <sequence>376</sequence>
  <level>START</level>
  <class>com.kms.katalon.core.logging.XmlKeywordLogger</class>
  <method>startKeyword</method>
  <thread>1</thread>
  <message>Start tear down : teardown</message>
  <nestedLevel>1</nestedLevel>
  <escapedJava>false</escapedJava>
  <property name="stepIndex">1</property>
  <property name="isIgnoredIfFailed">true</property>
</record>
<record>
  <date>2026-01-06T15:27:07.573337Z</date>
  <millis>1767713227573</millis>
  <nanos>337000</nanos>
  <sequence>377</sequence>
  <level>START</level>
  <class>com.kms.katalon.core.logging.XmlKeywordLogger</class>
  <method>startKeyword</method>
  <thread>1</thread>
  <message>Start action : closeBrowser()</message>
  <nestedLevel>1</nestedLevel>
  <escapedJava>false</escapedJava>
  <property name="startLine">51</property>
  <property name="stepIndex">1</property>
</record>
<record>
  <date>2026-01-06T15:27:07.667393Z</date>
  <millis>1767713227667</millis>
  <nanos>393000</nanos>
  <sequence>380</sequence>
  <level>PASSED</level>
  <class>com.kms.katalon.core.logging.XmlKeywordLogger</class>
  <method>logMessage</method>
  <thread>1</thread>
  <message>Browser is closed</message>
  <nestedLevel>1</nestedLevel>
  <escapedJava>false</escapedJava>
  <property name="testops-method-name">com.kms.katalon.core.webui.keyword.builtin.CloseBrowserKeyword.closeBrowser</property>
  <property name="testops-execution-stacktrace"></property>
</record>
<record>
  <date>2026-01-06T15:27:07.667550Z</date>
  <millis>1767713227667</millis>
  <nanos>550000</nanos>
  <sequence>381</sequence>
  <level>END</level>
  <class>com.kms.katalon.core.logging.XmlKeywordLogger</class>
  <method>endKeyword</method>
  <thread>1</thread>
  <message>End action : closeBrowser()</message>
  <nestedLevel>1</nestedLevel>
  <escapedJava>false</escapedJava>
</record>
<record>
  <date>2026-01-06T15:27:07.667722Z</date>
  <millis>1767713227667</millis>
  <nanos>722000</nanos>
  <sequence>383</sequence>
  <level>PASSED</level>
  <class>com.kms.katalon.core.logging.XmlKeywordLogger</class>
  <method>logMessage</method>
  <thread>1</thread>
  <message>Method &amp;apos;teardown&amp;apos; complete successfully</message>
  <nestedLevel>1</nestedLevel>
  <escapedJava>false</escapedJava>
  <property name="testops-execution-stacktrace">com.kms.katalon.core.logging.KeywordLogger.logPassed(KeywordLogger.java:332)
com.kms.katalon.core.logging.KeywordLogger.logPassed(KeywordLogger.java:346)
com.kms.katalon.core.main.TestCaseExecutor.runMethod(TestCaseExecutor.java:639)
com.kms.katalon.core.main.TestCaseExecutor.internallyRunMethods(TestCaseExecutor.java:622)
com.kms.katalon.core.main.TestCaseExecutor.runTearDownMethodByError(TestCaseExecutor.java:665)
com.kms.katalon.core.main.TestCaseExecutor.onExecutionError(TestCaseExecutor.java:189)
com.kms.katalon.core.main.TestCaseExecutor.processExecutionPhase(TestCaseExecutor.java:470)
com.kms.katalon.core.main.TestCaseExecutor.accessMainPhase(TestCaseExecutor.java:452)
com.kms.katalon.core.main.TestCaseExecutor.execute(TestCaseExecutor.java:322)
com.kms.katalon.core.common.CommonExecutor.accessTestCaseMainPhase(CommonExecutor.java:71)
com.kms.katalon.core.main.TestSuiteExecutor.accessTestSuiteMainPhase(TestSuiteExecutor.java:153)
com.kms.katalon.core.main.TestSuiteExecutor.execute(TestSuiteExecutor.java:110)
com.kms.katalon.core.main.TestCaseMain.startTestSuite(TestCaseMain.java:205)
TempTestSuite1767713198027.run(TempTestSuite1767713198027.groovy:35)
java.base/jdk.internal.reflect.NativeMethodAccessorImpl.invoke0(Native Method)
java.base/jdk.internal.reflect.NativeMethodAccessorImpl.invoke(NativeMethodAccessorImpl.java:77)
java.base/jdk.internal.reflect.DelegatingMethodAccessorImpl.invoke(DelegatingMethodAccessorImpl.java:43)
</property>
</record>
<record>
  <date>2026-01-06T15:27:07.667858Z</date>
  <millis>1767713227667</millis>
  <nanos>858000</nanos>
  <sequence>384</sequence>
  <level>END</level>
  <class>com.kms.katalon.core.logging.XmlKeywordLogger</class>
  <method>endKeyword</method>
  <thread>1</thread>
  <message>End tear down : teardown</message>
  <nestedLevel>1</nestedLevel>
  <escapedJava>false</escapedJava>
</record>
<record>
  <date>2026-01-06T15:27:07.668069Z</date>
  <millis>1767713227668</millis>
  <nanos>69000</nanos>
  <sequence>385</sequence>
  <level>START</level>
  <class>com.kms.katalon.core.logging.XmlKeywordLogger</class>
  <method>startKeyword</method>
  <thread>1</thread>
  <message>Start listener action : autoUpdateJobStatus</message>
  <nestedLevel>1</nestedLevel>
  <escapedJava>false</escapedJava>
</record>
<record>
  <date>2026-01-06T15:27:07.668257Z</date>
  <millis>1767713227668</millis>
  <nanos>257000</nanos>
  <sequence>387</sequence>
  <level>INFO</level>
  <class>com.kms.katalon.core.logging.XmlKeywordLogger</class>
  <method>logMessage</method>
  <thread>1</thread>
  <message>[SAUCELABS] Current run configuration: Chrome</message>
  <nestedLevel>1</nestedLevel>
  <escapedJava>false</escapedJava>
</record>
<record>
  <date>2026-01-06T15:27:07.668321Z</date>
  <millis>1767713227668</millis>
  <nanos>321000</nanos>
  <sequence>389</sequence>
  <level>END</level>
  <class>com.kms.katalon.core.logging.XmlKeywordLogger</class>
  <method>endKeyword</method>
  <thread>1</thread>
  <message>End listener action : autoUpdateJobStatus</message>
  <nestedLevel>1</nestedLevel>
  <escapedJava>false</escapedJava>
</record>
<record>
  <date>2026-01-06T15:27:07.668674Z</date>
  <millis>1767713227668</millis>
  <nanos>674000</nanos>
  <sequence>390</sequence>
  <level>END</level>
  <class>com.kms.katalon.core.logging.XmlKeywordLogger</class>
  <method>endTest</method>
  <thread>1</thread>
  <message>End Test Case : Test Cases/AI-Generated/Katalian Banking Production/TC3-Transfer Balance Between Accounts and Logout</message>
  <nestedLevel>0</nestedLevel>
  <escapedJava>false</escapedJava>
  <property name="executionBindingVariables">[
  {
    &quot;value&quot;: &quot;500000&quot;,
    &quot;isDefault&quot;: true,
    &quot;name&quot;: &quot;input_amount&quot;,
    &quot;masked&quot;: false
  },
  {
    &quot;value&quot;: &quot;Checking (...7890) - Balance: $5345.54&quot;,
    &quot;isDefault&quot;: true,
    &quot;name&quot;: &quot;select_fromAccount&quot;,
    &quot;masked&quot;: false
  }
]</property>
  <property name="applitools">false</property>
  <property name="remainingRetryCount">3</property>
  <property name="executedKeywords">{
  &quot;WebUI.navigateToUrl&quot;: 1,
  &quot;WebUI.selectOptionByLabel&quot;: 1,
  &quot;BuiltIn.callTestCase&quot;: 1,
  &quot;WebUI.openBrowser&quot;: 1,
  &quot;BuiltIn.delay&quot;: 1,
  &quot;WebUI.verifyElementPresent&quot;: 1,
  &quot;WebUI.closeBrowser&quot;: 1,
  &quot;WebUI.setEncryptedText&quot;: 1,
  &quot;WebUI.verifyOptionSelectedByLabel&quot;: 1,
  &quot;WebUI.click&quot;: 1,
  &quot;WebUI.setViewPortSize&quot;: 1,
  &quot;WebUI.enhancedClick&quot;: 4,
  &quot;WebUI.setText&quot;: 2
}</property>
  <property name="currentRetryCount">0</property>
  <property name="keywordsUsage">{
  &quot;web_ui&quot;: true,
  &quot;web_service&quot;: false,
  &quot;cucumber&quot;: false,
  &quot;builtin&quot;: true,
  &quot;mobile&quot;: false,
  &quot;windows&quot;: false,
  &quot;testng&quot;: false
}</property>
</record>
<record>
  <date>2026-01-06T15:27:07.670301Z</date>
  <millis>1767713227670</millis>
  <nanos>301000</nanos>
  <sequence>391</sequence>
  <level>START</level>
  <class>com.kms.katalon.core.logging.XmlKeywordLogger</class>
  <method>startTest</method>
  <thread>1</thread>
  <message>Start Test Case : Test Cases/AI-Generated/Katalian Banking Production/TC3-Transfer Balance Between Accounts and Logout</message>
  <nestedLevel>1</nestedLevel>
  <escapedJava>false</escapedJava>
  <property name="remainingRetryCount">2</property>
  <property name="origin">TRUETEST</property>
  <property name="name">Test Cases/AI-Generated/Katalian Banking Production/TC3-Transfer Balance Between Accounts and Logout</property>
  <property name="description">Login, transfer balance between accounts, confirm the transfer, logout, and verify the home page.</property>
  <property name="iteration"></property>
  <property name="id">Test Cases/AI-Generated/Katalian Banking Production/TC3-Transfer Balance Between Accounts and Logout</property>
  <property name="source">\Users\gia\Downloads\Katalian_Banking_2.0-main\Test Cases\AI-Generated\Katalian Banking Production\TC3-Transfer Balance Between Accounts and Logout.tc</property>
  <property name="tag"></property>
  <property name="isOptional">false</property>
  <property name="currentRetryCount">1</property>
</record>
<record>
  <date>2026-01-06T15:27:07.675425Z</date>
  <millis>1767713227675</millis>
  <nanos>425000</nanos>
  <sequence>393</sequence>
  <level>INFO</level>
  <class>com.kms.katalon.core.logging.XmlKeywordLogger</class>
  <method>logMessage</method>
  <thread>1</thread>
  <message>(Default) input_amount = 500000</message>
  <nestedLevel>1</nestedLevel>
  <escapedJava>false</escapedJava>
</record>
<record>
  <date>2026-01-06T15:27:07.675624Z</date>
  <millis>1767713227675</millis>
  <nanos>624000</nanos>
  <sequence>394</sequence>
  <level>INFO</level>
  <class>com.kms.katalon.core.logging.XmlKeywordLogger</class>
  <method>logMessage</method>
  <thread>1</thread>
  <message>(Default) select_fromAccount = Checking (...7890) - Balance: $5345.54</message>
  <nestedLevel>1</nestedLevel>
  <escapedJava>false</escapedJava>
</record>
<record>
  <date>2026-01-06T15:27:07.675709Z</date>
  <millis>1767713227675</millis>
  <nanos>709000</nanos>
  <sequence>395</sequence>
  <level>START</level>
  <class>com.kms.katalon.core.logging.XmlKeywordLogger</class>
  <method>startKeyword</method>
  <thread>1</thread>
  <message>Start listener action : enableSauceLabs</message>
  <nestedLevel>1</nestedLevel>
  <escapedJava>false</escapedJava>
</record>
<record>
  <date>2026-01-06T15:27:07.675816Z</date>
  <millis>1767713227675</millis>
  <nanos>816000</nanos>
  <sequence>397</sequence>
  <level>INFO</level>
  <class>com.kms.katalon.core.logging.XmlKeywordLogger</class>
  <method>logMessage</method>
  <thread>1</thread>
  <message>[SAUCELABS] Current run configuration: Chrome</message>
  <nestedLevel>1</nestedLevel>
  <escapedJava>false</escapedJava>
</record>
<record>
  <date>2026-01-06T15:27:07.675976Z</date>
  <millis>1767713227675</millis>
  <nanos>976000</nanos>
  <sequence>398</sequence>
  <level>INFO</level>
  <class>com.kms.katalon.core.logging.XmlKeywordLogger</class>
  <method>logMessage</method>
  <thread>1</thread>
  <message>[SAUCELABS] Saucelabs Plugin will not attempt to auto update job status and information !</message>
  <nestedLevel>1</nestedLevel>
  <escapedJava>false</escapedJava>
</record>
<record>
  <date>2026-01-06T15:27:07.676093Z</date>
  <millis>1767713227676</millis>
  <nanos>93000</nanos>
  <sequence>400</sequence>
  <level>END</level>
  <class>com.kms.katalon.core.logging.XmlKeywordLogger</class>
  <method>endKeyword</method>
  <thread>1</thread>
  <message>End listener action : enableSauceLabs</message>
  <nestedLevel>1</nestedLevel>
  <escapedJava>false</escapedJava>
</record>
<record>
  <date>2026-01-06T15:27:07.676334Z</date>
  <millis>1767713227676</millis>
  <nanos>334000</nanos>
  <sequence>402</sequence>
  <level>START</level>
  <class>com.kms.katalon.core.logging.XmlKeywordLogger</class>
  <method>startKeyword</method>
  <thread>1</thread>
  <message>Start setup action : setup</message>
  <nestedLevel>1</nestedLevel>
  <escapedJava>false</escapedJava>
  <property name="stepIndex">1</property>
</record>
<record>
  <date>2026-01-06T15:27:07.677006Z</date>
  <millis>1767713227677</millis>
  <nanos>6000</nanos>
  <sequence>403</sequence>
  <level>START</level>
  <class>com.kms.katalon.core.logging.XmlKeywordLogger</class>
  <method>startKeyword</method>
  <thread>1</thread>
  <message>Start action : openBrowser(&amp;quot;&amp;quot;)</message>
  <nestedLevel>1</nestedLevel>
  <escapedJava>false</escapedJava>
  <property name="startLine">14</property>
  <property name="stepIndex">1</property>
</record>
<record>
  <date>2026-01-06T15:27:07.678726Z</date>
  <millis>1767713227678</millis>
  <nanos>726000</nanos>
  <sequence>406</sequence>
  <level>INFO</level>
  <class>com.kms.katalon.core.logging.XmlKeywordLogger</class>
  <method>logMessage</method>
  <thread>1</thread>
  <message>Starting &amp;apos;Chrome&amp;apos; driver</message>
  <nestedLevel>1</nestedLevel>
  <escapedJava>false</escapedJava>
</record>
<record>
  <date>2026-01-06T15:27:07.679600Z</date>
  <millis>1767713227679</millis>
  <nanos>600000</nanos>
  <sequence>407</sequence>
  <level>INFO</level>
  <class>com.kms.katalon.core.logging.XmlKeywordLogger</class>
  <method>logMessage</method>
  <thread>1</thread>
  <message>Action delay is set to 0 milliseconds</message>
  <nestedLevel>1</nestedLevel>
  <escapedJava>false</escapedJava>
</record>
<record>
  <date>2026-01-06T15:27:08.712346Z</date>
  <millis>1767713228712</millis>
  <nanos>346000</nanos>
  <sequence>410</sequence>
  <level>RUN_DATA</level>
  <class>com.kms.katalon.core.logging.XmlKeywordLogger</class>
  <method>logMessage</method>
  <thread>1</thread>
  <message>sessionId = d82716e67565716d72150cdc98698e4d</message>
  <nestedLevel>1</nestedLevel>
  <escapedJava>false</escapedJava>
  <property name="sessionId">d82716e67565716d72150cdc98698e4d</property>
</record>
<record>
  <date>2026-01-06T15:27:08.712623Z</date>
  <millis>1767713228712</millis>
  <nanos>623000</nanos>
  <sequence>411</sequence>
  <level>RUN_DATA</level>
  <class>com.kms.katalon.core.logging.XmlKeywordLogger</class>
  <method>logMessage</method>
  <thread>1</thread>
  <message>browser = Chrome 143.0.7499.147</message>
  <nestedLevel>1</nestedLevel>
  <escapedJava>false</escapedJava>
  <property name="browser">Chrome 143.0.7499.147</property>
</record>
<record>
  <date>2026-01-06T15:27:08.712844Z</date>
  <millis>1767713228712</millis>
  <nanos>844000</nanos>
  <sequence>412</sequence>
  <level>RUN_DATA</level>
  <class>com.kms.katalon.core.logging.XmlKeywordLogger</class>
  <method>logMessage</method>
  <thread>1</thread>
  <message>platform = Mac OS X</message>
  <nestedLevel>1</nestedLevel>
  <escapedJava>false</escapedJava>
  <property name="platform">Mac OS X</property>
</record>
<record>
  <date>2026-01-06T15:27:08.713148Z</date>
  <millis>1767713228713</millis>
  <nanos>148000</nanos>
  <sequence>413</sequence>
  <level>RUN_DATA</level>
  <class>com.kms.katalon.core.logging.XmlKeywordLogger</class>
  <method>logMessage</method>
  <thread>1</thread>
  <message>seleniumVersion = 4.34.0</message>
  <nestedLevel>1</nestedLevel>
  <escapedJava>false</escapedJava>
  <property name="seleniumVersion">4.34.0</property>
</record>
<record>
  <date>2026-01-06T15:27:08.713553Z</date>
  <millis>1767713228713</millis>
  <nanos>553000</nanos>
  <sequence>414</sequence>
  <level>RUN_DATA</level>
  <class>com.kms.katalon.core.logging.XmlKeywordLogger</class>
  <method>logMessage</method>
  <thread>1</thread>
  <message>proxyInformation = ProxyInformation { proxyOption=NO_PROXY, proxyServerType=HTTP, username=, password=********, proxyServerAddress=, proxyServerPort=0, executionList=&amp;quot;&amp;quot;, isApplyToDesiredCapabilities=true }</message>
  <nestedLevel>1</nestedLevel>
  <escapedJava>false</escapedJava>
  <property name="proxyInformation">ProxyInformation { proxyOption=NO_PROXY, proxyServerType=HTTP, username=, password=********, proxyServerAddress=, proxyServerPort=0, executionList=&quot;&quot;, isApplyToDesiredCapabilities=true }</property>
</record>
<record>
  <date>2026-01-06T15:27:08.720268Z</date>
  <millis>1767713228720</millis>
  <nanos>268000</nanos>
  <sequence>415</sequence>
  <level>PASSED</level>
  <class>com.kms.katalon.core.logging.XmlKeywordLogger</class>
  <method>logMessage</method>
  <thread>1</thread>
  <message>Browser is opened with url: &amp;apos;&amp;apos;</message>
  <nestedLevel>1</nestedLevel>
  <escapedJava>false</escapedJava>
  <property name="testops-method-name">com.kms.katalon.core.webui.keyword.builtin.OpenBrowserKeyword.openBrowser</property>
  <property name="testops-execution-stacktrace"></property>
</record>
<record>
  <date>2026-01-06T15:27:08.720526Z</date>
  <millis>1767713228720</millis>
  <nanos>526000</nanos>
  <sequence>416</sequence>
  <level>END</level>
  <class>com.kms.katalon.core.logging.XmlKeywordLogger</class>
  <method>endKeyword</method>
  <thread>1</thread>
  <message>End action : openBrowser(&amp;quot;&amp;quot;)</message>
  <nestedLevel>1</nestedLevel>
  <escapedJava>false</escapedJava>
</record>
<record>
  <date>2026-01-06T15:27:08.720588Z</date>
  <millis>1767713228720</millis>
  <nanos>588000</nanos>
  <sequence>417</sequence>
  <level>START</level>
  <class>com.kms.katalon.core.logging.XmlKeywordLogger</class>
  <method>startKeyword</method>
  <thread>1</thread>
  <message>Start action : setViewPortSize(1512, 823)</message>
  <nestedLevel>1</nestedLevel>
  <escapedJava>false</escapedJava>
  <property name="startLine">15</property>
  <property name="stepIndex">2</property>
</record>
<record>
  <date>2026-01-06T15:27:09.064906Z</date>
  <millis>1767713229064</millis>
  <nanos>906000</nanos>
  <sequence>421</sequence>
  <level>INFO</level>
  <class>com.kms.katalon.core.logging.XmlKeywordLogger</class>
  <method>logMessage</method>
  <thread>1</thread>
  <message>Viewport size mismatch (1,512x746). Trying to set it again.</message>
  <nestedLevel>1</nestedLevel>
  <escapedJava>false</escapedJava>
</record>
<record>
  <date>2026-01-06T15:27:10.049345Z</date>
  <millis>1767713230049</millis>
  <nanos>345000</nanos>
  <sequence>422</sequence>
  <level>WARNING</level>
  <class>com.kms.katalon.core.logging.XmlKeywordLogger</class>
  <method>logMessage</method>
  <thread>1</thread>
  <message>Viewport size mismatch (1512x1512).</message>
  <nestedLevel>1</nestedLevel>
  <escapedJava>false</escapedJava>
</record>
<record>
  <date>2026-01-06T15:27:10.049539Z</date>
  <millis>1767713230049</millis>
  <nanos>539000</nanos>
  <sequence>423</sequence>
  <level>END</level>
  <class>com.kms.katalon.core.logging.XmlKeywordLogger</class>
  <method>endKeyword</method>
  <thread>1</thread>
  <message>End action : setViewPortSize(1512, 823)</message>
  <nestedLevel>1</nestedLevel>
  <escapedJava>false</escapedJava>
</record>
<record>
  <date>2026-01-06T15:27:10.049809Z</date>
  <millis>1767713230049</millis>
  <nanos>809000</nanos>
  <sequence>425</sequence>
  <level>PASSED</level>
  <class>com.kms.katalon.core.logging.XmlKeywordLogger</class>
  <method>logMessage</method>
  <thread>1</thread>
  <message>Method &amp;apos;setup&amp;apos; complete successfully</message>
  <nestedLevel>1</nestedLevel>
  <escapedJava>false</escapedJava>
  <property name="testops-execution-stacktrace">com.kms.katalon.core.logging.KeywordLogger.logPassed(KeywordLogger.java:332)
com.kms.katalon.core.logging.KeywordLogger.logPassed(KeywordLogger.java:346)
com.kms.katalon.core.main.TestCaseExecutor.runMethod(TestCaseExecutor.java:639)
com.kms.katalon.core.main.TestCaseExecutor.internallyRunMethods(TestCaseExecutor.java:622)
com.kms.katalon.core.main.TestCaseExecutor.processSetupPhase(TestCaseExecutor.java:234)
com.kms.katalon.core.main.TestCaseExecutor.accessMainPhase(TestCaseExecutor.java:448)
com.kms.katalon.core.main.TestCaseExecutor.execute(TestCaseExecutor.java:322)
com.kms.katalon.core.main.TestCaseExecutor.execute(TestCaseExecutor.java:410)
com.kms.katalon.core.common.CommonExecutor.accessTestCaseMainPhase(CommonExecutor.java:71)
com.kms.katalon.core.main.TestSuiteExecutor.accessTestSuiteMainPhase(TestSuiteExecutor.java:153)
com.kms.katalon.core.main.TestSuiteExecutor.execute(TestSuiteExecutor.java:110)
com.kms.katalon.core.main.TestCaseMain.startTestSuite(TestCaseMain.java:205)
TempTestSuite1767713198027.run(TempTestSuite1767713198027.groovy:35)
java.base/jdk.internal.reflect.NativeMethodAccessorImpl.invoke0(Native Method)
java.base/jdk.internal.reflect.NativeMethodAccessorImpl.invoke(NativeMethodAccessorImpl.java:77)
java.base/jdk.internal.reflect.DelegatingMethodAccessorImpl.invoke(DelegatingMethodAccessorImpl.java:43)
</property>
</record>
<record>
  <date>2026-01-06T15:27:10.049919Z</date>
  <millis>1767713230049</millis>
  <nanos>919000</nanos>
  <sequence>426</sequence>
  <level>END</level>
  <class>com.kms.katalon.core.logging.XmlKeywordLogger</class>
  <method>endKeyword</method>
  <thread>1</thread>
  <message>End setup action : setup</message>
  <nestedLevel>1</nestedLevel>
  <escapedJava>false</escapedJava>
</record>
<record>
  <date>2026-01-06T15:27:10.050499Z</date>
  <millis>1767713230050</millis>
  <nanos>499000</nanos>
  <sequence>427</sequence>
  <level>START</level>
  <class>com.kms.katalon.core.logging.XmlKeywordLogger</class>
  <method>startKeyword</method>
  <thread>1</thread>
  <message>Start action : reportLocation = getReportFolder()</message>
  <nestedLevel>1</nestedLevel>
  <escapedJava>false</escapedJava>
  <property name="startLine">8</property>
  <property name="stepIndex">1</property>
</record>
<record>
  <date>2026-01-06T15:27:10.050634Z</date>
  <millis>1767713230050</millis>
  <nanos>634000</nanos>
  <sequence>428</sequence>
  <level>END</level>
  <class>com.kms.katalon.core.logging.XmlKeywordLogger</class>
  <method>endKeyword</method>
  <thread>1</thread>
  <message>End action : reportLocation = getReportFolder()</message>
  <nestedLevel>1</nestedLevel>
  <escapedJava>false</escapedJava>
</record>
<record>
  <date>2026-01-06T15:27:10.050684Z</date>
  <millis>1767713230050</millis>
  <nanos>684000</nanos>
  <sequence>429</sequence>
  <level>START</level>
  <class>com.kms.katalon.core.logging.XmlKeywordLogger</class>
  <method>startKeyword</method>
  <thread>1</thread>
  <message>Start action : &amp;quot;Initialize test session: Open browser and set view port&amp;quot;</message>
  <nestedLevel>1</nestedLevel>
  <escapedJava>false</escapedJava>
  <property name="startLine">10</property>
  <property name="stepIndex">2</property>
</record>
<record>
  <date>2026-01-06T15:27:10.050765Z</date>
  <millis>1767713230050</millis>
  <nanos>765000</nanos>
  <sequence>430</sequence>
  <level>END</level>
  <class>com.kms.katalon.core.logging.XmlKeywordLogger</class>
  <method>endKeyword</method>
  <thread>1</thread>
  <message>End action : &amp;quot;Initialize test session: Open browser and set view port&amp;quot;</message>
  <nestedLevel>1</nestedLevel>
  <escapedJava>false</escapedJava>
</record>
<record>
  <date>2026-01-06T15:27:10.050832Z</date>
  <millis>1767713230050</millis>
  <nanos>832000</nanos>
  <sequence>431</sequence>
  <level>START</level>
  <class>com.kms.katalon.core.logging.XmlKeywordLogger</class>
  <method>startKeyword</method>
  <thread>1</thread>
  <message>Start action : TrueTestScripts.navigate(&amp;quot;&amp;quot;)</message>
  <nestedLevel>1</nestedLevel>
  <escapedJava>false</escapedJava>
  <property name="startLine">21</property>
  <property name="stepIndex">3</property>
  <property name="description">Step 1: Navigate to /login</property>
</record>
<record>
  <date>2026-01-06T15:27:10.417676Z</date>
  <millis>1767713230417</millis>
  <nanos>676000</nanos>
  <sequence>435</sequence>
  <level>PASSED</level>
  <class>com.kms.katalon.core.logging.XmlKeywordLogger</class>
  <method>logMessage</method>
  <thread>1</thread>
  <message>Navigate to &amp;apos;https://katalian-banking.vercel.app/&amp;apos; successfully</message>
  <nestedLevel>1</nestedLevel>
  <escapedJava>false</escapedJava>
  <property name="testops-method-name">com.kms.katalon.core.webui.keyword.builtin.NavigateToUrlKeyword.navigateToUrl</property>
  <property name="testops-execution-stacktrace"></property>
</record>
<record>
  <date>2026-01-06T15:27:13.424303Z</date>
  <millis>1767713233424</millis>
  <nanos>303000</nanos>
  <sequence>438</sequence>
  <level>PASSED</level>
  <class>com.kms.katalon.core.logging.XmlKeywordLogger</class>
  <method>logMessage</method>
  <thread>1</thread>
  <message>Delayed 3 second(s)</message>
  <nestedLevel>1</nestedLevel>
  <escapedJava>false</escapedJava>
  <property name="testops-method-name">com.kms.katalon.core.keyword.builtin.DelayKeyword.delay</property>
  <property name="testops-execution-stacktrace"></property>
</record>
<record>
  <date>2026-01-06T15:27:13.424600Z</date>
  <millis>1767713233424</millis>
  <nanos>600000</nanos>
  <sequence>439</sequence>
  <level>END</level>
  <class>com.kms.katalon.core.logging.XmlKeywordLogger</class>
  <method>endKeyword</method>
  <thread>1</thread>
  <message>End action : TrueTestScripts.navigate(&amp;quot;&amp;quot;)</message>
  <nestedLevel>1</nestedLevel>
  <escapedJava>false</escapedJava>
</record>
<record>
  <date>2026-01-06T15:27:13.424661Z</date>
  <millis>1767713233424</millis>
  <nanos>661000</nanos>
  <sequence>440</sequence>
  <level>START</level>
  <class>com.kms.katalon.core.logging.XmlKeywordLogger</class>
  <method>startKeyword</method>
  <thread>1</thread>
  <message>Start action : TrueTestScripts.login()</message>
  <nestedLevel>1</nestedLevel>
  <escapedJava>false</escapedJava>
  <property name="startLine">25</property>
  <property name="stepIndex">4</property>
  <property name="description">Step 2: Login into Application</property>
</record>
<record>
  <date>2026-01-06T15:27:13.482976Z</date>
  <millis>1767713233482</millis>
  <nanos>976000</nanos>
  <sequence>444</sequence>
  <level>START</level>
  <class>com.kms.katalon.core.logging.XmlKeywordLogger</class>
  <method>startTest</method>
  <thread>1</thread>
  <message>Start Test Case : Test Cases/Login</message>
  <nestedLevel>2</nestedLevel>
  <escapedJava>false</escapedJava>
  <property name="origin"></property>
  <property name="name">Test Cases/Login</property>
  <property name="description"></property>
  <property name="iteration"></property>
  <property name="id">Test Cases/Login</property>
  <property name="source">\Users\gia\Downloads\Katalian_Banking_2.0-main\Test Cases\Login.tc</property>
  <property name="tag"></property>
  <property name="isOptional">false</property>
</record>
<record>
  <date>2026-01-06T15:27:13.487670Z</date>
  <millis>1767713233487</millis>
  <nanos>670000</nanos>
  <sequence>446</sequence>
  <level>START</level>
  <class>com.kms.katalon.core.logging.XmlKeywordLogger</class>
  <method>startKeyword</method>
  <thread>1</thread>
  <message>Start action : setText(findTestObject(&amp;quot;Object Repository/Page_Katalian Bank/input_Username_username&amp;quot;), &amp;quot;bankinguser123&amp;quot;)</message>
  <nestedLevel>1</nestedLevel>
  <escapedJava>false</escapedJava>
  <property name="startLine">20</property>
  <property name="stepIndex">1</property>
</record>
<record>
  <date>2026-01-06T15:27:14.027602Z</date>
  <millis>1767713234027</millis>
  <nanos>602000</nanos>
  <sequence>460</sequence>
  <level>PASSED</level>
  <class>com.kms.katalon.core.logging.XmlKeywordLogger</class>
  <method>logMessage</method>
  <thread>1</thread>
  <message>Text &amp;apos;bankinguser123&amp;apos; is set on object &amp;apos;Object Repository/Page_Katalian Bank/input_Username_username&amp;apos;</message>
  <nestedLevel>2</nestedLevel>
  <escapedJava>false</escapedJava>
  <property name="testops-method-name">com.kms.katalon.core.webui.keyword.internal.WebUIKeywordMain.runKeywordUntilTimeout</property>
  <property name="testops-execution-stacktrace">com.kms.katalon.core.logging.KeywordLogger.logPassed(KeywordLogger.java:332)
com.kms.katalon.core.logging.KeywordLogger.logPassed(KeywordLogger.java:327)
com.kms.katalon.core.webui.keyword.builtin.SetTextKeyword$_setText_closure1.doCall(SetTextKeyword.groovy:99)
java.base/jdk.internal.reflect.NativeMethodAccessorImpl.invoke0(Native Method)
java.base/jdk.internal.reflect.NativeMethodAccessorImpl.invoke(NativeMethodAccessorImpl.java:77)
java.base/jdk.internal.reflect.DelegatingMethodAccessorImpl.invoke(DelegatingMethodAccessorImpl.java:43)
jdk.proxy2/jdk.proxy2.$Proxy51.execute(Unknown Source)
com.kms.katalon.core.webui.model.SeleniumActionRetryController.performAction(SeleniumActionRetryController.java:96)
com.kms.katalon.core.webui.model.SeleniumActionRetryController.performAction(SeleniumActionRetryController.java:83)
com.kms.katalon.core.webui.keyword.internal.WebUIKeywordMain$_runKeywordUntilTimeout_closure1.doCall(WebUIKeywordMain.groovy:135)
com.kms.katalon.core.webui.keyword.internal.WebUIKeywordMain$_runKeywordUntilTimeout_closure1.call(WebUIKeywordMain.groovy)
com.kms.katalon.core.webui.keyword.internal.WebUIKeywordMain.runKeyword(WebUIKeywordMain.groovy:41)
com.kms.katalon.core.webui.keyword.internal.WebUIKeywordMain.runKeywordUntilTimeout(WebUIKeywordMain.groovy:133)
com.kms.katalon.core.webui.keyword.builtin.SetTextKeyword.setText(SetTextKeyword.groovy:106)
com.kms.katalon.core.webui.keyword.builtin.SetTextKeyword.execute(SetTextKeyword.groovy:49)
com.kms.katalon.core.keyword.internal.KeywordExecutor.executeKeywordForPlatform(KeywordExecutor.groovy:90)
com.kms.katalon.core.webui.keyword.WebUiBuiltInKeywords.setText(WebUiBuiltInKeywords.groovy:1081)
Login.run(Login:20)
</property>
</record>
<record>
  <date>2026-01-06T15:27:14.028024Z</date>
  <millis>1767713234028</millis>
  <nanos>24000</nanos>
  <sequence>461</sequence>
  <level>END</level>
  <class>com.kms.katalon.core.logging.XmlKeywordLogger</class>
  <method>endKeyword</method>
  <thread>1</thread>
  <message>End action : setText(findTestObject(&amp;quot;Object Repository/Page_Katalian Bank/input_Username_username&amp;quot;), &amp;quot;bankinguser123&amp;quot;)</message>
  <nestedLevel>1</nestedLevel>
  <escapedJava>false</escapedJava>
</record>
<record>
  <date>2026-01-06T15:27:14.028097Z</date>
  <millis>1767713234028</millis>
  <nanos>97000</nanos>
  <sequence>462</sequence>
  <level>START</level>
  <class>com.kms.katalon.core.logging.XmlKeywordLogger</class>
  <method>startKeyword</method>
  <thread>1</thread>
  <message>Start action : setEncryptedText(findTestObject(&amp;quot;Object Repository/Page_Katalian Bank/input_Password_password&amp;quot;), &amp;quot;CS9RmWxFPRFoMJc95WUBEN4WG8mxfTJo&amp;quot;)</message>
  <nestedLevel>1</nestedLevel>
  <escapedJava>false</escapedJava>
  <property name="startLine">22</property>
  <property name="stepIndex">2</property>
</record>
<record>
  <date>2026-01-06T15:27:14.279845Z</date>
  <millis>1767713234279</millis>
  <nanos>845000</nanos>
  <sequence>475</sequence>
  <level>PASSED</level>
  <class>com.kms.katalon.core.logging.XmlKeywordLogger</class>
  <method>logMessage</method>
  <thread>1</thread>
  <message>Text ****** has been set on object &amp;apos;Object Repository/Page_Katalian Bank/input_Password_password&amp;apos;</message>
  <nestedLevel>2</nestedLevel>
  <escapedJava>false</escapedJava>
  <property name="testops-method-name">com.kms.katalon.core.webui.keyword.internal.WebUIKeywordMain.runKeywordUntilTimeout</property>
  <property name="testops-execution-stacktrace">com.kms.katalon.core.logging.KeywordLogger.logPassed(KeywordLogger.java:332)
com.kms.katalon.core.logging.KeywordLogger.logPassed(KeywordLogger.java:327)
com.kms.katalon.core.webui.keyword.builtin.SetEncryptedTextKeyword$_setEncryptedText_closure1.doCall(SetEncryptedTextKeyword.groovy:82)
java.base/jdk.internal.reflect.NativeMethodAccessorImpl.invoke0(Native Method)
java.base/jdk.internal.reflect.NativeMethodAccessorImpl.invoke(NativeMethodAccessorImpl.java:77)
java.base/jdk.internal.reflect.DelegatingMethodAccessorImpl.invoke(DelegatingMethodAccessorImpl.java:43)
jdk.proxy2/jdk.proxy2.$Proxy51.execute(Unknown Source)
com.kms.katalon.core.webui.model.SeleniumActionRetryController.performAction(SeleniumActionRetryController.java:96)
com.kms.katalon.core.webui.model.SeleniumActionRetryController.performAction(SeleniumActionRetryController.java:83)
com.kms.katalon.core.webui.keyword.internal.WebUIKeywordMain$_runKeywordUntilTimeout_closure1.doCall(WebUIKeywordMain.groovy:135)
com.kms.katalon.core.webui.keyword.internal.WebUIKeywordMain$_runKeywordUntilTimeout_closure1.call(WebUIKeywordMain.groovy)
com.kms.katalon.core.webui.keyword.internal.WebUIKeywordMain.runKeyword(WebUIKeywordMain.groovy:41)
com.kms.katalon.core.webui.keyword.internal.WebUIKeywordMain.runKeywordUntilTimeout(WebUIKeywordMain.groovy:133)
com.kms.katalon.core.webui.keyword.builtin.SetEncryptedTextKeyword.setEncryptedText(SetEncryptedTextKeyword.groovy:88)
com.kms.katalon.core.webui.keyword.builtin.SetEncryptedTextKeyword.execute(SetEncryptedTextKeyword.groovy:48)
com.kms.katalon.core.keyword.internal.KeywordExecutor.executeKeywordForPlatform(KeywordExecutor.groovy:90)
com.kms.katalon.core.webui.keyword.WebUiBuiltInKeywords.setEncryptedText(WebUiBuiltInKeywords.groovy:1112)
Login.run(Login:22)
</property>
</record>
<record>
  <date>2026-01-06T15:27:14.280251Z</date>
  <millis>1767713234280</millis>
  <nanos>251000</nanos>
  <sequence>476</sequence>
  <level>END</level>
  <class>com.kms.katalon.core.logging.XmlKeywordLogger</class>
  <method>endKeyword</method>
  <thread>1</thread>
  <message>End action : setEncryptedText(findTestObject(&amp;quot;Object Repository/Page_Katalian Bank/input_Password_password&amp;quot;), &amp;quot;CS9RmWxFPRFoMJc95WUBEN4WG8mxfTJo&amp;quot;)</message>
  <nestedLevel>1</nestedLevel>
  <escapedJava>false</escapedJava>
</record>
<record>
  <date>2026-01-06T15:27:14.280322Z</date>
  <millis>1767713234280</millis>
  <nanos>322000</nanos>
  <sequence>477</sequence>
  <level>START</level>
  <class>com.kms.katalon.core.logging.XmlKeywordLogger</class>
  <method>startKeyword</method>
  <thread>1</thread>
  <message>Start action : click(findTestObject(&amp;quot;Object Repository/Page_Katalian Bank/button_Sign in&amp;quot;))</message>
  <nestedLevel>1</nestedLevel>
  <escapedJava>false</escapedJava>
  <property name="startLine">24</property>
  <property name="stepIndex">3</property>
</record>
<record>
  <date>2026-01-06T15:27:14.543143Z</date>
  <millis>1767713234543</millis>
  <nanos>143000</nanos>
  <sequence>488</sequence>
  <level>PASSED</level>
  <class>com.kms.katalon.core.logging.XmlKeywordLogger</class>
  <method>logMessage</method>
  <thread>1</thread>
  <message>Object: &amp;apos;Object Repository/Page_Katalian Bank/button_Sign in&amp;apos; is clicked on</message>
  <nestedLevel>2</nestedLevel>
  <escapedJava>false</escapedJava>
  <property name="testops-method-name">com.kms.katalon.core.webui.keyword.internal.WebUIKeywordMain.runKeywordUntilTimeout</property>
  <property name="testops-execution-stacktrace">com.kms.katalon.core.logging.KeywordLogger.logPassed(KeywordLogger.java:332)
com.kms.katalon.core.logging.KeywordLogger.logPassed(KeywordLogger.java:327)
com.kms.katalon.core.webui.keyword.builtin.ClickKeyword$_click_closure1.doCall(ClickKeyword.groovy:66)
java.base/jdk.internal.reflect.NativeMethodAccessorImpl.invoke0(Native Method)
java.base/jdk.internal.reflect.NativeMethodAccessorImpl.invoke(NativeMethodAccessorImpl.java:77)
java.base/jdk.internal.reflect.DelegatingMethodAccessorImpl.invoke(DelegatingMethodAccessorImpl.java:43)
jdk.proxy2/jdk.proxy2.$Proxy51.execute(Unknown Source)
com.kms.katalon.core.webui.model.SeleniumActionRetryController.performAction(SeleniumActionRetryController.java:96)
com.kms.katalon.core.webui.model.SeleniumActionRetryController.performAction(SeleniumActionRetryController.java:83)
com.kms.katalon.core.webui.keyword.internal.WebUIKeywordMain$_runKeywordUntilTimeout_closure1.doCall(WebUIKeywordMain.groovy:135)
com.kms.katalon.core.webui.keyword.internal.WebUIKeywordMain$_runKeywordUntilTimeout_closure1.call(WebUIKeywordMain.groovy)
com.kms.katalon.core.webui.keyword.internal.WebUIKeywordMain.runKeyword(WebUIKeywordMain.groovy:41)
com.kms.katalon.core.webui.keyword.internal.WebUIKeywordMain.runKeywordUntilTimeout(WebUIKeywordMain.groovy:133)
com.kms.katalon.core.webui.keyword.builtin.ClickKeyword.click(ClickKeyword.groovy:72)
com.kms.katalon.core.webui.keyword.builtin.ClickKeyword.execute(ClickKeyword.groovy:38)
com.kms.katalon.core.keyword.internal.KeywordExecutor.executeKeywordForPlatform(KeywordExecutor.groovy:90)
com.kms.katalon.core.webui.keyword.WebUiBuiltInKeywords.click(WebUiBuiltInKeywords.groovy:721)
Login.run(Login:24)
</property>
</record>
<record>
  <date>2026-01-06T15:27:14.543909Z</date>
  <millis>1767713234543</millis>
  <nanos>909000</nanos>
  <sequence>489</sequence>
  <level>END</level>
  <class>com.kms.katalon.core.logging.XmlKeywordLogger</class>
  <method>endKeyword</method>
  <thread>1</thread>
  <message>End action : click(findTestObject(&amp;quot;Object Repository/Page_Katalian Bank/button_Sign in&amp;quot;))</message>
  <nestedLevel>1</nestedLevel>
  <escapedJava>false</escapedJava>
</record>
<record>
  <date>2026-01-06T15:27:14.544009Z</date>
  <millis>1767713234544</millis>
  <nanos>9000</nanos>
  <sequence>490</sequence>
  <level>START</level>
  <class>com.kms.katalon.core.logging.XmlKeywordLogger</class>
  <method>startKeyword</method>
  <thread>1</thread>
  <message>Start action : verifyElementPresent(findTestObject(&amp;quot;Object Repository/Page_Katalian Bank/h1_Katalian Bank&amp;quot;), 0)</message>
  <nestedLevel>1</nestedLevel>
  <escapedJava>false</escapedJava>
  <property name="startLine">26</property>
  <property name="stepIndex">4</property>
</record>
<record>
  <date>2026-01-06T15:27:14.548730Z</date>
  <millis>1767713234548</millis>
  <nanos>730000</nanos>
  <sequence>495</sequence>
  <level>WARNING</level>
  <class>com.kms.katalon.core.logging.XmlKeywordLogger</class>
  <method>logMessage</method>
  <thread>1</thread>
  <message>Timeout &amp;apos;0&amp;apos; is invalid. Using default page load timeout: &amp;apos;10&amp;apos;</message>
  <nestedLevel>2</nestedLevel>
  <escapedJava>false</escapedJava>
</record>
<record>
  <date>2026-01-06T15:27:14.963381Z</date>
  <millis>1767713234963</millis>
  <nanos>381000</nanos>
  <sequence>498</sequence>
  <level>PASSED</level>
  <class>com.kms.katalon.core.logging.XmlKeywordLogger</class>
  <method>logMessage</method>
  <thread>1</thread>
  <message>Object &amp;apos;Object Repository/Page_Katalian Bank/h1_Katalian Bank&amp;apos; is present</message>
  <nestedLevel>2</nestedLevel>
  <escapedJava>false</escapedJava>
  <property name="testops-is-assertion">true</property>
  <property name="testops-method-name">com.kms.katalon.core.webui.keyword.builtin.VerifyElementPresentKeyword.verifyElementPresent</property>
  <property name="testops-execution-stacktrace"></property>
</record>
<record>
  <date>2026-01-06T15:27:14.963574Z</date>
  <millis>1767713234963</millis>
  <nanos>574000</nanos>
  <sequence>499</sequence>
  <level>END</level>
  <class>com.kms.katalon.core.logging.XmlKeywordLogger</class>
  <method>endKeyword</method>
  <thread>1</thread>
  <message>End action : verifyElementPresent(findTestObject(&amp;quot;Object Repository/Page_Katalian Bank/h1_Katalian Bank&amp;quot;), 0)</message>
  <nestedLevel>1</nestedLevel>
  <escapedJava>false</escapedJava>
</record>
<record>
  <date>2026-01-06T15:27:14.963662Z</date>
  <millis>1767713234963</millis>
  <nanos>662000</nanos>
  <sequence>500</sequence>
  <level>PASSED</level>
  <class>com.kms.katalon.core.logging.XmlKeywordLogger</class>
  <method>logMessage</method>
  <thread>1</thread>
  <message>Test Cases/Login</message>
  <nestedLevel>2</nestedLevel>
  <escapedJava>false</escapedJava>
</record>
<record>
  <date>2026-01-06T15:27:14.963997Z</date>
  <millis>1767713234963</millis>
  <nanos>997000</nanos>
  <sequence>501</sequence>
  <level>END</level>
  <class>com.kms.katalon.core.logging.XmlKeywordLogger</class>
  <method>endTest</method>
  <thread>1</thread>
  <message>End Test Case : Test Cases/Login</message>
  <nestedLevel>1</nestedLevel>
  <escapedJava>false</escapedJava>
</record>
<record>
  <date>2026-01-06T15:27:14.964188Z</date>
  <millis>1767713234964</millis>
  <nanos>188000</nanos>
  <sequence>502</sequence>
  <level>PASSED</level>
  <class>com.kms.katalon.core.logging.XmlKeywordLogger</class>
  <method>logMessage</method>
  <thread>1</thread>
  <message>Call Test Case &amp;apos;Test Cases/Login&amp;apos; successfully</message>
  <nestedLevel>1</nestedLevel>
  <escapedJava>false</escapedJava>
  <property name="testops-method-name">com.kms.katalon.core.keyword.builtin.CallTestCaseKeyword.callTestCase</property>
  <property name="testops-execution-stacktrace"></property>
</record>
<record>
  <date>2026-01-06T15:27:14.964409Z</date>
  <millis>1767713234964</millis>
  <nanos>409000</nanos>
  <sequence>503</sequence>
  <level>END</level>
  <class>com.kms.katalon.core.logging.XmlKeywordLogger</class>
  <method>endKeyword</method>
  <thread>1</thread>
  <message>End action : TrueTestScripts.login()</message>
  <nestedLevel>1</nestedLevel>
  <escapedJava>false</escapedJava>
</record>
<record>
  <date>2026-01-06T15:27:14.964558Z</date>
  <millis>1767713234964</millis>
  <nanos>558000</nanos>
  <sequence>504</sequence>
  <level>START</level>
  <class>com.kms.katalon.core.logging.XmlKeywordLogger</class>
  <method>startKeyword</method>
  <thread>1</thread>
  <message>Start action : transferBalanceAndReview.execute(input_amount, select_fromAccount)</message>
  <nestedLevel>1</nestedLevel>
  <escapedJava>false</escapedJava>
  <property name="startLine">29</property>
  <property name="stepIndex">5</property>
  <property name="description">Step 3: Transfer balance between accounts and review transfer</property>
</record>
<record>
  <date>2026-01-06T15:27:15.005434Z</date>
  <millis>1767713235005</millis>
  <nanos>434000</nanos>
  <sequence>516</sequence>
  <level>PASSED</level>
  <class>com.kms.katalon.core.logging.XmlKeywordLogger</class>
  <method>logMessage</method>
  <thread>1</thread>
  <message>Object: &amp;apos;Object Repository/AI-Generated/Katalian Banking Production/Page_dashboard/button_transferBalance&amp;apos; is clicked on</message>
  <nestedLevel>1</nestedLevel>
  <escapedJava>false</escapedJava>
  <property name="testops-method-name">com.kms.katalon.core.webui.keyword.internal.WebUIKeywordMain.runKeywordUntilTimeout</property>
  <property name="testops-execution-stacktrace">com.kms.katalon.core.logging.KeywordLogger.logPassed(KeywordLogger.java:332)
com.kms.katalon.core.logging.KeywordLogger.logPassed(KeywordLogger.java:327)
com.kms.katalon.core.webui.keyword.builtin.EnhancedClickKeyword$_click_closure1$_closure5.doCall(EnhancedClickKeyword.groovy:88)
java.base/jdk.internal.reflect.NativeMethodAccessorImpl.invoke0(Native Method)
java.base/jdk.internal.reflect.NativeMethodAccessorImpl.invoke(NativeMethodAccessorImpl.java:77)
java.base/jdk.internal.reflect.DelegatingMethodAccessorImpl.invoke(DelegatingMethodAccessorImpl.java:43)
jdk.proxy2/jdk.proxy2.$Proxy54.accept(Unknown Source)
com.kms.katalon.core.trymonad.Success.onSuccess(Try.java:263)
com.kms.katalon.core.webui.keyword.builtin.EnhancedClickKeyword$_click_closure1.doCall(EnhancedClickKeyword.groovy:71)
java.base/jdk.internal.reflect.NativeMethodAccessorImpl.invoke0(Native Method)
java.base/jdk.internal.reflect.NativeMethodAccessorImpl.invoke(NativeMethodAccessorImpl.java:77)
java.base/jdk.internal.reflect.DelegatingMethodAccessorImpl.invoke(DelegatingMethodAccessorImpl.java:43)
jdk.proxy2/jdk.proxy2.$Proxy51.execute(Unknown Source)
com.kms.katalon.core.webui.model.SeleniumActionRetryController.performAction(SeleniumActionRetryController.java:96)
com.kms.katalon.core.webui.model.SeleniumActionRetryController.performAction(SeleniumActionRetryController.java:83)
com.kms.katalon.core.webui.keyword.internal.WebUIKeywordMain$_runKeywordUntilTimeout_closure1.doCall(WebUIKeywordMain.groovy:135)
com.kms.katalon.core.webui.keyword.internal.WebUIKeywordMain$_runKeywordUntilTimeout_closure1.call(WebUIKeywordMain.groovy)
com.kms.katalon.core.webui.keyword.internal.WebUIKeywordMain.runKeyword(WebUIKeywordMain.groovy:41)
com.kms.katalon.core.webui.keyword.internal.WebUIKeywordMain.runKeywordUntilTimeout(WebUIKeywordMain.groovy:133)
com.kms.katalon.core.webui.keyword.builtin.EnhancedClickKeyword.click(EnhancedClickKeyword.groovy:95)
com.kms.katalon.core.webui.keyword.builtin.EnhancedClickKeyword.execute(EnhancedClickKeyword.groovy:41)
com.kms.katalon.core.keyword.internal.KeywordExecutor.executeKeywordForPlatform(KeywordExecutor.groovy:90)
com.kms.katalon.core.webui.keyword.WebUiBuiltInKeywords.enhancedClick(WebUiBuiltInKeywords.groovy:747)
truetest.Katalian_Banking_Production.common.transferBalanceAndReview.execute(transferBalanceAndReview.groovy:15)
TC3-Transfer Balance Between Accounts and Logout.run(TC3-Transfer Balance Between Accounts and Logout:29)
</property>
</record>
<record>
  <date>2026-01-06T15:27:15.665172Z</date>
  <millis>1767713235665</millis>
  <nanos>172000</nanos>
  <sequence>527</sequence>
  <level>PASSED</level>
  <class>com.kms.katalon.core.logging.XmlKeywordLogger</class>
  <method>logMessage</method>
  <thread>1</thread>
  <message>All options with label &amp;apos;\QChecking (...7890) - Balance: $5345.54\E&amp;apos; are selected in object &amp;apos;Object Repository/AI-Generated/Katalian Banking Production/Page_transfer/select_fromAccount&amp;apos;  using regular expression</message>
  <nestedLevel>1</nestedLevel>
  <escapedJava>false</escapedJava>
  <property name="testops-method-name">com.kms.katalon.core.webui.keyword.builtin.SelectOptionByLabelKeyword.selectOptionByLabel</property>
  <property name="testops-execution-stacktrace"></property>
</record>
<record>
  <date>2026-01-06T15:27:16.334609Z</date>
  <millis>1767713236334</millis>
  <nanos>609000</nanos>
  <sequence>539</sequence>
  <level>PASSED</level>
  <class>com.kms.katalon.core.logging.XmlKeywordLogger</class>
  <method>logMessage</method>
  <thread>1</thread>
  <message>All options with label &amp;apos;\QChecking (...7890) - Balance: $5345.54\E&amp;apos; are selected in object &amp;apos;Object Repository/AI-Generated/Katalian Banking Production/Page_transfer/select_fromAccount&amp;apos;  using regular expression</message>
  <nestedLevel>1</nestedLevel>
  <escapedJava>false</escapedJava>
  <property name="testops-method-name">com.kms.katalon.core.webui.keyword.internal.WebUIKeywordMain.runKeywordUntilTimeout</property>
  <property name="testops-execution-stacktrace">com.kms.katalon.core.logging.KeywordLogger.logPassed(KeywordLogger.java:332)
com.kms.katalon.core.logging.KeywordLogger.logPassed(KeywordLogger.java:327)
com.kms.katalon.core.webui.keyword.builtin.VerifyOptionSelectedByLabelKeyword$_verifyOptionSelectedByLabel_closure1.doCall(VerifyOptionSelectedByLabelKeyword.groovy:76)
java.base/jdk.internal.reflect.NativeMethodAccessorImpl.invoke0(Native Method)
java.base/jdk.internal.reflect.NativeMethodAccessorImpl.invoke(NativeMethodAccessorImpl.java:77)
java.base/jdk.internal.reflect.DelegatingMethodAccessorImpl.invoke(DelegatingMethodAccessorImpl.java:43)
jdk.proxy2/jdk.proxy2.$Proxy51.execute(Unknown Source)
com.kms.katalon.core.webui.model.SeleniumActionRetryController.performAction(SeleniumActionRetryController.java:96)
com.kms.katalon.core.webui.model.SeleniumActionRetryController.performAction(SeleniumActionRetryController.java:83)
com.kms.katalon.core.webui.keyword.internal.WebUIKeywordMain$_runKeywordUntilTimeout_closure2.doCall(WebUIKeywordMain.groovy:155)
com.kms.katalon.core.webui.keyword.internal.WebUIKeywordMain$_runKeywordUntilTimeout_closure2.call(WebUIKeywordMain.groovy)
com.kms.katalon.core.webui.keyword.internal.WebUIKeywordMain.runKeyword(WebUIKeywordMain.groovy:41)
com.kms.katalon.core.webui.keyword.internal.WebUIKeywordMain.runKeywordUntilTimeout(WebUIKeywordMain.groovy:152)
com.kms.katalon.core.webui.keyword.builtin.VerifyOptionSelectedByLabelKeyword.verifyOptionSelectedByLabel(VerifyOptionSelectedByLabelKeyword.groovy:86)
com.kms.katalon.core.webui.keyword.builtin.VerifyOptionSelectedByLabelKeyword.execute(VerifyOptionSelectedByLabelKeyword.groovy:43)
com.kms.katalon.core.keyword.internal.KeywordExecutor.executeKeywordForPlatform(KeywordExecutor.groovy:90)
com.kms.katalon.core.webui.keyword.WebUiBuiltInKeywords.verifyOptionSelectedByLabel(WebUiBuiltInKeywords.groovy:2284)
truetest.Katalian_Banking_Production.custom.TrueTestScripts.selectOption(TrueTestScripts.groovy:126)
truetest.Katalian_Banking_Production.common.transferBalanceAndReview.execute(transferBalanceAndReview.groovy:19)
TC3-Transfer Balance Between Accounts and Logout.run(TC3-Transfer Balance Between Accounts and Logout:29)
</property>
</record>
<record>
  <date>2026-01-06T15:27:16.363633Z</date>
  <millis>1767713236363</millis>
  <nanos>633000</nanos>
  <sequence>551</sequence>
  <level>PASSED</level>
  <class>com.kms.katalon.core.logging.XmlKeywordLogger</class>
  <method>logMessage</method>
  <thread>1</thread>
  <message>Object: &amp;apos;Object Repository/AI-Generated/Katalian Banking Production/Page_transfer/input_amount&amp;apos; is clicked on</message>
  <nestedLevel>1</nestedLevel>
  <escapedJava>false</escapedJava>
  <property name="testops-method-name">com.kms.katalon.core.webui.keyword.internal.WebUIKeywordMain.runKeywordUntilTimeout</property>
  <property name="testops-execution-stacktrace">com.kms.katalon.core.logging.KeywordLogger.logPassed(KeywordLogger.java:332)
com.kms.katalon.core.logging.KeywordLogger.logPassed(KeywordLogger.java:327)
com.kms.katalon.core.webui.keyword.builtin.EnhancedClickKeyword$_click_closure1$_closure5.doCall(EnhancedClickKeyword.groovy:88)
java.base/jdk.internal.reflect.NativeMethodAccessorImpl.invoke0(Native Method)
java.base/jdk.internal.reflect.NativeMethodAccessorImpl.invoke(NativeMethodAccessorImpl.java:77)
java.base/jdk.internal.reflect.DelegatingMethodAccessorImpl.invoke(DelegatingMethodAccessorImpl.java:43)
jdk.proxy2/jdk.proxy2.$Proxy54.accept(Unknown Source)
com.kms.katalon.core.trymonad.Success.onSuccess(Try.java:263)
com.kms.katalon.core.webui.keyword.builtin.EnhancedClickKeyword$_click_closure1.doCall(EnhancedClickKeyword.groovy:71)
java.base/jdk.internal.reflect.NativeMethodAccessorImpl.invoke0(Native Method)
java.base/jdk.internal.reflect.NativeMethodAccessorImpl.invoke(NativeMethodAccessorImpl.java:77)
java.base/jdk.internal.reflect.DelegatingMethodAccessorImpl.invoke(DelegatingMethodAccessorImpl.java:43)
jdk.proxy2/jdk.proxy2.$Proxy51.execute(Unknown Source)
com.kms.katalon.core.webui.model.SeleniumActionRetryController.performAction(SeleniumActionRetryController.java:96)
com.kms.katalon.core.webui.model.SeleniumActionRetryController.performAction(SeleniumActionRetryController.java:83)
com.kms.katalon.core.webui.keyword.internal.WebUIKeywordMain$_runKeywordUntilTimeout_closure1.doCall(WebUIKeywordMain.groovy:135)
com.kms.katalon.core.webui.keyword.internal.WebUIKeywordMain$_runKeywordUntilTimeout_closure1.call(WebUIKeywordMain.groovy)
com.kms.katalon.core.webui.keyword.internal.WebUIKeywordMain.runKeyword(WebUIKeywordMain.groovy:41)
com.kms.katalon.core.webui.keyword.internal.WebUIKeywordMain.runKeywordUntilTimeout(WebUIKeywordMain.groovy:133)
com.kms.katalon.core.webui.keyword.builtin.EnhancedClickKeyword.click(EnhancedClickKeyword.groovy:95)
com.kms.katalon.core.webui.keyword.builtin.EnhancedClickKeyword.execute(EnhancedClickKeyword.groovy:41)
com.kms.katalon.core.keyword.internal.KeywordExecutor.executeKeywordForPlatform(KeywordExecutor.groovy:90)
com.kms.katalon.core.webui.keyword.WebUiBuiltInKeywords.enhancedClick(WebUiBuiltInKeywords.groovy:747)
truetest.Katalian_Banking_Production.common.transferBalanceAndReview.execute(transferBalanceAndReview.groovy:23)
TC3-Transfer Balance Between Accounts and Logout.run(TC3-Transfer Balance Between Accounts and Logout:29)
</property>
</record>
<record>
  <date>2026-01-06T15:27:16.420590Z</date>
  <millis>1767713236420</millis>
  <nanos>590000</nanos>
  <sequence>565</sequence>
  <level>PASSED</level>
  <class>com.kms.katalon.core.logging.XmlKeywordLogger</class>
  <method>logMessage</method>
  <thread>1</thread>
  <message>Text &amp;apos;500000&amp;apos; is set on object &amp;apos;Object Repository/AI-Generated/Katalian Banking Production/Page_transfer/input_amount&amp;apos;</message>
  <nestedLevel>1</nestedLevel>
  <escapedJava>false</escapedJava>
  <property name="testops-method-name">com.kms.katalon.core.webui.keyword.internal.WebUIKeywordMain.runKeywordUntilTimeout</property>
  <property name="testops-execution-stacktrace">com.kms.katalon.core.logging.KeywordLogger.logPassed(KeywordLogger.java:332)
com.kms.katalon.core.logging.KeywordLogger.logPassed(KeywordLogger.java:327)
com.kms.katalon.core.webui.keyword.builtin.SetTextKeyword$_setText_closure1.doCall(SetTextKeyword.groovy:99)
java.base/jdk.internal.reflect.NativeMethodAccessorImpl.invoke0(Native Method)
java.base/jdk.internal.reflect.NativeMethodAccessorImpl.invoke(NativeMethodAccessorImpl.java:77)
java.base/jdk.internal.reflect.DelegatingMethodAccessorImpl.invoke(DelegatingMethodAccessorImpl.java:43)
jdk.proxy2/jdk.proxy2.$Proxy51.execute(Unknown Source)
com.kms.katalon.core.webui.model.SeleniumActionRetryController.performAction(SeleniumActionRetryController.java:96)
com.kms.katalon.core.webui.model.SeleniumActionRetryController.performAction(SeleniumActionRetryController.java:83)
com.kms.katalon.core.webui.keyword.internal.WebUIKeywordMain$_runKeywordUntilTimeout_closure1.doCall(WebUIKeywordMain.groovy:135)
com.kms.katalon.core.webui.keyword.internal.WebUIKeywordMain$_runKeywordUntilTimeout_closure1.call(WebUIKeywordMain.groovy)
com.kms.katalon.core.webui.keyword.internal.WebUIKeywordMain.runKeyword(WebUIKeywordMain.groovy:41)
com.kms.katalon.core.webui.keyword.internal.WebUIKeywordMain.runKeywordUntilTimeout(WebUIKeywordMain.groovy:133)
com.kms.katalon.core.webui.keyword.builtin.SetTextKeyword.setText(SetTextKeyword.groovy:106)
com.kms.katalon.core.webui.keyword.builtin.SetTextKeyword.execute(SetTextKeyword.groovy:49)
com.kms.katalon.core.keyword.internal.KeywordExecutor.executeKeywordForPlatform(KeywordExecutor.groovy:90)
com.kms.katalon.core.webui.keyword.WebUiBuiltInKeywords.setText(WebUiBuiltInKeywords.groovy:1081)
truetest.Katalian_Banking_Production.common.transferBalanceAndReview.execute(transferBalanceAndReview.groovy:27)
TC3-Transfer Balance Between Accounts and Logout.run(TC3-Transfer Balance Between Accounts and Logout:29)
</property>
</record>
<record>
  <date>2026-01-06T15:27:16.452928Z</date>
  <millis>1767713236452</millis>
  <nanos>928000</nanos>
  <sequence>577</sequence>
  <level>PASSED</level>
  <class>com.kms.katalon.core.logging.XmlKeywordLogger</class>
  <method>logMessage</method>
  <thread>1</thread>
  <message>Object: &amp;apos;Object Repository/AI-Generated/Katalian Banking Production/Page_transfer/button_reviewTransfer&amp;apos; is clicked on</message>
  <nestedLevel>1</nestedLevel>
  <escapedJava>false</escapedJava>
  <property name="testops-method-name">com.kms.katalon.core.webui.keyword.internal.WebUIKeywordMain.runKeywordUntilTimeout</property>
  <property name="testops-execution-stacktrace">com.kms.katalon.core.logging.KeywordLogger.logPassed(KeywordLogger.java:332)
com.kms.katalon.core.logging.KeywordLogger.logPassed(KeywordLogger.java:327)
com.kms.katalon.core.webui.keyword.builtin.EnhancedClickKeyword$_click_closure1$_closure5.doCall(EnhancedClickKeyword.groovy:88)
java.base/jdk.internal.reflect.NativeMethodAccessorImpl.invoke0(Native Method)
java.base/jdk.internal.reflect.NativeMethodAccessorImpl.invoke(NativeMethodAccessorImpl.java:77)
java.base/jdk.internal.reflect.DelegatingMethodAccessorImpl.invoke(DelegatingMethodAccessorImpl.java:43)
jdk.proxy2/jdk.proxy2.$Proxy54.accept(Unknown Source)
com.kms.katalon.core.trymonad.Success.onSuccess(Try.java:263)
com.kms.katalon.core.webui.keyword.builtin.EnhancedClickKeyword$_click_closure1.doCall(EnhancedClickKeyword.groovy:71)
java.base/jdk.internal.reflect.NativeMethodAccessorImpl.invoke0(Native Method)
java.base/jdk.internal.reflect.NativeMethodAccessorImpl.invoke(NativeMethodAccessorImpl.java:77)
java.base/jdk.internal.reflect.DelegatingMethodAccessorImpl.invoke(DelegatingMethodAccessorImpl.java:43)
jdk.proxy2/jdk.proxy2.$Proxy51.execute(Unknown Source)
com.kms.katalon.core.webui.model.SeleniumActionRetryController.performAction(SeleniumActionRetryController.java:96)
com.kms.katalon.core.webui.model.SeleniumActionRetryController.performAction(SeleniumActionRetryController.java:83)
com.kms.katalon.core.webui.keyword.internal.WebUIKeywordMain$_runKeywordUntilTimeout_closure1.doCall(WebUIKeywordMain.groovy:135)
com.kms.katalon.core.webui.keyword.internal.WebUIKeywordMain$_runKeywordUntilTimeout_closure1.call(WebUIKeywordMain.groovy)
com.kms.katalon.core.webui.keyword.internal.WebUIKeywordMain.runKeyword(WebUIKeywordMain.groovy:41)
com.kms.katalon.core.webui.keyword.internal.WebUIKeywordMain.runKeywordUntilTimeout(WebUIKeywordMain.groovy:133)
com.kms.katalon.core.webui.keyword.builtin.EnhancedClickKeyword.click(EnhancedClickKeyword.groovy:95)
com.kms.katalon.core.webui.keyword.builtin.EnhancedClickKeyword.execute(EnhancedClickKeyword.groovy:41)
com.kms.katalon.core.keyword.internal.KeywordExecutor.executeKeywordForPlatform(KeywordExecutor.groovy:90)
com.kms.katalon.core.webui.keyword.WebUiBuiltInKeywords.enhancedClick(WebUiBuiltInKeywords.groovy:747)
truetest.Katalian_Banking_Production.common.transferBalanceAndReview.execute(transferBalanceAndReview.groovy:31)
TC3-Transfer Balance Between Accounts and Logout.run(TC3-Transfer Balance Between Accounts and Logout:29)
</property>
</record>
<record>
  <date>2026-01-06T15:27:16.453626Z</date>
  <millis>1767713236453</millis>
  <nanos>626000</nanos>
  <sequence>578</sequence>
  <level>END</level>
  <class>com.kms.katalon.core.logging.XmlKeywordLogger</class>
  <method>endKeyword</method>
  <thread>1</thread>
  <message>End action : transferBalanceAndReview.execute(input_amount, select_fromAccount)</message>
  <nestedLevel>1</nestedLevel>
  <escapedJava>false</escapedJava>
</record>
<record>
  <date>2026-01-06T15:27:16.453877Z</date>
  <millis>1767713236453</millis>
  <nanos>877000</nanos>
  <sequence>579</sequence>
  <level>START</level>
  <class>com.kms.katalon.core.logging.XmlKeywordLogger</class>
  <method>startKeyword</method>
  <thread>1</thread>
  <message>Start action : enhancedClick(findTestObject(&amp;quot;AI-Generated/Katalian Banking Production/Page_transfer/button_confirmTransfer&amp;quot;))</message>
  <nestedLevel>1</nestedLevel>
  <escapedJava>false</escapedJava>
  <property name="startLine">33</property>
  <property name="stepIndex">6</property>
  <property name="description">Step 4: Click on button confirmTransfer -&gt; Navigate to page &apos;/dashboard&apos;</property>
</record>
<record>
  <date>2026-01-06T15:27:26.556899Z</date>
  <millis>1767713246556</millis>
  <nanos>899000</nanos>
  <sequence>590</sequence>
  <level>FAILED</level>
  <class>com.kms.katalon.core.logging.XmlKeywordLogger</class>
  <method>logMessage</method>
  <thread>1</thread>
  <message>Unable to click on object &amp;apos;Object Repository/AI-Generated/Katalian Banking Production/Page_transfer/button_confirmTransfer&amp;apos; (Root cause: com.kms.katalon.core.exception.StepFailedException: Unable to click on object &amp;apos;Object Repository/AI-Generated/Katalian Banking Production/Page_transfer/button_confirmTransfer&amp;apos;
	at com.kms.katalon.core.webui.keyword.internal.WebUIKeywordMain.stepFailed(WebUIKeywordMain.groovy:177)
	at com.kms.katalon.core.webui.keyword.internal.WebUIKeywordMain.runKeyword(WebUIKeywordMain.groovy:49)
	at com.kms.katalon.core.webui.keyword.internal.WebUIKeywordMain.runKeywordUntilTimeout(WebUIKeywordMain.groovy:133)
	at com.kms.katalon.core.webui.keyword.builtin.EnhancedClickKeyword.click(EnhancedClickKeyword.groovy:95)
	at com.kms.katalon.core.webui.keyword.builtin.EnhancedClickKeyword.execute(EnhancedClickKeyword.groovy:41)
	at com.kms.katalon.core.keyword.internal.KeywordExecutor.executeKeywordForPlatform(KeywordExecutor.groovy:90)
	at com.kms.katalon.core.webui.keyword.WebUiBuiltInKeywords.enhancedClick(WebUiBuiltInKeywords.groovy:747)
	at TC3-Transfer Balance Between Accounts and Logout.run(TC3-Transfer Balance Between Accounts and Logout:33)
	at com.kms.katalon.core.main.ScriptEngine.run(ScriptEngine.java:194)
	at com.kms.katalon.core.main.ScriptEngine.runScriptAsRawText(ScriptEngine.java:119)
	at com.kms.katalon.core.main.TestCaseExecutor.runScript(TestCaseExecutor.java:490)
	at com.kms.katalon.core.main.TestCaseExecutor.doExecute(TestCaseExecutor.java:481)
	at com.kms.katalon.core.main.TestCaseExecutor.processExecutionPhase(TestCaseExecutor.java:460)
	at com.kms.katalon.core.main.TestCaseExecutor.accessMainPhase(TestCaseExecutor.java:452)
	at com.kms.katalon.core.main.TestCaseExecutor.execute(TestCaseExecutor.java:322)
	at com.kms.katalon.core.main.TestCaseExecutor.execute(TestCaseExecutor.java:410)
	at com.kms.katalon.core.common.CommonExecutor.accessTestCaseMainPhase(CommonExecutor.java:71)
	at com.kms.katalon.core.main.TestSuiteExecutor.accessTestSuiteMainPhase(TestSuiteExecutor.java:153)
	at com.kms.katalon.core.main.TestSuiteExecutor.execute(TestSuiteExecutor.java:110)
	at com.kms.katalon.core.main.TestCaseMain.startTestSuite(TestCaseMain.java:205)
	at TempTestSuite1767713198027.run(TempTestSuite1767713198027.groovy:35)
	at java.base/jdk.internal.reflect.NativeMethodAccessorImpl.invoke0(Native Method)
	at java.base/jdk.internal.reflect.NativeMethodAccessorImpl.invoke(NativeMethodAccessorImpl.java:77)
	at java.base/jdk.internal.reflect.DelegatingMethodAccessorImpl.invoke(DelegatingMethodAccessorImpl.java:43)
Caused by: com.kms.katalon.core.webui.exception.WebElementNotFoundException: Web element with id: &amp;apos;Object Repository/AI-Generated/Katalian Banking Production/Page_transfer/button_confirmTransfer&amp;apos; located by &amp;apos;button &amp;gt;&amp;gt; internal:text=\&amp;quot;Confirm Transfer\&amp;quot;s&amp;apos; not found
	at com.kms.katalon.core.webui.model.WebUiElementFinder.findElement(WebUiElementFinder.java:55)
	at com.kms.katalon.core.webui.model.WebUiElementFinderWithTimeout.basicFindElement(WebUiElementFinderWithTimeout.java:50)
	at com.kms.katalon.core.webui.model.WebUiElementFinderWithTimeout.lambda$0(WebUiElementFinderWithTimeout.java:29)
	at com.kms.katalon.core.webui.model.SeleniumActionRetryController.performAction(SeleniumActionRetryController.java:96)
	at com.kms.katalon.core.webui.model.SeleniumActionRetryController.performAction(SeleniumActionRetryController.java:83)
	at com.kms.katalon.core.webui.model.WebUiElementFinderWithTimeout.findElement(WebUiElementFinderWithTimeout.java:28)
	at com.kms.katalon.core.webui.keyword.internal.WebUIAbstractKeyword.findWebElement(WebUIAbstractKeyword.groovy:96)
	at com.kms.katalon.core.webui.keyword.builtin.EnhancedClickKeyword$_click_closure1.doCall(EnhancedClickKeyword.groovy:69)
	at java.base/jdk.internal.reflect.NativeMethodAccessorImpl.invoke0(Native Method)
	at java.base/jdk.internal.reflect.NativeMethodAccessorImpl.invoke(NativeMethodAccessorImpl.java:77)
	at java.base/jdk.internal.reflect.DelegatingMethodAccessorImpl.invoke(DelegatingMethodAccessorImpl.java:43)
	at jdk.proxy2/jdk.proxy2.$Proxy51.execute(Unknown Source)
	at com.kms.katalon.core.webui.model.SeleniumActionRetryController.performAction(SeleniumActionRetryController.java:96)
	at com.kms.katalon.core.webui.model.SeleniumActionRetryController.performAction(SeleniumActionRetryController.java:83)
	at com.kms.katalon.core.webui.keyword.internal.WebUIKeywordMain$_runKeywordUntilTimeout_closure1.doCall(WebUIKeywordMain.groovy:135)
	at com.kms.katalon.core.webui.keyword.internal.WebUIKeywordMain$_runKeywordUntilTimeout_closure1.call(WebUIKeywordMain.groovy)
	at com.kms.katalon.core.webui.keyword.internal.WebUIKeywordMain.runKeyword(WebUIKeywordMain.groovy:41)
	at com.kms.katalon.core.webui.keyword.internal.WebUIKeywordMain.runKeywordUntilTimeout(WebUIKeywordMain.groovy:133)
	at com.kms.katalon.core.webui.keyword.builtin.EnhancedClickKeyword.click(EnhancedClickKeyword.groovy:95)
	at com.kms.katalon.core.webui.keyword.builtin.EnhancedClickKeyword.execute(EnhancedClickKeyword.groovy:41)
	at com.kms.katalon.core.keyword.internal.KeywordExecutor.executeKeywordForPlatform(KeywordExecutor.groovy:90)
	at com.kms.katalon.core.webui.keyword.WebUiBuiltInKeywords.enhancedClick(WebUiBuiltInKeywords.groovy:747)
	at Script1767711631982.run(Script1767711631982.groovy:33)
	... 16 more
)</message>
  <nestedLevel>1</nestedLevel>
  <escapedJava>false</escapedJava>
  <property name="failed.exception.class">com.kms.katalon.core.webui.exception.WebElementNotFoundException</property>
  <property name="attachment">1767713246460.png</property>
  <property name="failed.exception.stacktrace">com.kms.katalon.core.webui.exception.WebElementNotFoundException: Web element with id: &apos;Object Repository/AI-Generated/Katalian Banking Production/Page_transfer/button_confirmTransfer&apos; located by &apos;button &gt;&gt; internal:text=\&quot;Confirm Transfer\&quot;s&apos; not found
	at com.kms.katalon.core.webui.model.WebUiElementFinder.findElement(WebUiElementFinder.java:55)
	at com.kms.katalon.core.webui.model.WebUiElementFinderWithTimeout.basicFindElement(WebUiElementFinderWithTimeout.java:50)
	at com.kms.katalon.core.webui.model.WebUiElementFinderWithTimeout.lambda$0(WebUiElementFinderWithTimeout.java:29)
	at com.kms.katalon.core.webui.model.SeleniumActionRetryController.performAction(SeleniumActionRetryController.java:96)
	at com.kms.katalon.core.webui.model.SeleniumActionRetryController.performAction(SeleniumActionRetryController.java:83)
	at com.kms.katalon.core.webui.model.WebUiElementFinderWithTimeout.findElement(WebUiElementFinderWithTimeout.java:28)
	at com.kms.katalon.core.webui.keyword.internal.WebUIAbstractKeyword.findWebElement(WebUIAbstractKeyword.groovy:96)
	at com.kms.katalon.core.webui.keyword.builtin.EnhancedClickKeyword$_click_closure1.doCall(EnhancedClickKeyword.groovy:69)
	at java.base/jdk.internal.reflect.NativeMethodAccessorImpl.invoke0(Native Method)
	at java.base/jdk.internal.reflect.NativeMethodAccessorImpl.invoke(NativeMethodAccessorImpl.java:77)
	at java.base/jdk.internal.reflect.DelegatingMethodAccessorImpl.invoke(DelegatingMethodAccessorImpl.java:43)
	at jdk.proxy2/jdk.proxy2.$Proxy51.execute(Unknown Source)
	at com.kms.katalon.core.webui.model.SeleniumActionRetryController.performAction(SeleniumActionRetryController.java:96)
	at com.kms.katalon.core.webui.model.SeleniumActionRetryController.performAction(SeleniumActionRetryController.java:83)
	at com.kms.katalon.core.webui.keyword.internal.WebUIKeywordMain$_runKeywordUntilTimeout_closure1.doCall(WebUIKeywordMain.groovy:135)
	at com.kms.katalon.core.webui.keyword.internal.WebUIKeywordMain$_runKeywordUntilTimeout_closure1.call(WebUIKeywordMain.groovy)
	at com.kms.katalon.core.webui.keyword.internal.WebUIKeywordMain.runKeyword(WebUIKeywordMain.groovy:41)
	at com.kms.katalon.core.webui.keyword.internal.WebUIKeywordMain.runKeywordUntilTimeout(WebUIKeywordMain.groovy:133)
	at com.kms.katalon.core.webui.keyword.builtin.EnhancedClickKeyword.click(EnhancedClickKeyword.groovy:95)
	at com.kms.katalon.core.webui.keyword.builtin.EnhancedClickKeyword.execute(EnhancedClickKeyword.groovy:41)
	at com.kms.katalon.core.keyword.internal.KeywordExecutor.executeKeywordForPlatform(KeywordExecutor.groovy:90)
	at com.kms.katalon.core.webui.keyword.WebUiBuiltInKeywords.enhancedClick(WebUiBuiltInKeywords.groovy:747)
	at TC3-Transfer Balance Between Accounts and Logout.run(TC3-Transfer Balance Between Accounts and Logout:33)
	at com.kms.katalon.core.main.ScriptEngine.run(ScriptEngine.java:194)
	at com.kms.katalon.core.main.ScriptEngine.runScriptAsRawText(ScriptEngine.java:119)
	at com.kms.katalon.core.main.TestCaseExecutor.runScript(TestCaseExecutor.java:490)
	at com.kms.katalon.core.main.TestCaseExecutor.doExecute(TestCaseExecutor.java:481)
	at com.kms.katalon.core.main.TestCaseExecutor.processExecutionPhase(TestCaseExecutor.java:460)
	at com.kms.katalon.core.main.TestCaseExecutor.accessMainPhase(TestCaseExecutor.java:452)
	at com.kms.katalon.core.main.TestCaseExecutor.execute(TestCaseExecutor.java:322)
	at com.kms.katalon.core.main.TestCaseExecutor.execute(TestCaseExecutor.java:410)
	at com.kms.katalon.core.common.CommonExecutor.accessTestCaseMainPhase(CommonExecutor.java:71)
	at com.kms.katalon.core.main.TestSuiteExecutor.accessTestSuiteMainPhase(TestSuiteExecutor.java:153)
	at com.kms.katalon.core.main.TestSuiteExecutor.execute(TestSuiteExecutor.java:110)
	at com.kms.katalon.core.main.TestCaseMain.startTestSuite(TestCaseMain.java:205)
	at TempTestSuite1767713198027.run(TempTestSuite1767713198027.groovy:35)
	at java.base/jdk.internal.reflect.NativeMethodAccessorImpl.invoke0(Native Method)
	at java.base/jdk.internal.reflect.NativeMethodAccessorImpl.invoke(NativeMethodAccessorImpl.java:77)
	at java.base/jdk.internal.reflect.DelegatingMethodAccessorImpl.invoke(DelegatingMethodAccessorImpl.java:43)
</property>
  <property name="failed.exception.message">Web element with id: &apos;Object Repository/AI-Generated/Katalian Banking Production/Page_transfer/button_confirmTransfer&apos; located by &apos;button &gt;&gt; internal:text=\&quot;Confirm Transfer\&quot;s&apos; not found</property>
</record>
<record>
  <date>2026-01-06T15:27:26.557790Z</date>
  <millis>1767713246557</millis>
  <nanos>790000</nanos>
  <sequence>593</sequence>
  <level>END</level>
  <class>com.kms.katalon.core.logging.XmlKeywordLogger</class>
  <method>endKeyword</method>
  <thread>1</thread>
  <message>End action : enhancedClick(findTestObject(&amp;quot;AI-Generated/Katalian Banking Production/Page_transfer/button_confirmTransfer&amp;quot;))</message>
  <nestedLevel>1</nestedLevel>
  <escapedJava>false</escapedJava>
</record>
<record>
  <date>2026-01-06T15:27:26.558305Z</date>
  <millis>1767713246558</millis>
  <nanos>305000</nanos>
  <sequence>596</sequence>
  <level>FAILED</level>
  <class>com.kms.katalon.core.logging.XmlKeywordLogger</class>
  <method>logMessage</method>
  <thread>1</thread>
  <message>Test Cases/AI-Generated/Katalian Banking Production/TC3-Transfer Balance Between Accounts and Logout FAILED.
Reason:
com.kms.katalon.core.exception.StepFailedException: Unable to click on object &amp;apos;Object Repository/AI-Generated/Katalian Banking Production/Page_transfer/button_confirmTransfer&amp;apos;
	at com.kms.katalon.core.webui.keyword.internal.WebUIKeywordMain.stepFailed(WebUIKeywordMain.groovy:177)
	at com.kms.katalon.core.webui.keyword.internal.WebUIKeywordMain.runKeyword(WebUIKeywordMain.groovy:49)
	at com.kms.katalon.core.webui.keyword.internal.WebUIKeywordMain.runKeywordUntilTimeout(WebUIKeywordMain.groovy:133)
	at com.kms.katalon.core.webui.keyword.builtin.EnhancedClickKeyword.click(EnhancedClickKeyword.groovy:95)
	at com.kms.katalon.core.webui.keyword.builtin.EnhancedClickKeyword.execute(EnhancedClickKeyword.groovy:41)
	at com.kms.katalon.core.keyword.internal.KeywordExecutor.executeKeywordForPlatform(KeywordExecutor.groovy:90)
	at com.kms.katalon.core.webui.keyword.WebUiBuiltInKeywords.enhancedClick(WebUiBuiltInKeywords.groovy:747)
	at TC3-Transfer Balance Between Accounts and Logout.run(TC3-Transfer Balance Between Accounts and Logout:33)
	at com.kms.katalon.core.main.ScriptEngine.run(ScriptEngine.java:194)
	at com.kms.katalon.core.main.ScriptEngine.runScriptAsRawText(ScriptEngine.java:119)
	at com.kms.katalon.core.main.TestCaseExecutor.runScript(TestCaseExecutor.java:490)
	at com.kms.katalon.core.main.TestCaseExecutor.doExecute(TestCaseExecutor.java:481)
	at com.kms.katalon.core.main.TestCaseExecutor.processExecutionPhase(TestCaseExecutor.java:460)
	at com.kms.katalon.core.main.TestCaseExecutor.accessMainPhase(TestCaseExecutor.java:452)
	at com.kms.katalon.core.main.TestCaseExecutor.execute(TestCaseExecutor.java:322)
	at com.kms.katalon.core.main.TestCaseExecutor.execute(TestCaseExecutor.java:410)
	at com.kms.katalon.core.common.CommonExecutor.accessTestCaseMainPhase(CommonExecutor.java:71)
	at com.kms.katalon.core.main.TestSuiteExecutor.accessTestSuiteMainPhase(TestSuiteExecutor.java:153)
	at com.kms.katalon.core.main.TestSuiteExecutor.execute(TestSuiteExecutor.java:110)
	at com.kms.katalon.core.main.TestCaseMain.startTestSuite(TestCaseMain.java:205)
	at TempTestSuite1767713198027.run(TempTestSuite1767713198027.groovy:35)
	at java.base/jdk.internal.reflect.NativeMethodAccessorImpl.invoke0(Native Method)
	at java.base/jdk.internal.reflect.NativeMethodAccessorImpl.invoke(NativeMethodAccessorImpl.java:77)
	at java.base/jdk.internal.reflect.DelegatingMethodAccessorImpl.invoke(DelegatingMethodAccessorImpl.java:43)
Caused by: com.kms.katalon.core.webui.exception.WebElementNotFoundException: Web element with id: &amp;apos;Object Repository/AI-Generated/Katalian Banking Production/Page_transfer/button_confirmTransfer&amp;apos; located by &amp;apos;button &amp;gt;&amp;gt; internal:text=\&amp;quot;Confirm Transfer\&amp;quot;s&amp;apos; not found
	at com.kms.katalon.core.webui.model.WebUiElementFinder.findElement(WebUiElementFinder.java:55)
	at com.kms.katalon.core.webui.model.WebUiElementFinderWithTimeout.basicFindElement(WebUiElementFinderWithTimeout.java:50)
	at com.kms.katalon.core.webui.model.WebUiElementFinderWithTimeout.lambda$0(WebUiElementFinderWithTimeout.java:29)
	at com.kms.katalon.core.webui.model.SeleniumActionRetryController.performAction(SeleniumActionRetryController.java:96)
	at com.kms.katalon.core.webui.model.SeleniumActionRetryController.performAction(SeleniumActionRetryController.java:83)
	at com.kms.katalon.core.webui.model.WebUiElementFinderWithTimeout.findElement(WebUiElementFinderWithTimeout.java:28)
	at com.kms.katalon.core.webui.keyword.internal.WebUIAbstractKeyword.findWebElement(WebUIAbstractKeyword.groovy:96)
	at com.kms.katalon.core.webui.keyword.builtin.EnhancedClickKeyword$_click_closure1.doCall(EnhancedClickKeyword.groovy:69)
	at java.base/jdk.internal.reflect.NativeMethodAccessorImpl.invoke0(Native Method)
	at java.base/jdk.internal.reflect.NativeMethodAccessorImpl.invoke(NativeMethodAccessorImpl.java:77)
	at java.base/jdk.internal.reflect.DelegatingMethodAccessorImpl.invoke(DelegatingMethodAccessorImpl.java:43)
	at jdk.proxy2/jdk.proxy2.$Proxy51.execute(Unknown Source)
	at com.kms.katalon.core.webui.model.SeleniumActionRetryController.performAction(SeleniumActionRetryController.java:96)
	at com.kms.katalon.core.webui.model.SeleniumActionRetryController.performAction(SeleniumActionRetryController.java:83)
	at com.kms.katalon.core.webui.keyword.internal.WebUIKeywordMain$_runKeywordUntilTimeout_closure1.doCall(WebUIKeywordMain.groovy:135)
	at com.kms.katalon.core.webui.keyword.internal.WebUIKeywordMain$_runKeywordUntilTimeout_closure1.call(WebUIKeywordMain.groovy)
	at com.kms.katalon.core.webui.keyword.internal.WebUIKeywordMain.runKeyword(WebUIKeywordMain.groovy:41)
	... 22 more
</message>
  <exception>
    <message>com.kms.katalon.core.exception.StepFailedException: Unable to click on object 'Object Repository/AI-Generated/Katalian Banking Production/Page_transfer/button_confirmTransfer'</message>
    <frame>
      <class>com.kms.katalon.core.logging.XmlKeywordLogger</class>
      <method>logMessage</method>
      <line>512</line>
    </frame>
    <frame>
      <class>com.kms.katalon.core.logging.KeywordLogger</class>
      <method>logMessage</method>
      <line>447</line>
    </frame>
    <frame>
      <class>com.kms.katalon.core.main.TestCaseExecutor</class>
      <method>logError</method>
      <line>599</line>
    </frame>
    <frame>
      <class>com.kms.katalon.core.main.TestCaseExecutor</class>
      <method>onExecutionError</method>
      <line>187</line>
    </frame>
    <frame>
      <class>com.kms.katalon.core.main.TestCaseExecutor</class>
      <method>processExecutionPhase</method>
      <line>470</line>
    </frame>
    <frame>
      <class>com.kms.katalon.core.main.TestCaseExecutor</class>
      <method>accessMainPhase</method>
      <line>452</line>
    </frame>
    <frame>
      <class>com.kms.katalon.core.main.TestCaseExecutor</class>
      <method>execute</method>
      <line>322</line>
    </frame>
    <frame>
      <class>com.kms.katalon.core.main.TestCaseExecutor</class>
      <method>execute</method>
      <line>410</line>
    </frame>
    <frame>
      <class>com.kms.katalon.core.common.CommonExecutor</class>
      <method>accessTestCaseMainPhase</method>
      <line>71</line>
    </frame>
    <frame>
      <class>com.kms.katalon.core.main.TestSuiteExecutor</class>
      <method>accessTestSuiteMainPhase</method>
      <line>153</line>
    </frame>
    <frame>
      <class>com.kms.katalon.core.main.TestSuiteExecutor</class>
      <method>execute</method>
      <line>110</line>
    </frame>
    <frame>
      <class>com.kms.katalon.core.main.TestCaseMain</class>
      <method>startTestSuite</method>
      <line>205</line>
    </frame>
    <frame>
      <class>org.codehaus.groovy.vmplugin.v8.IndyInterface</class>
      <method>fromCache</method>
      <line>318</line>
    </frame>
    <frame>
      <class>TempTestSuite1767713198027</class>
      <method>run</method>
      <line>35</line>
    </frame>
    <frame>
      <class>groovy.lang.GroovyShell</class>
      <method>runScriptOrMainOrTestOrRunnable</method>
      <line>254</line>
    </frame>
    <frame>
      <class>groovy.lang.GroovyShell</class>
      <method>run</method>
      <line>360</line>
    </frame>
    <frame>
      <class>groovy.lang.GroovyShell</class>
      <method>run</method>
      <line>349</line>
    </frame>
    <frame>
      <class>groovy.ui.GroovyMain</class>
      <method>processOnce</method>
      <line>652</line>
    </frame>
    <frame>
      <class>groovy.ui.GroovyMain</class>
      <method>run</method>
      <line>398</line>
    </frame>
    <frame>
      <class>groovy.ui.GroovyMain</class>
      <method>access$1400</method>
      <line>68</line>
    </frame>
    <frame>
      <class>groovy.ui.GroovyMain$GroovyCommand</class>
      <method>process</method>
      <line>322</line>
    </frame>
    <frame>
      <class>groovy.ui.GroovyMain</class>
      <method>processArgs</method>
      <line>142</line>
    </frame>
    <frame>
      <class>groovy.ui.GroovyMain</class>
      <method>main</method>
      <line>115</line>
    </frame>
    <frame>
      <class>jdk.internal.reflect.NativeMethodAccessorImpl</class>
      <method>invoke0</method>
    </frame>
    <frame>
      <class>jdk.internal.reflect.NativeMethodAccessorImpl</class>
      <method>invoke</method>
      <line>77</line>
    </frame>
    <frame>
      <class>jdk.internal.reflect.DelegatingMethodAccessorImpl</class>
      <method>invoke</method>
      <line>43</line>
    </frame>
    <frame>
      <class>java.lang.reflect.Method</class>
      <method>invoke</method>
      <line>569</line>
    </frame>
    <frame>
      <class>org.codehaus.groovy.tools.GroovyStarter</class>
      <method>rootLoader</method>
      <line>117</line>
    </frame>
    <frame>
      <class>org.codehaus.groovy.tools.GroovyStarter</class>
      <method>main</method>
      <line>39</line>
    </frame>
  </exception>
  <nestedLevel>0</nestedLevel>
  <escapedJava>false</escapedJava>
  <property name="failed.exception.stacktrace">com.kms.katalon.core.webui.exception.WebElementNotFoundException: Web element with id: &apos;Object Repository/AI-Generated/Katalian Banking Production/Page_transfer/button_confirmTransfer&apos; located by &apos;button &gt;&gt; internal:text=\&quot;Confirm Transfer\&quot;s&apos; not found
	at com.kms.katalon.core.webui.model.WebUiElementFinder.findElement(WebUiElementFinder.java:55)
	at com.kms.katalon.core.webui.model.WebUiElementFinderWithTimeout.basicFindElement(WebUiElementFinderWithTimeout.java:50)
	at com.kms.katalon.core.webui.model.WebUiElementFinderWithTimeout.lambda$0(WebUiElementFinderWithTimeout.java:29)
	at com.kms.katalon.core.webui.model.SeleniumActionRetryController.performAction(SeleniumActionRetryController.java:96)
	at com.kms.katalon.core.webui.model.SeleniumActionRetryController.performAction(SeleniumActionRetryController.java:83)
	at com.kms.katalon.core.webui.model.WebUiElementFinderWithTimeout.findElement(WebUiElementFinderWithTimeout.java:28)
	at com.kms.katalon.core.webui.keyword.internal.WebUIAbstractKeyword.findWebElement(WebUIAbstractKeyword.groovy:96)
	at com.kms.katalon.core.webui.keyword.builtin.EnhancedClickKeyword$_click_closure1.doCall(EnhancedClickKeyword.groovy:69)
	at java.base/jdk.internal.reflect.NativeMethodAccessorImpl.invoke0(Native Method)
	at java.base/jdk.internal.reflect.NativeMethodAccessorImpl.invoke(NativeMethodAccessorImpl.java:77)
	at java.base/jdk.internal.reflect.DelegatingMethodAccessorImpl.invoke(DelegatingMethodAccessorImpl.java:43)
	at jdk.proxy2/jdk.proxy2.$Proxy51.execute(Unknown Source)
	at com.kms.katalon.core.webui.model.SeleniumActionRetryController.performAction(SeleniumActionRetryController.java:96)
	at com.kms.katalon.core.webui.model.SeleniumActionRetryController.performAction(SeleniumActionRetryController.java:83)
	at com.kms.katalon.core.webui.keyword.internal.WebUIKeywordMain$_runKeywordUntilTimeout_closure1.doCall(WebUIKeywordMain.groovy:135)
	at com.kms.katalon.core.webui.keyword.internal.WebUIKeywordMain$_runKeywordUntilTimeout_closure1.call(WebUIKeywordMain.groovy)
	at com.kms.katalon.core.webui.keyword.internal.WebUIKeywordMain.runKeyword(WebUIKeywordMain.groovy:41)
	at com.kms.katalon.core.webui.keyword.internal.WebUIKeywordMain.runKeywordUntilTimeout(WebUIKeywordMain.groovy:133)
	at com.kms.katalon.core.webui.keyword.builtin.EnhancedClickKeyword.click(EnhancedClickKeyword.groovy:95)
	at com.kms.katalon.core.webui.keyword.builtin.EnhancedClickKeyword.execute(EnhancedClickKeyword.groovy:41)
	at com.kms.katalon.core.keyword.internal.KeywordExecutor.executeKeywordForPlatform(KeywordExecutor.groovy:90)
	at com.kms.katalon.core.webui.keyword.WebUiBuiltInKeywords.enhancedClick(WebUiBuiltInKeywords.groovy:747)
	at TC3-Transfer Balance Between Accounts and Logout.run(TC3-Transfer Balance Between Accounts and Logout:33)
	at com.kms.katalon.core.main.ScriptEngine.run(ScriptEngine.java:194)
	at com.kms.katalon.core.main.ScriptEngine.runScriptAsRawText(ScriptEngine.java:119)
	at com.kms.katalon.core.main.TestCaseExecutor.runScript(TestCaseExecutor.java:490)
	at com.kms.katalon.core.main.TestCaseExecutor.doExecute(TestCaseExecutor.java:481)
	at com.kms.katalon.core.main.TestCaseExecutor.processExecutionPhase(TestCaseExecutor.java:460)
	at com.kms.katalon.core.main.TestCaseExecutor.accessMainPhase(TestCaseExecutor.java:452)
	at com.kms.katalon.core.main.TestCaseExecutor.execute(TestCaseExecutor.java:322)
	at com.kms.katalon.core.main.TestCaseExecutor.execute(TestCaseExecutor.java:410)
	at com.kms.katalon.core.common.CommonExecutor.accessTestCaseMainPhase(CommonExecutor.java:71)
	at com.kms.katalon.core.main.TestSuiteExecutor.accessTestSuiteMainPhase(TestSuiteExecutor.java:153)
	at com.kms.katalon.core.main.TestSuiteExecutor.execute(TestSuiteExecutor.java:110)
	at com.kms.katalon.core.main.TestCaseMain.startTestSuite(TestCaseMain.java:205)
	at TempTestSuite1767713198027.run(TempTestSuite1767713198027.groovy:35)
	at java.base/jdk.internal.reflect.NativeMethodAccessorImpl.invoke0(Native Method)
	at java.base/jdk.internal.reflect.NativeMethodAccessorImpl.invoke(NativeMethodAccessorImpl.java:77)
	at java.base/jdk.internal.reflect.DelegatingMethodAccessorImpl.invoke(DelegatingMethodAccessorImpl.java:43)
</property>
  <property name="failed.exception.class">com.kms.katalon.core.webui.exception.WebElementNotFoundException</property>
  <property name="failed.exception.message">Web element with id: &apos;Object Repository/AI-Generated/Katalian Banking Production/Page_transfer/button_confirmTransfer&apos; located by &apos;button &gt;&gt; internal:text=\&quot;Confirm Transfer\&quot;s&apos; not found</property>
</record>
<record>
  <date>2026-01-06T15:27:26.559062Z</date>
  <millis>1767713246559</millis>
  <nanos>62000</nanos>
  <sequence>599</sequence>
  <level>START</level>
  <class>com.kms.katalon.core.logging.XmlKeywordLogger</class>
  <method>startKeyword</method>
  <thread>1</thread>
  <message>Start tear down : teardown</message>
  <nestedLevel>1</nestedLevel>
  <escapedJava>false</escapedJava>
  <property name="stepIndex">1</property>
  <property name="isIgnoredIfFailed">true</property>
</record>
<record>
  <date>2026-01-06T15:27:26.559940Z</date>
  <millis>1767713246559</millis>
  <nanos>940000</nanos>
  <sequence>600</sequence>
  <level>START</level>
  <class>com.kms.katalon.core.logging.XmlKeywordLogger</class>
  <method>startKeyword</method>
  <thread>1</thread>
  <message>Start action : closeBrowser()</message>
  <nestedLevel>1</nestedLevel>
  <escapedJava>false</escapedJava>
  <property name="startLine">51</property>
  <property name="stepIndex">1</property>
</record>
<record>
  <date>2026-01-06T15:27:26.649160Z</date>
  <millis>1767713246649</millis>
  <nanos>160000</nanos>
  <sequence>603</sequence>
  <level>PASSED</level>
  <class>com.kms.katalon.core.logging.XmlKeywordLogger</class>
  <method>logMessage</method>
  <thread>1</thread>
  <message>Browser is closed</message>
  <nestedLevel>1</nestedLevel>
  <escapedJava>false</escapedJava>
  <property name="testops-method-name">com.kms.katalon.core.webui.keyword.builtin.CloseBrowserKeyword.closeBrowser</property>
  <property name="testops-execution-stacktrace"></property>
</record>
<record>
  <date>2026-01-06T15:27:26.649302Z</date>
  <millis>1767713246649</millis>
  <nanos>302000</nanos>
  <sequence>604</sequence>
  <level>END</level>
  <class>com.kms.katalon.core.logging.XmlKeywordLogger</class>
  <method>endKeyword</method>
  <thread>1</thread>
  <message>End action : closeBrowser()</message>
  <nestedLevel>1</nestedLevel>
  <escapedJava>false</escapedJava>
</record>
<record>
  <date>2026-01-06T15:27:26.649474Z</date>
  <millis>1767713246649</millis>
  <nanos>474000</nanos>
  <sequence>606</sequence>
  <level>PASSED</level>
  <class>com.kms.katalon.core.logging.XmlKeywordLogger</class>
  <method>logMessage</method>
  <thread>1</thread>
  <message>Method &amp;apos;teardown&amp;apos; complete successfully</message>
  <nestedLevel>1</nestedLevel>
  <escapedJava>false</escapedJava>
  <property name="testops-execution-stacktrace">com.kms.katalon.core.logging.KeywordLogger.logPassed(KeywordLogger.java:332)
com.kms.katalon.core.logging.KeywordLogger.logPassed(KeywordLogger.java:346)
com.kms.katalon.core.main.TestCaseExecutor.runMethod(TestCaseExecutor.java:639)
com.kms.katalon.core.main.TestCaseExecutor.internallyRunMethods(TestCaseExecutor.java:622)
com.kms.katalon.core.main.TestCaseExecutor.runTearDownMethodByError(TestCaseExecutor.java:665)
com.kms.katalon.core.main.TestCaseExecutor.onExecutionError(TestCaseExecutor.java:189)
com.kms.katalon.core.main.TestCaseExecutor.processExecutionPhase(TestCaseExecutor.java:470)
com.kms.katalon.core.main.TestCaseExecutor.accessMainPhase(TestCaseExecutor.java:452)
com.kms.katalon.core.main.TestCaseExecutor.execute(TestCaseExecutor.java:322)
com.kms.katalon.core.main.TestCaseExecutor.execute(TestCaseExecutor.java:410)
com.kms.katalon.core.common.CommonExecutor.accessTestCaseMainPhase(CommonExecutor.java:71)
com.kms.katalon.core.main.TestSuiteExecutor.accessTestSuiteMainPhase(TestSuiteExecutor.java:153)
com.kms.katalon.core.main.TestSuiteExecutor.execute(TestSuiteExecutor.java:110)
com.kms.katalon.core.main.TestCaseMain.startTestSuite(TestCaseMain.java:205)
TempTestSuite1767713198027.run(TempTestSuite1767713198027.groovy:35)
java.base/jdk.internal.reflect.NativeMethodAccessorImpl.invoke0(Native Method)
java.base/jdk.internal.reflect.NativeMethodAccessorImpl.invoke(NativeMethodAccessorImpl.java:77)
java.base/jdk.internal.reflect.DelegatingMethodAccessorImpl.invoke(DelegatingMethodAccessorImpl.java:43)
</property>
</record>
<record>
  <date>2026-01-06T15:27:26.649556Z</date>
  <millis>1767713246649</millis>
  <nanos>556000</nanos>
  <sequence>607</sequence>
  <level>END</level>
  <class>com.kms.katalon.core.logging.XmlKeywordLogger</class>
  <method>endKeyword</method>
  <thread>1</thread>
  <message>End tear down : teardown</message>
  <nestedLevel>1</nestedLevel>
  <escapedJava>false</escapedJava>
</record>
<record>
  <date>2026-01-06T15:27:26.649701Z</date>
  <millis>1767713246649</millis>
  <nanos>701000</nanos>
  <sequence>608</sequence>
  <level>START</level>
  <class>com.kms.katalon.core.logging.XmlKeywordLogger</class>
  <method>startKeyword</method>
  <thread>1</thread>
  <message>Start listener action : autoUpdateJobStatus</message>
  <nestedLevel>1</nestedLevel>
  <escapedJava>false</escapedJava>
</record>
<record>
  <date>2026-01-06T15:27:26.649900Z</date>
  <millis>1767713246649</millis>
  <nanos>900000</nanos>
  <sequence>610</sequence>
  <level>INFO</level>
  <class>com.kms.katalon.core.logging.XmlKeywordLogger</class>
  <method>logMessage</method>
  <thread>1</thread>
  <message>[SAUCELABS] Current run configuration: Chrome</message>
  <nestedLevel>1</nestedLevel>
  <escapedJava>false</escapedJava>
</record>
<record>
  <date>2026-01-06T15:27:26.649956Z</date>
  <millis>1767713246649</millis>
  <nanos>956000</nanos>
  <sequence>612</sequence>
  <level>END</level>
  <class>com.kms.katalon.core.logging.XmlKeywordLogger</class>
  <method>endKeyword</method>
  <thread>1</thread>
  <message>End listener action : autoUpdateJobStatus</message>
  <nestedLevel>1</nestedLevel>
  <escapedJava>false</escapedJava>
</record>
<record>
  <date>2026-01-06T15:27:26.650229Z</date>
  <millis>1767713246650</millis>
  <nanos>229000</nanos>
  <sequence>613</sequence>
  <level>END</level>
  <class>com.kms.katalon.core.logging.XmlKeywordLogger</class>
  <method>endTest</method>
  <thread>1</thread>
  <message>End Test Case : Test Cases/AI-Generated/Katalian Banking Production/TC3-Transfer Balance Between Accounts and Logout</message>
  <nestedLevel>0</nestedLevel>
  <escapedJava>false</escapedJava>
  <property name="executionBindingVariables">[
  {
    &quot;value&quot;: &quot;500000&quot;,
    &quot;isDefault&quot;: true,
    &quot;name&quot;: &quot;input_amount&quot;,
    &quot;masked&quot;: false
  },
  {
    &quot;value&quot;: &quot;Checking (...7890) - Balance: $5345.54&quot;,
    &quot;isDefault&quot;: true,
    &quot;name&quot;: &quot;select_fromAccount&quot;,
    &quot;masked&quot;: false
  }
]</property>
  <property name="applitools">false</property>
  <property name="remainingRetryCount">2</property>
  <property name="executedKeywords">{
  &quot;WebUI.navigateToUrl&quot;: 1,
  &quot;WebUI.selectOptionByLabel&quot;: 1,
  &quot;BuiltIn.callTestCase&quot;: 1,
  &quot;WebUI.openBrowser&quot;: 1,
  &quot;BuiltIn.delay&quot;: 1,
  &quot;WebUI.verifyElementPresent&quot;: 1,
  &quot;WebUI.closeBrowser&quot;: 1,
  &quot;WebUI.setEncryptedText&quot;: 1,
  &quot;WebUI.verifyOptionSelectedByLabel&quot;: 1,
  &quot;WebUI.click&quot;: 1,
  &quot;WebUI.setViewPortSize&quot;: 1,
  &quot;WebUI.enhancedClick&quot;: 4,
  &quot;WebUI.setText&quot;: 2
}</property>
  <property name="currentRetryCount">1</property>
  <property name="keywordsUsage">{
  &quot;web_ui&quot;: true,
  &quot;web_service&quot;: false,
  &quot;cucumber&quot;: false,
  &quot;builtin&quot;: true,
  &quot;mobile&quot;: false,
  &quot;windows&quot;: false,
  &quot;testng&quot;: false
}</property>
</record>
<record>
  <date>2026-01-06T15:27:26.651678Z</date>
  <millis>1767713246651</millis>
  <nanos>678000</nanos>
  <sequence>614</sequence>
  <level>START</level>
  <class>com.kms.katalon.core.logging.XmlKeywordLogger</class>
  <method>startTest</method>
  <thread>1</thread>
  <message>Start Test Case : Test Cases/AI-Generated/Katalian Banking Production/TC3-Transfer Balance Between Accounts and Logout</message>
  <nestedLevel>1</nestedLevel>
  <escapedJava>false</escapedJava>
  <property name="remainingRetryCount">1</property>
  <property name="origin">TRUETEST</property>
  <property name="name">Test Cases/AI-Generated/Katalian Banking Production/TC3-Transfer Balance Between Accounts and Logout</property>
  <property name="description">Login, transfer balance between accounts, confirm the transfer, logout, and verify the home page.</property>
  <property name="iteration"></property>
  <property name="id">Test Cases/AI-Generated/Katalian Banking Production/TC3-Transfer Balance Between Accounts and Logout</property>
  <property name="source">\Users\gia\Downloads\Katalian_Banking_2.0-main\Test Cases\AI-Generated\Katalian Banking Production\TC3-Transfer Balance Between Accounts and Logout.tc</property>
  <property name="tag"></property>
  <property name="isOptional">false</property>
  <property name="currentRetryCount">2</property>
</record>
<record>
  <date>2026-01-06T15:27:26.656466Z</date>
  <millis>1767713246656</millis>
  <nanos>466000</nanos>
  <sequence>616</sequence>
  <level>INFO</level>
  <class>com.kms.katalon.core.logging.XmlKeywordLogger</class>
  <method>logMessage</method>
  <thread>1</thread>
  <message>(Default) input_amount = 500000</message>
  <nestedLevel>1</nestedLevel>
  <escapedJava>false</escapedJava>
</record>
<record>
  <date>2026-01-06T15:27:26.656653Z</date>
  <millis>1767713246656</millis>
  <nanos>653000</nanos>
  <sequence>617</sequence>
  <level>INFO</level>
  <class>com.kms.katalon.core.logging.XmlKeywordLogger</class>
  <method>logMessage</method>
  <thread>1</thread>
  <message>(Default) select_fromAccount = Checking (...7890) - Balance: $5345.54</message>
  <nestedLevel>1</nestedLevel>
  <escapedJava>false</escapedJava>
</record>
<record>
  <date>2026-01-06T15:27:26.656733Z</date>
  <millis>1767713246656</millis>
  <nanos>733000</nanos>
  <sequence>618</sequence>
  <level>START</level>
  <class>com.kms.katalon.core.logging.XmlKeywordLogger</class>
  <method>startKeyword</method>
  <thread>1</thread>
  <message>Start listener action : enableSauceLabs</message>
  <nestedLevel>1</nestedLevel>
  <escapedJava>false</escapedJava>
</record>
<record>
  <date>2026-01-06T15:27:26.657129Z</date>
  <millis>1767713246657</millis>
  <nanos>129000</nanos>
  <sequence>620</sequence>
  <level>INFO</level>
  <class>com.kms.katalon.core.logging.XmlKeywordLogger</class>
  <method>logMessage</method>
  <thread>1</thread>
  <message>[SAUCELABS] Current run configuration: Chrome</message>
  <nestedLevel>1</nestedLevel>
  <escapedJava>false</escapedJava>
</record>
<record>
  <date>2026-01-06T15:27:26.657308Z</date>
  <millis>1767713246657</millis>
  <nanos>308000</nanos>
  <sequence>621</sequence>
  <level>INFO</level>
  <class>com.kms.katalon.core.logging.XmlKeywordLogger</class>
  <method>logMessage</method>
  <thread>1</thread>
  <message>[SAUCELABS] Saucelabs Plugin will not attempt to auto update job status and information !</message>
  <nestedLevel>1</nestedLevel>
  <escapedJava>false</escapedJava>
</record>
<record>
  <date>2026-01-06T15:27:26.657476Z</date>
  <millis>1767713246657</millis>
  <nanos>476000</nanos>
  <sequence>623</sequence>
  <level>END</level>
  <class>com.kms.katalon.core.logging.XmlKeywordLogger</class>
  <method>endKeyword</method>
  <thread>1</thread>
  <message>End listener action : enableSauceLabs</message>
  <nestedLevel>1</nestedLevel>
  <escapedJava>false</escapedJava>
</record>
<record>
  <date>2026-01-06T15:27:26.657581Z</date>
  <millis>1767713246657</millis>
  <nanos>581000</nanos>
  <sequence>625</sequence>
  <level>START</level>
  <class>com.kms.katalon.core.logging.XmlKeywordLogger</class>
  <method>startKeyword</method>
  <thread>1</thread>
  <message>Start setup action : setup</message>
  <nestedLevel>1</nestedLevel>
  <escapedJava>false</escapedJava>
  <property name="stepIndex">1</property>
</record>
<record>
  <date>2026-01-06T15:27:26.657991Z</date>
  <millis>1767713246657</millis>
  <nanos>991000</nanos>
  <sequence>626</sequence>
  <level>START</level>
  <class>com.kms.katalon.core.logging.XmlKeywordLogger</class>
  <method>startKeyword</method>
  <thread>1</thread>
  <message>Start action : openBrowser(&amp;quot;&amp;quot;)</message>
  <nestedLevel>1</nestedLevel>
  <escapedJava>false</escapedJava>
  <property name="startLine">14</property>
  <property name="stepIndex">1</property>
</record>
<record>
  <date>2026-01-06T15:27:26.659251Z</date>
  <millis>1767713246659</millis>
  <nanos>251000</nanos>
  <sequence>629</sequence>
  <level>INFO</level>
  <class>com.kms.katalon.core.logging.XmlKeywordLogger</class>
  <method>logMessage</method>
  <thread>1</thread>
  <message>Starting &amp;apos;Chrome&amp;apos; driver</message>
  <nestedLevel>1</nestedLevel>
  <escapedJava>false</escapedJava>
</record>
<record>
  <date>2026-01-06T15:27:26.659706Z</date>
  <millis>1767713246659</millis>
  <nanos>706000</nanos>
  <sequence>630</sequence>
  <level>INFO</level>
  <class>com.kms.katalon.core.logging.XmlKeywordLogger</class>
  <method>logMessage</method>
  <thread>1</thread>
  <message>Action delay is set to 0 milliseconds</message>
  <nestedLevel>1</nestedLevel>
  <escapedJava>false</escapedJava>
</record>
<record>
  <date>2026-01-06T15:27:27.707281Z</date>
  <millis>1767713247707</millis>
  <nanos>281000</nanos>
  <sequence>633</sequence>
  <level>RUN_DATA</level>
  <class>com.kms.katalon.core.logging.XmlKeywordLogger</class>
  <method>logMessage</method>
  <thread>1</thread>
  <message>sessionId = 637fda69fa5e9599af1e5ec19f594ba2</message>
  <nestedLevel>1</nestedLevel>
  <escapedJava>false</escapedJava>
  <property name="sessionId">637fda69fa5e9599af1e5ec19f594ba2</property>
</record>
<record>
  <date>2026-01-06T15:27:27.707751Z</date>
  <millis>1767713247707</millis>
  <nanos>751000</nanos>
  <sequence>634</sequence>
  <level>RUN_DATA</level>
  <class>com.kms.katalon.core.logging.XmlKeywordLogger</class>
  <method>logMessage</method>
  <thread>1</thread>
  <message>browser = Chrome 143.0.7499.147</message>
  <nestedLevel>1</nestedLevel>
  <escapedJava>false</escapedJava>
  <property name="browser">Chrome 143.0.7499.147</property>
</record>
<record>
  <date>2026-01-06T15:27:27.707968Z</date>
  <millis>1767713247707</millis>
  <nanos>968000</nanos>
  <sequence>635</sequence>
  <level>RUN_DATA</level>
  <class>com.kms.katalon.core.logging.XmlKeywordLogger</class>
  <method>logMessage</method>
  <thread>1</thread>
  <message>platform = Mac OS X</message>
  <nestedLevel>1</nestedLevel>
  <escapedJava>false</escapedJava>
  <property name="platform">Mac OS X</property>
</record>
<record>
  <date>2026-01-06T15:27:27.708087Z</date>
  <millis>1767713247708</millis>
  <nanos>87000</nanos>
  <sequence>636</sequence>
  <level>RUN_DATA</level>
  <class>com.kms.katalon.core.logging.XmlKeywordLogger</class>
  <method>logMessage</method>
  <thread>1</thread>
  <message>seleniumVersion = 4.34.0</message>
  <nestedLevel>1</nestedLevel>
  <escapedJava>false</escapedJava>
  <property name="seleniumVersion">4.34.0</property>
</record>
<record>
  <date>2026-01-06T15:27:27.708264Z</date>
  <millis>1767713247708</millis>
  <nanos>264000</nanos>
  <sequence>637</sequence>
  <level>RUN_DATA</level>
  <class>com.kms.katalon.core.logging.XmlKeywordLogger</class>
  <method>logMessage</method>
  <thread>1</thread>
  <message>proxyInformation = ProxyInformation { proxyOption=NO_PROXY, proxyServerType=HTTP, username=, password=********, proxyServerAddress=, proxyServerPort=0, executionList=&amp;quot;&amp;quot;, isApplyToDesiredCapabilities=true }</message>
  <nestedLevel>1</nestedLevel>
  <escapedJava>false</escapedJava>
  <property name="proxyInformation">ProxyInformation { proxyOption=NO_PROXY, proxyServerType=HTTP, username=, password=********, proxyServerAddress=, proxyServerPort=0, executionList=&quot;&quot;, isApplyToDesiredCapabilities=true }</property>
</record>
<record>
  <date>2026-01-06T15:27:27.714261Z</date>
  <millis>1767713247714</millis>
  <nanos>261000</nanos>
  <sequence>638</sequence>
  <level>PASSED</level>
  <class>com.kms.katalon.core.logging.XmlKeywordLogger</class>
  <method>logMessage</method>
  <thread>1</thread>
  <message>Browser is opened with url: &amp;apos;&amp;apos;</message>
  <nestedLevel>1</nestedLevel>
  <escapedJava>false</escapedJava>
  <property name="testops-method-name">com.kms.katalon.core.webui.keyword.builtin.OpenBrowserKeyword.openBrowser</property>
  <property name="testops-execution-stacktrace"></property>
</record>
<record>
  <date>2026-01-06T15:27:27.714462Z</date>
  <millis>1767713247714</millis>
  <nanos>462000</nanos>
  <sequence>639</sequence>
  <level>END</level>
  <class>com.kms.katalon.core.logging.XmlKeywordLogger</class>
  <method>endKeyword</method>
  <thread>1</thread>
  <message>End action : openBrowser(&amp;quot;&amp;quot;)</message>
  <nestedLevel>1</nestedLevel>
  <escapedJava>false</escapedJava>
</record>
<record>
  <date>2026-01-06T15:27:27.714515Z</date>
  <millis>1767713247714</millis>
  <nanos>515000</nanos>
  <sequence>640</sequence>
  <level>START</level>
  <class>com.kms.katalon.core.logging.XmlKeywordLogger</class>
  <method>startKeyword</method>
  <thread>1</thread>
  <message>Start action : setViewPortSize(1512, 823)</message>
  <nestedLevel>1</nestedLevel>
  <escapedJava>false</escapedJava>
  <property name="startLine">15</property>
  <property name="stepIndex">2</property>
</record>
<record>
  <date>2026-01-06T15:27:28.058755Z</date>
  <millis>1767713248058</millis>
  <nanos>755000</nanos>
  <sequence>644</sequence>
  <level>INFO</level>
  <class>com.kms.katalon.core.logging.XmlKeywordLogger</class>
  <method>logMessage</method>
  <thread>1</thread>
  <message>Viewport size mismatch (1,512x746). Trying to set it again.</message>
  <nestedLevel>1</nestedLevel>
  <escapedJava>false</escapedJava>
</record>
<record>
  <date>2026-01-06T15:27:29.033724Z</date>
  <millis>1767713249033</millis>
  <nanos>724000</nanos>
  <sequence>645</sequence>
  <level>WARNING</level>
  <class>com.kms.katalon.core.logging.XmlKeywordLogger</class>
  <method>logMessage</method>
  <thread>1</thread>
  <message>Viewport size mismatch (1512x1512).</message>
  <nestedLevel>1</nestedLevel>
  <escapedJava>false</escapedJava>
</record>
<record>
  <date>2026-01-06T15:27:29.033881Z</date>
  <millis>1767713249033</millis>
  <nanos>881000</nanos>
  <sequence>646</sequence>
  <level>END</level>
  <class>com.kms.katalon.core.logging.XmlKeywordLogger</class>
  <method>endKeyword</method>
  <thread>1</thread>
  <message>End action : setViewPortSize(1512, 823)</message>
  <nestedLevel>1</nestedLevel>
  <escapedJava>false</escapedJava>
</record>
<record>
  <date>2026-01-06T15:27:29.034153Z</date>
  <millis>1767713249034</millis>
  <nanos>153000</nanos>
  <sequence>648</sequence>
  <level>PASSED</level>
  <class>com.kms.katalon.core.logging.XmlKeywordLogger</class>
  <method>logMessage</method>
  <thread>1</thread>
  <message>Method &amp;apos;setup&amp;apos; complete successfully</message>
  <nestedLevel>1</nestedLevel>
  <escapedJava>false</escapedJava>
  <property name="testops-execution-stacktrace">com.kms.katalon.core.logging.KeywordLogger.logPassed(KeywordLogger.java:332)
com.kms.katalon.core.logging.KeywordLogger.logPassed(KeywordLogger.java:346)
com.kms.katalon.core.main.TestCaseExecutor.runMethod(TestCaseExecutor.java:639)
com.kms.katalon.core.main.TestCaseExecutor.internallyRunMethods(TestCaseExecutor.java:622)
com.kms.katalon.core.main.TestCaseExecutor.processSetupPhase(TestCaseExecutor.java:234)
com.kms.katalon.core.main.TestCaseExecutor.accessMainPhase(TestCaseExecutor.java:448)
com.kms.katalon.core.main.TestCaseExecutor.execute(TestCaseExecutor.java:322)
com.kms.katalon.core.main.TestCaseExecutor.execute(TestCaseExecutor.java:410)
com.kms.katalon.core.main.TestCaseExecutor.execute(TestCaseExecutor.java:410)
com.kms.katalon.core.common.CommonExecutor.accessTestCaseMainPhase(CommonExecutor.java:71)
com.kms.katalon.core.main.TestSuiteExecutor.accessTestSuiteMainPhase(TestSuiteExecutor.java:153)
com.kms.katalon.core.main.TestSuiteExecutor.execute(TestSuiteExecutor.java:110)
com.kms.katalon.core.main.TestCaseMain.startTestSuite(TestCaseMain.java:205)
TempTestSuite1767713198027.run(TempTestSuite1767713198027.groovy:35)
java.base/jdk.internal.reflect.NativeMethodAccessorImpl.invoke0(Native Method)
java.base/jdk.internal.reflect.NativeMethodAccessorImpl.invoke(NativeMethodAccessorImpl.java:77)
java.base/jdk.internal.reflect.DelegatingMethodAccessorImpl.invoke(DelegatingMethodAccessorImpl.java:43)
</property>
</record>
<record>
  <date>2026-01-06T15:27:29.034269Z</date>
  <millis>1767713249034</millis>
  <nanos>269000</nanos>
  <sequence>649</sequence>
  <level>END</level>
  <class>com.kms.katalon.core.logging.XmlKeywordLogger</class>
  <method>endKeyword</method>
  <thread>1</thread>
  <message>End setup action : setup</message>
  <nestedLevel>1</nestedLevel>
  <escapedJava>false</escapedJava>
</record>
<record>
  <date>2026-01-06T15:27:29.035081Z</date>
  <millis>1767713249035</millis>
  <nanos>81000</nanos>
  <sequence>650</sequence>
  <level>START</level>
  <class>com.kms.katalon.core.logging.XmlKeywordLogger</class>
  <method>startKeyword</method>
  <thread>1</thread>
  <message>Start action : reportLocation = getReportFolder()</message>
  <nestedLevel>1</nestedLevel>
  <escapedJava>false</escapedJava>
  <property name="startLine">8</property>
  <property name="stepIndex">1</property>
</record>
<record>
  <date>2026-01-06T15:27:29.035221Z</date>
  <millis>1767713249035</millis>
  <nanos>221000</nanos>
  <sequence>651</sequence>
  <level>END</level>
  <class>com.kms.katalon.core.logging.XmlKeywordLogger</class>
  <method>endKeyword</method>
  <thread>1</thread>
  <message>End action : reportLocation = getReportFolder()</message>
  <nestedLevel>1</nestedLevel>
  <escapedJava>false</escapedJava>
</record>
<record>
  <date>2026-01-06T15:27:29.035259Z</date>
  <millis>1767713249035</millis>
  <nanos>259000</nanos>
  <sequence>652</sequence>
  <level>START</level>
  <class>com.kms.katalon.core.logging.XmlKeywordLogger</class>
  <method>startKeyword</method>
  <thread>1</thread>
  <message>Start action : &amp;quot;Initialize test session: Open browser and set view port&amp;quot;</message>
  <nestedLevel>1</nestedLevel>
  <escapedJava>false</escapedJava>
  <property name="startLine">10</property>
  <property name="stepIndex">2</property>
</record>
<record>
  <date>2026-01-06T15:27:29.035328Z</date>
  <millis>1767713249035</millis>
  <nanos>328000</nanos>
  <sequence>653</sequence>
  <level>END</level>
  <class>com.kms.katalon.core.logging.XmlKeywordLogger</class>
  <method>endKeyword</method>
  <thread>1</thread>
  <message>End action : &amp;quot;Initialize test session: Open browser and set view port&amp;quot;</message>
  <nestedLevel>1</nestedLevel>
  <escapedJava>false</escapedJava>
</record>
<record>
  <date>2026-01-06T15:27:29.035361Z</date>
  <millis>1767713249035</millis>
  <nanos>361000</nanos>
  <sequence>654</sequence>
  <level>START</level>
  <class>com.kms.katalon.core.logging.XmlKeywordLogger</class>
  <method>startKeyword</method>
  <thread>1</thread>
  <message>Start action : TrueTestScripts.navigate(&amp;quot;&amp;quot;)</message>
  <nestedLevel>1</nestedLevel>
  <escapedJava>false</escapedJava>
  <property name="startLine">21</property>
  <property name="stepIndex">3</property>
  <property name="description">Step 1: Navigate to /login</property>
</record>
<record>
  <date>2026-01-06T15:27:29.433961Z</date>
  <millis>1767713249433</millis>
  <nanos>961000</nanos>
  <sequence>658</sequence>
  <level>PASSED</level>
  <class>com.kms.katalon.core.logging.XmlKeywordLogger</class>
  <method>logMessage</method>
  <thread>1</thread>
  <message>Navigate to &amp;apos;https://katalian-banking.vercel.app/&amp;apos; successfully</message>
  <nestedLevel>1</nestedLevel>
  <escapedJava>false</escapedJava>
  <property name="testops-method-name">com.kms.katalon.core.webui.keyword.builtin.NavigateToUrlKeyword.navigateToUrl</property>
  <property name="testops-execution-stacktrace"></property>
</record>
<record>
  <date>2026-01-06T15:27:32.440286Z</date>
  <millis>1767713252440</millis>
  <nanos>286000</nanos>
  <sequence>661</sequence>
  <level>PASSED</level>
  <class>com.kms.katalon.core.logging.XmlKeywordLogger</class>
  <method>logMessage</method>
  <thread>1</thread>
  <message>Delayed 3 second(s)</message>
  <nestedLevel>1</nestedLevel>
  <escapedJava>false</escapedJava>
  <property name="testops-method-name">com.kms.katalon.core.keyword.builtin.DelayKeyword.delay</property>
  <property name="testops-execution-stacktrace"></property>
</record>
<record>
  <date>2026-01-06T15:27:32.440585Z</date>
  <millis>1767713252440</millis>
  <nanos>585000</nanos>
  <sequence>662</sequence>
  <level>END</level>
  <class>com.kms.katalon.core.logging.XmlKeywordLogger</class>
  <method>endKeyword</method>
  <thread>1</thread>
  <message>End action : TrueTestScripts.navigate(&amp;quot;&amp;quot;)</message>
  <nestedLevel>1</nestedLevel>
  <escapedJava>false</escapedJava>
</record>
<record>
  <date>2026-01-06T15:27:32.440684Z</date>
  <millis>1767713252440</millis>
  <nanos>684000</nanos>
  <sequence>663</sequence>
  <level>START</level>
  <class>com.kms.katalon.core.logging.XmlKeywordLogger</class>
  <method>startKeyword</method>
  <thread>1</thread>
  <message>Start action : TrueTestScripts.login()</message>
  <nestedLevel>1</nestedLevel>
  <escapedJava>false</escapedJava>
  <property name="startLine">25</property>
  <property name="stepIndex">4</property>
  <property name="description">Step 2: Login into Application</property>
</record>
<record>
  <date>2026-01-06T15:27:32.499164Z</date>
  <millis>1767713252499</millis>
  <nanos>164000</nanos>
  <sequence>667</sequence>
  <level>START</level>
  <class>com.kms.katalon.core.logging.XmlKeywordLogger</class>
  <method>startTest</method>
  <thread>1</thread>
  <message>Start Test Case : Test Cases/Login</message>
  <nestedLevel>2</nestedLevel>
  <escapedJava>false</escapedJava>
  <property name="origin"></property>
  <property name="name">Test Cases/Login</property>
  <property name="description"></property>
  <property name="iteration"></property>
  <property name="id">Test Cases/Login</property>
  <property name="source">\Users\gia\Downloads\Katalian_Banking_2.0-main\Test Cases\Login.tc</property>
  <property name="tag"></property>
  <property name="isOptional">false</property>
</record>
<record>
  <date>2026-01-06T15:27:32.503593Z</date>
  <millis>1767713252503</millis>
  <nanos>593000</nanos>
  <sequence>669</sequence>
  <level>START</level>
  <class>com.kms.katalon.core.logging.XmlKeywordLogger</class>
  <method>startKeyword</method>
  <thread>1</thread>
  <message>Start action : setText(findTestObject(&amp;quot;Object Repository/Page_Katalian Bank/input_Username_username&amp;quot;), &amp;quot;bankinguser123&amp;quot;)</message>
  <nestedLevel>1</nestedLevel>
  <escapedJava>false</escapedJava>
  <property name="startLine">20</property>
  <property name="stepIndex">1</property>
</record>
<record>
  <date>2026-01-06T15:27:33.036474Z</date>
  <millis>1767713253036</millis>
  <nanos>474000</nanos>
  <sequence>683</sequence>
  <level>PASSED</level>
  <class>com.kms.katalon.core.logging.XmlKeywordLogger</class>
  <method>logMessage</method>
  <thread>1</thread>
  <message>Text &amp;apos;bankinguser123&amp;apos; is set on object &amp;apos;Object Repository/Page_Katalian Bank/input_Username_username&amp;apos;</message>
  <nestedLevel>2</nestedLevel>
  <escapedJava>false</escapedJava>
  <property name="testops-method-name">com.kms.katalon.core.webui.keyword.internal.WebUIKeywordMain.runKeywordUntilTimeout</property>
  <property name="testops-execution-stacktrace">com.kms.katalon.core.logging.KeywordLogger.logPassed(KeywordLogger.java:332)
com.kms.katalon.core.logging.KeywordLogger.logPassed(KeywordLogger.java:327)
com.kms.katalon.core.webui.keyword.builtin.SetTextKeyword$_setText_closure1.doCall(SetTextKeyword.groovy:99)
java.base/jdk.internal.reflect.NativeMethodAccessorImpl.invoke0(Native Method)
java.base/jdk.internal.reflect.NativeMethodAccessorImpl.invoke(NativeMethodAccessorImpl.java:77)
java.base/jdk.internal.reflect.DelegatingMethodAccessorImpl.invoke(DelegatingMethodAccessorImpl.java:43)
jdk.proxy2/jdk.proxy2.$Proxy51.execute(Unknown Source)
com.kms.katalon.core.webui.model.SeleniumActionRetryController.performAction(SeleniumActionRetryController.java:96)
com.kms.katalon.core.webui.model.SeleniumActionRetryController.performAction(SeleniumActionRetryController.java:83)
com.kms.katalon.core.webui.keyword.internal.WebUIKeywordMain$_runKeywordUntilTimeout_closure1.doCall(WebUIKeywordMain.groovy:135)
com.kms.katalon.core.webui.keyword.internal.WebUIKeywordMain$_runKeywordUntilTimeout_closure1.call(WebUIKeywordMain.groovy)
com.kms.katalon.core.webui.keyword.internal.WebUIKeywordMain.runKeyword(WebUIKeywordMain.groovy:41)
com.kms.katalon.core.webui.keyword.internal.WebUIKeywordMain.runKeywordUntilTimeout(WebUIKeywordMain.groovy:133)
com.kms.katalon.core.webui.keyword.builtin.SetTextKeyword.setText(SetTextKeyword.groovy:106)
com.kms.katalon.core.webui.keyword.builtin.SetTextKeyword.execute(SetTextKeyword.groovy:49)
com.kms.katalon.core.keyword.internal.KeywordExecutor.executeKeywordForPlatform(KeywordExecutor.groovy:90)
com.kms.katalon.core.webui.keyword.WebUiBuiltInKeywords.setText(WebUiBuiltInKeywords.groovy:1081)
Login.run(Login:20)
</property>
</record>
<record>
  <date>2026-01-06T15:27:33.036863Z</date>
  <millis>1767713253036</millis>
  <nanos>863000</nanos>
  <sequence>684</sequence>
  <level>END</level>
  <class>com.kms.katalon.core.logging.XmlKeywordLogger</class>
  <method>endKeyword</method>
  <thread>1</thread>
  <message>End action : setText(findTestObject(&amp;quot;Object Repository/Page_Katalian Bank/input_Username_username&amp;quot;), &amp;quot;bankinguser123&amp;quot;)</message>
  <nestedLevel>1</nestedLevel>
  <escapedJava>false</escapedJava>
</record>
<record>
  <date>2026-01-06T15:27:33.036924Z</date>
  <millis>1767713253036</millis>
  <nanos>924000</nanos>
  <sequence>685</sequence>
  <level>START</level>
  <class>com.kms.katalon.core.logging.XmlKeywordLogger</class>
  <method>startKeyword</method>
  <thread>1</thread>
  <message>Start action : setEncryptedText(findTestObject(&amp;quot;Object Repository/Page_Katalian Bank/input_Password_password&amp;quot;), &amp;quot;CS9RmWxFPRFoMJc95WUBEN4WG8mxfTJo&amp;quot;)</message>
  <nestedLevel>1</nestedLevel>
  <escapedJava>false</escapedJava>
  <property name="startLine">22</property>
  <property name="stepIndex">2</property>
</record>
<record>
  <date>2026-01-06T15:27:33.286079Z</date>
  <millis>1767713253286</millis>
  <nanos>79000</nanos>
  <sequence>698</sequence>
  <level>PASSED</level>
  <class>com.kms.katalon.core.logging.XmlKeywordLogger</class>
  <method>logMessage</method>
  <thread>1</thread>
  <message>Text ****** has been set on object &amp;apos;Object Repository/Page_Katalian Bank/input_Password_password&amp;apos;</message>
  <nestedLevel>2</nestedLevel>
  <escapedJava>false</escapedJava>
  <property name="testops-method-name">com.kms.katalon.core.webui.keyword.internal.WebUIKeywordMain.runKeywordUntilTimeout</property>
  <property name="testops-execution-stacktrace">com.kms.katalon.core.logging.KeywordLogger.logPassed(KeywordLogger.java:332)
com.kms.katalon.core.logging.KeywordLogger.logPassed(KeywordLogger.java:327)
com.kms.katalon.core.webui.keyword.builtin.SetEncryptedTextKeyword$_setEncryptedText_closure1.doCall(SetEncryptedTextKeyword.groovy:82)
java.base/jdk.internal.reflect.NativeMethodAccessorImpl.invoke0(Native Method)
java.base/jdk.internal.reflect.NativeMethodAccessorImpl.invoke(NativeMethodAccessorImpl.java:77)
java.base/jdk.internal.reflect.DelegatingMethodAccessorImpl.invoke(DelegatingMethodAccessorImpl.java:43)
jdk.proxy2/jdk.proxy2.$Proxy51.execute(Unknown Source)
com.kms.katalon.core.webui.model.SeleniumActionRetryController.performAction(SeleniumActionRetryController.java:96)
com.kms.katalon.core.webui.model.SeleniumActionRetryController.performAction(SeleniumActionRetryController.java:83)
com.kms.katalon.core.webui.keyword.internal.WebUIKeywordMain$_runKeywordUntilTimeout_closure1.doCall(WebUIKeywordMain.groovy:135)
com.kms.katalon.core.webui.keyword.internal.WebUIKeywordMain$_runKeywordUntilTimeout_closure1.call(WebUIKeywordMain.groovy)
com.kms.katalon.core.webui.keyword.internal.WebUIKeywordMain.runKeyword(WebUIKeywordMain.groovy:41)
com.kms.katalon.core.webui.keyword.internal.WebUIKeywordMain.runKeywordUntilTimeout(WebUIKeywordMain.groovy:133)
com.kms.katalon.core.webui.keyword.builtin.SetEncryptedTextKeyword.setEncryptedText(SetEncryptedTextKeyword.groovy:88)
com.kms.katalon.core.webui.keyword.builtin.SetEncryptedTextKeyword.execute(SetEncryptedTextKeyword.groovy:48)
com.kms.katalon.core.keyword.internal.KeywordExecutor.executeKeywordForPlatform(KeywordExecutor.groovy:90)
com.kms.katalon.core.webui.keyword.WebUiBuiltInKeywords.setEncryptedText(WebUiBuiltInKeywords.groovy:1112)
Login.run(Login:22)
</property>
</record>
<record>
  <date>2026-01-06T15:27:33.286489Z</date>
  <millis>1767713253286</millis>
  <nanos>489000</nanos>
  <sequence>699</sequence>
  <level>END</level>
  <class>com.kms.katalon.core.logging.XmlKeywordLogger</class>
  <method>endKeyword</method>
  <thread>1</thread>
  <message>End action : setEncryptedText(findTestObject(&amp;quot;Object Repository/Page_Katalian Bank/input_Password_password&amp;quot;), &amp;quot;CS9RmWxFPRFoMJc95WUBEN4WG8mxfTJo&amp;quot;)</message>
  <nestedLevel>1</nestedLevel>
  <escapedJava>false</escapedJava>
</record>
<record>
  <date>2026-01-06T15:27:33.286591Z</date>
  <millis>1767713253286</millis>
  <nanos>591000</nanos>
  <sequence>700</sequence>
  <level>START</level>
  <class>com.kms.katalon.core.logging.XmlKeywordLogger</class>
  <method>startKeyword</method>
  <thread>1</thread>
  <message>Start action : click(findTestObject(&amp;quot;Object Repository/Page_Katalian Bank/button_Sign in&amp;quot;))</message>
  <nestedLevel>1</nestedLevel>
  <escapedJava>false</escapedJava>
  <property name="startLine">24</property>
  <property name="stepIndex">3</property>
</record>
<record>
  <date>2026-01-06T15:27:33.542157Z</date>
  <millis>1767713253542</millis>
  <nanos>157000</nanos>
  <sequence>711</sequence>
  <level>PASSED</level>
  <class>com.kms.katalon.core.logging.XmlKeywordLogger</class>
  <method>logMessage</method>
  <thread>1</thread>
  <message>Object: &amp;apos;Object Repository/Page_Katalian Bank/button_Sign in&amp;apos; is clicked on</message>
  <nestedLevel>2</nestedLevel>
  <escapedJava>false</escapedJava>
  <property name="testops-method-name">com.kms.katalon.core.webui.keyword.internal.WebUIKeywordMain.runKeywordUntilTimeout</property>
  <property name="testops-execution-stacktrace">com.kms.katalon.core.logging.KeywordLogger.logPassed(KeywordLogger.java:332)
com.kms.katalon.core.logging.KeywordLogger.logPassed(KeywordLogger.java:327)
com.kms.katalon.core.webui.keyword.builtin.ClickKeyword$_click_closure1.doCall(ClickKeyword.groovy:66)
java.base/jdk.internal.reflect.NativeMethodAccessorImpl.invoke0(Native Method)
java.base/jdk.internal.reflect.NativeMethodAccessorImpl.invoke(NativeMethodAccessorImpl.java:77)
java.base/jdk.internal.reflect.DelegatingMethodAccessorImpl.invoke(DelegatingMethodAccessorImpl.java:43)
jdk.proxy2/jdk.proxy2.$Proxy51.execute(Unknown Source)
com.kms.katalon.core.webui.model.SeleniumActionRetryController.performAction(SeleniumActionRetryController.java:96)
com.kms.katalon.core.webui.model.SeleniumActionRetryController.performAction(SeleniumActionRetryController.java:83)
com.kms.katalon.core.webui.keyword.internal.WebUIKeywordMain$_runKeywordUntilTimeout_closure1.doCall(WebUIKeywordMain.groovy:135)
com.kms.katalon.core.webui.keyword.internal.WebUIKeywordMain$_runKeywordUntilTimeout_closure1.call(WebUIKeywordMain.groovy)
com.kms.katalon.core.webui.keyword.internal.WebUIKeywordMain.runKeyword(WebUIKeywordMain.groovy:41)
com.kms.katalon.core.webui.keyword.internal.WebUIKeywordMain.runKeywordUntilTimeout(WebUIKeywordMain.groovy:133)
com.kms.katalon.core.webui.keyword.builtin.ClickKeyword.click(ClickKeyword.groovy:72)
com.kms.katalon.core.webui.keyword.builtin.ClickKeyword.execute(ClickKeyword.groovy:38)
com.kms.katalon.core.keyword.internal.KeywordExecutor.executeKeywordForPlatform(KeywordExecutor.groovy:90)
com.kms.katalon.core.webui.keyword.WebUiBuiltInKeywords.click(WebUiBuiltInKeywords.groovy:721)
Login.run(Login:24)
</property>
</record>
<record>
  <date>2026-01-06T15:27:33.543125Z</date>
  <millis>1767713253543</millis>
  <nanos>125000</nanos>
  <sequence>712</sequence>
  <level>END</level>
  <class>com.kms.katalon.core.logging.XmlKeywordLogger</class>
  <method>endKeyword</method>
  <thread>1</thread>
  <message>End action : click(findTestObject(&amp;quot;Object Repository/Page_Katalian Bank/button_Sign in&amp;quot;))</message>
  <nestedLevel>1</nestedLevel>
  <escapedJava>false</escapedJava>
</record>
<record>
  <date>2026-01-06T15:27:33.543428Z</date>
  <millis>1767713253543</millis>
  <nanos>428000</nanos>
  <sequence>713</sequence>
  <level>START</level>
  <class>com.kms.katalon.core.logging.XmlKeywordLogger</class>
  <method>startKeyword</method>
  <thread>1</thread>
  <message>Start action : verifyElementPresent(findTestObject(&amp;quot;Object Repository/Page_Katalian Bank/h1_Katalian Bank&amp;quot;), 0)</message>
  <nestedLevel>1</nestedLevel>
  <escapedJava>false</escapedJava>
  <property name="startLine">26</property>
  <property name="stepIndex">4</property>
</record>
<record>
  <date>2026-01-06T15:27:33.547014Z</date>
  <millis>1767713253547</millis>
  <nanos>14000</nanos>
  <sequence>718</sequence>
  <level>WARNING</level>
  <class>com.kms.katalon.core.logging.XmlKeywordLogger</class>
  <method>logMessage</method>
  <thread>1</thread>
  <message>Timeout &amp;apos;0&amp;apos; is invalid. Using default page load timeout: &amp;apos;10&amp;apos;</message>
  <nestedLevel>2</nestedLevel>
  <escapedJava>false</escapedJava>
</record>
<record>
  <date>2026-01-06T15:27:33.961245Z</date>
  <millis>1767713253961</millis>
  <nanos>245000</nanos>
  <sequence>721</sequence>
  <level>PASSED</level>
  <class>com.kms.katalon.core.logging.XmlKeywordLogger</class>
  <method>logMessage</method>
  <thread>1</thread>
  <message>Object &amp;apos;Object Repository/Page_Katalian Bank/h1_Katalian Bank&amp;apos; is present</message>
  <nestedLevel>2</nestedLevel>
  <escapedJava>false</escapedJava>
  <property name="testops-is-assertion">true</property>
  <property name="testops-method-name">com.kms.katalon.core.webui.keyword.builtin.VerifyElementPresentKeyword.verifyElementPresent</property>
  <property name="testops-execution-stacktrace"></property>
</record>
<record>
  <date>2026-01-06T15:27:33.961475Z</date>
  <millis>1767713253961</millis>
  <nanos>475000</nanos>
  <sequence>722</sequence>
  <level>END</level>
  <class>com.kms.katalon.core.logging.XmlKeywordLogger</class>
  <method>endKeyword</method>
  <thread>1</thread>
  <message>End action : verifyElementPresent(findTestObject(&amp;quot;Object Repository/Page_Katalian Bank/h1_Katalian Bank&amp;quot;), 0)</message>
  <nestedLevel>1</nestedLevel>
  <escapedJava>false</escapedJava>
</record>
<record>
  <date>2026-01-06T15:27:33.961667Z</date>
  <millis>1767713253961</millis>
  <nanos>667000</nanos>
  <sequence>723</sequence>
  <level>PASSED</level>
  <class>com.kms.katalon.core.logging.XmlKeywordLogger</class>
  <method>logMessage</method>
  <thread>1</thread>
  <message>Test Cases/Login</message>
  <nestedLevel>2</nestedLevel>
  <escapedJava>false</escapedJava>
</record>
<record>
  <date>2026-01-06T15:27:33.961864Z</date>
  <millis>1767713253961</millis>
  <nanos>864000</nanos>
  <sequence>724</sequence>
  <level>END</level>
  <class>com.kms.katalon.core.logging.XmlKeywordLogger</class>
  <method>endTest</method>
  <thread>1</thread>
  <message>End Test Case : Test Cases/Login</message>
  <nestedLevel>1</nestedLevel>
  <escapedJava>false</escapedJava>
</record>
<record>
  <date>2026-01-06T15:27:33.962057Z</date>
  <millis>1767713253962</millis>
  <nanos>57000</nanos>
  <sequence>725</sequence>
  <level>PASSED</level>
  <class>com.kms.katalon.core.logging.XmlKeywordLogger</class>
  <method>logMessage</method>
  <thread>1</thread>
  <message>Call Test Case &amp;apos;Test Cases/Login&amp;apos; successfully</message>
  <nestedLevel>1</nestedLevel>
  <escapedJava>false</escapedJava>
  <property name="testops-method-name">com.kms.katalon.core.keyword.builtin.CallTestCaseKeyword.callTestCase</property>
  <property name="testops-execution-stacktrace"></property>
</record>
<record>
  <date>2026-01-06T15:27:33.962211Z</date>
  <millis>1767713253962</millis>
  <nanos>211000</nanos>
  <sequence>726</sequence>
  <level>END</level>
  <class>com.kms.katalon.core.logging.XmlKeywordLogger</class>
  <method>endKeyword</method>
  <thread>1</thread>
  <message>End action : TrueTestScripts.login()</message>
  <nestedLevel>1</nestedLevel>
  <escapedJava>false</escapedJava>
</record>
<record>
  <date>2026-01-06T15:27:33.962516Z</date>
  <millis>1767713253962</millis>
  <nanos>516000</nanos>
  <sequence>727</sequence>
  <level>START</level>
  <class>com.kms.katalon.core.logging.XmlKeywordLogger</class>
  <method>startKeyword</method>
  <thread>1</thread>
  <message>Start action : transferBalanceAndReview.execute(input_amount, select_fromAccount)</message>
  <nestedLevel>1</nestedLevel>
  <escapedJava>false</escapedJava>
  <property name="startLine">29</property>
  <property name="stepIndex">5</property>
  <property name="description">Step 3: Transfer balance between accounts and review transfer</property>
</record>
<record>
  <date>2026-01-06T15:27:33.998524Z</date>
  <millis>1767713253998</millis>
  <nanos>524000</nanos>
  <sequence>739</sequence>
  <level>PASSED</level>
  <class>com.kms.katalon.core.logging.XmlKeywordLogger</class>
  <method>logMessage</method>
  <thread>1</thread>
  <message>Object: &amp;apos;Object Repository/AI-Generated/Katalian Banking Production/Page_dashboard/button_transferBalance&amp;apos; is clicked on</message>
  <nestedLevel>1</nestedLevel>
  <escapedJava>false</escapedJava>
  <property name="testops-method-name">com.kms.katalon.core.webui.keyword.internal.WebUIKeywordMain.runKeywordUntilTimeout</property>
  <property name="testops-execution-stacktrace">com.kms.katalon.core.logging.KeywordLogger.logPassed(KeywordLogger.java:332)
com.kms.katalon.core.logging.KeywordLogger.logPassed(KeywordLogger.java:327)
com.kms.katalon.core.webui.keyword.builtin.EnhancedClickKeyword$_click_closure1$_closure5.doCall(EnhancedClickKeyword.groovy:88)
java.base/jdk.internal.reflect.NativeMethodAccessorImpl.invoke0(Native Method)
java.base/jdk.internal.reflect.NativeMethodAccessorImpl.invoke(NativeMethodAccessorImpl.java:77)
java.base/jdk.internal.reflect.DelegatingMethodAccessorImpl.invoke(DelegatingMethodAccessorImpl.java:43)
jdk.proxy2/jdk.proxy2.$Proxy54.accept(Unknown Source)
com.kms.katalon.core.trymonad.Success.onSuccess(Try.java:263)
com.kms.katalon.core.webui.keyword.builtin.EnhancedClickKeyword$_click_closure1.doCall(EnhancedClickKeyword.groovy:71)
java.base/jdk.internal.reflect.NativeMethodAccessorImpl.invoke0(Native Method)
java.base/jdk.internal.reflect.NativeMethodAccessorImpl.invoke(NativeMethodAccessorImpl.java:77)
java.base/jdk.internal.reflect.DelegatingMethodAccessorImpl.invoke(DelegatingMethodAccessorImpl.java:43)
jdk.proxy2/jdk.proxy2.$Proxy51.execute(Unknown Source)
com.kms.katalon.core.webui.model.SeleniumActionRetryController.performAction(SeleniumActionRetryController.java:96)
com.kms.katalon.core.webui.model.SeleniumActionRetryController.performAction(SeleniumActionRetryController.java:83)
com.kms.katalon.core.webui.keyword.internal.WebUIKeywordMain$_runKeywordUntilTimeout_closure1.doCall(WebUIKeywordMain.groovy:135)
com.kms.katalon.core.webui.keyword.internal.WebUIKeywordMain$_runKeywordUntilTimeout_closure1.call(WebUIKeywordMain.groovy)
com.kms.katalon.core.webui.keyword.internal.WebUIKeywordMain.runKeyword(WebUIKeywordMain.groovy:41)
com.kms.katalon.core.webui.keyword.internal.WebUIKeywordMain.runKeywordUntilTimeout(WebUIKeywordMain.groovy:133)
com.kms.katalon.core.webui.keyword.builtin.EnhancedClickKeyword.click(EnhancedClickKeyword.groovy:95)
com.kms.katalon.core.webui.keyword.builtin.EnhancedClickKeyword.execute(EnhancedClickKeyword.groovy:41)
com.kms.katalon.core.keyword.internal.KeywordExecutor.executeKeywordForPlatform(KeywordExecutor.groovy:90)
com.kms.katalon.core.webui.keyword.WebUiBuiltInKeywords.enhancedClick(WebUiBuiltInKeywords.groovy:747)
truetest.Katalian_Banking_Production.common.transferBalanceAndReview.execute(transferBalanceAndReview.groovy:15)
TC3-Transfer Balance Between Accounts and Logout.run(TC3-Transfer Balance Between Accounts and Logout:29)
</property>
</record>
<record>
  <date>2026-01-06T15:27:34.752415Z</date>
  <millis>1767713254752</millis>
  <nanos>415000</nanos>
  <sequence>750</sequence>
  <level>PASSED</level>
  <class>com.kms.katalon.core.logging.XmlKeywordLogger</class>
  <method>logMessage</method>
  <thread>1</thread>
  <message>All options with label &amp;apos;\QChecking (...7890) - Balance: $5345.54\E&amp;apos; are selected in object &amp;apos;Object Repository/AI-Generated/Katalian Banking Production/Page_transfer/select_fromAccount&amp;apos;  using regular expression</message>
  <nestedLevel>1</nestedLevel>
  <escapedJava>false</escapedJava>
  <property name="testops-method-name">com.kms.katalon.core.webui.keyword.builtin.SelectOptionByLabelKeyword.selectOptionByLabel</property>
  <property name="testops-execution-stacktrace"></property>
</record>
<record>
  <date>2026-01-06T15:27:35.410121Z</date>
  <millis>1767713255410</millis>
  <nanos>121000</nanos>
  <sequence>762</sequence>
  <level>PASSED</level>
  <class>com.kms.katalon.core.logging.XmlKeywordLogger</class>
  <method>logMessage</method>
  <thread>1</thread>
  <message>All options with label &amp;apos;\QChecking (...7890) - Balance: $5345.54\E&amp;apos; are selected in object &amp;apos;Object Repository/AI-Generated/Katalian Banking Production/Page_transfer/select_fromAccount&amp;apos;  using regular expression</message>
  <nestedLevel>1</nestedLevel>
  <escapedJava>false</escapedJava>
  <property name="testops-method-name">com.kms.katalon.core.webui.keyword.internal.WebUIKeywordMain.runKeywordUntilTimeout</property>
  <property name="testops-execution-stacktrace">com.kms.katalon.core.logging.KeywordLogger.logPassed(KeywordLogger.java:332)
com.kms.katalon.core.logging.KeywordLogger.logPassed(KeywordLogger.java:327)
com.kms.katalon.core.webui.keyword.builtin.VerifyOptionSelectedByLabelKeyword$_verifyOptionSelectedByLabel_closure1.doCall(VerifyOptionSelectedByLabelKeyword.groovy:76)
java.base/jdk.internal.reflect.NativeMethodAccessorImpl.invoke0(Native Method)
java.base/jdk.internal.reflect.NativeMethodAccessorImpl.invoke(NativeMethodAccessorImpl.java:77)
java.base/jdk.internal.reflect.DelegatingMethodAccessorImpl.invoke(DelegatingMethodAccessorImpl.java:43)
jdk.proxy2/jdk.proxy2.$Proxy51.execute(Unknown Source)
com.kms.katalon.core.webui.model.SeleniumActionRetryController.performAction(SeleniumActionRetryController.java:96)
com.kms.katalon.core.webui.model.SeleniumActionRetryController.performAction(SeleniumActionRetryController.java:83)
com.kms.katalon.core.webui.keyword.internal.WebUIKeywordMain$_runKeywordUntilTimeout_closure2.doCall(WebUIKeywordMain.groovy:155)
com.kms.katalon.core.webui.keyword.internal.WebUIKeywordMain$_runKeywordUntilTimeout_closure2.call(WebUIKeywordMain.groovy)
com.kms.katalon.core.webui.keyword.internal.WebUIKeywordMain.runKeyword(WebUIKeywordMain.groovy:41)
com.kms.katalon.core.webui.keyword.internal.WebUIKeywordMain.runKeywordUntilTimeout(WebUIKeywordMain.groovy:152)
com.kms.katalon.core.webui.keyword.builtin.VerifyOptionSelectedByLabelKeyword.verifyOptionSelectedByLabel(VerifyOptionSelectedByLabelKeyword.groovy:86)
com.kms.katalon.core.webui.keyword.builtin.VerifyOptionSelectedByLabelKeyword.execute(VerifyOptionSelectedByLabelKeyword.groovy:43)
com.kms.katalon.core.keyword.internal.KeywordExecutor.executeKeywordForPlatform(KeywordExecutor.groovy:90)
com.kms.katalon.core.webui.keyword.WebUiBuiltInKeywords.verifyOptionSelectedByLabel(WebUiBuiltInKeywords.groovy:2284)
truetest.Katalian_Banking_Production.custom.TrueTestScripts.selectOption(TrueTestScripts.groovy:126)
truetest.Katalian_Banking_Production.common.transferBalanceAndReview.execute(transferBalanceAndReview.groovy:19)
TC3-Transfer Balance Between Accounts and Logout.run(TC3-Transfer Balance Between Accounts and Logout:29)
</property>
</record>
<record>
  <date>2026-01-06T15:27:35.434845Z</date>
  <millis>1767713255434</millis>
  <nanos>845000</nanos>
  <sequence>774</sequence>
  <level>PASSED</level>
  <class>com.kms.katalon.core.logging.XmlKeywordLogger</class>
  <method>logMessage</method>
  <thread>1</thread>
  <message>Object: &amp;apos;Object Repository/AI-Generated/Katalian Banking Production/Page_transfer/input_amount&amp;apos; is clicked on</message>
  <nestedLevel>1</nestedLevel>
  <escapedJava>false</escapedJava>
  <property name="testops-method-name">com.kms.katalon.core.webui.keyword.internal.WebUIKeywordMain.runKeywordUntilTimeout</property>
  <property name="testops-execution-stacktrace">com.kms.katalon.core.logging.KeywordLogger.logPassed(KeywordLogger.java:332)
com.kms.katalon.core.logging.KeywordLogger.logPassed(KeywordLogger.java:327)
com.kms.katalon.core.webui.keyword.builtin.EnhancedClickKeyword$_click_closure1$_closure5.doCall(EnhancedClickKeyword.groovy:88)
java.base/jdk.internal.reflect.NativeMethodAccessorImpl.invoke0(Native Method)
java.base/jdk.internal.reflect.NativeMethodAccessorImpl.invoke(NativeMethodAccessorImpl.java:77)
java.base/jdk.internal.reflect.DelegatingMethodAccessorImpl.invoke(DelegatingMethodAccessorImpl.java:43)
jdk.proxy2/jdk.proxy2.$Proxy54.accept(Unknown Source)
com.kms.katalon.core.trymonad.Success.onSuccess(Try.java:263)
com.kms.katalon.core.webui.keyword.builtin.EnhancedClickKeyword$_click_closure1.doCall(EnhancedClickKeyword.groovy:71)
java.base/jdk.internal.reflect.NativeMethodAccessorImpl.invoke0(Native Method)
java.base/jdk.internal.reflect.NativeMethodAccessorImpl.invoke(NativeMethodAccessorImpl.java:77)
java.base/jdk.internal.reflect.DelegatingMethodAccessorImpl.invoke(DelegatingMethodAccessorImpl.java:43)
jdk.proxy2/jdk.proxy2.$Proxy51.execute(Unknown Source)
com.kms.katalon.core.webui.model.SeleniumActionRetryController.performAction(SeleniumActionRetryController.java:96)
com.kms.katalon.core.webui.model.SeleniumActionRetryController.performAction(SeleniumActionRetryController.java:83)
com.kms.katalon.core.webui.keyword.internal.WebUIKeywordMain$_runKeywordUntilTimeout_closure1.doCall(WebUIKeywordMain.groovy:135)
com.kms.katalon.core.webui.keyword.internal.WebUIKeywordMain$_runKeywordUntilTimeout_closure1.call(WebUIKeywordMain.groovy)
com.kms.katalon.core.webui.keyword.internal.WebUIKeywordMain.runKeyword(WebUIKeywordMain.groovy:41)
com.kms.katalon.core.webui.keyword.internal.WebUIKeywordMain.runKeywordUntilTimeout(WebUIKeywordMain.groovy:133)
com.kms.katalon.core.webui.keyword.builtin.EnhancedClickKeyword.click(EnhancedClickKeyword.groovy:95)
com.kms.katalon.core.webui.keyword.builtin.EnhancedClickKeyword.execute(EnhancedClickKeyword.groovy:41)
com.kms.katalon.core.keyword.internal.KeywordExecutor.executeKeywordForPlatform(KeywordExecutor.groovy:90)
com.kms.katalon.core.webui.keyword.WebUiBuiltInKeywords.enhancedClick(WebUiBuiltInKeywords.groovy:747)
truetest.Katalian_Banking_Production.common.transferBalanceAndReview.execute(transferBalanceAndReview.groovy:23)
TC3-Transfer Balance Between Accounts and Logout.run(TC3-Transfer Balance Between Accounts and Logout:29)
</property>
</record>
<record>
  <date>2026-01-06T15:27:35.496730Z</date>
  <millis>1767713255496</millis>
  <nanos>730000</nanos>
  <sequence>788</sequence>
  <level>PASSED</level>
  <class>com.kms.katalon.core.logging.XmlKeywordLogger</class>
  <method>logMessage</method>
  <thread>1</thread>
  <message>Text &amp;apos;500000&amp;apos; is set on object &amp;apos;Object Repository/AI-Generated/Katalian Banking Production/Page_transfer/input_amount&amp;apos;</message>
  <nestedLevel>1</nestedLevel>
  <escapedJava>false</escapedJava>
  <property name="testops-method-name">com.kms.katalon.core.webui.keyword.internal.WebUIKeywordMain.runKeywordUntilTimeout</property>
  <property name="testops-execution-stacktrace">com.kms.katalon.core.logging.KeywordLogger.logPassed(KeywordLogger.java:332)
com.kms.katalon.core.logging.KeywordLogger.logPassed(KeywordLogger.java:327)
com.kms.katalon.core.webui.keyword.builtin.SetTextKeyword$_setText_closure1.doCall(SetTextKeyword.groovy:99)
java.base/jdk.internal.reflect.NativeMethodAccessorImpl.invoke0(Native Method)
java.base/jdk.internal.reflect.NativeMethodAccessorImpl.invoke(NativeMethodAccessorImpl.java:77)
java.base/jdk.internal.reflect.DelegatingMethodAccessorImpl.invoke(DelegatingMethodAccessorImpl.java:43)
jdk.proxy2/jdk.proxy2.$Proxy51.execute(Unknown Source)
com.kms.katalon.core.webui.model.SeleniumActionRetryController.performAction(SeleniumActionRetryController.java:96)
com.kms.katalon.core.webui.model.SeleniumActionRetryController.performAction(SeleniumActionRetryController.java:83)
com.kms.katalon.core.webui.keyword.internal.WebUIKeywordMain$_runKeywordUntilTimeout_closure1.doCall(WebUIKeywordMain.groovy:135)
com.kms.katalon.core.webui.keyword.internal.WebUIKeywordMain$_runKeywordUntilTimeout_closure1.call(WebUIKeywordMain.groovy)
com.kms.katalon.core.webui.keyword.internal.WebUIKeywordMain.runKeyword(WebUIKeywordMain.groovy:41)
com.kms.katalon.core.webui.keyword.internal.WebUIKeywordMain.runKeywordUntilTimeout(WebUIKeywordMain.groovy:133)
com.kms.katalon.core.webui.keyword.builtin.SetTextKeyword.setText(SetTextKeyword.groovy:106)
com.kms.katalon.core.webui.keyword.builtin.SetTextKeyword.execute(SetTextKeyword.groovy:49)
com.kms.katalon.core.keyword.internal.KeywordExecutor.executeKeywordForPlatform(KeywordExecutor.groovy:90)
com.kms.katalon.core.webui.keyword.WebUiBuiltInKeywords.setText(WebUiBuiltInKeywords.groovy:1081)
truetest.Katalian_Banking_Production.common.transferBalanceAndReview.execute(transferBalanceAndReview.groovy:27)
TC3-Transfer Balance Between Accounts and Logout.run(TC3-Transfer Balance Between Accounts and Logout:29)
</property>
</record>
<record>
  <date>2026-01-06T15:27:35.525073Z</date>
  <millis>1767713255525</millis>
  <nanos>73000</nanos>
  <sequence>800</sequence>
  <level>PASSED</level>
  <class>com.kms.katalon.core.logging.XmlKeywordLogger</class>
  <method>logMessage</method>
  <thread>1</thread>
  <message>Object: &amp;apos;Object Repository/AI-Generated/Katalian Banking Production/Page_transfer/button_reviewTransfer&amp;apos; is clicked on</message>
  <nestedLevel>1</nestedLevel>
  <escapedJava>false</escapedJava>
  <property name="testops-method-name">com.kms.katalon.core.webui.keyword.internal.WebUIKeywordMain.runKeywordUntilTimeout</property>
  <property name="testops-execution-stacktrace">com.kms.katalon.core.logging.KeywordLogger.logPassed(KeywordLogger.java:332)
com.kms.katalon.core.logging.KeywordLogger.logPassed(KeywordLogger.java:327)
com.kms.katalon.core.webui.keyword.builtin.EnhancedClickKeyword$_click_closure1$_closure5.doCall(EnhancedClickKeyword.groovy:88)
java.base/jdk.internal.reflect.NativeMethodAccessorImpl.invoke0(Native Method)
java.base/jdk.internal.reflect.NativeMethodAccessorImpl.invoke(NativeMethodAccessorImpl.java:77)
java.base/jdk.internal.reflect.DelegatingMethodAccessorImpl.invoke(DelegatingMethodAccessorImpl.java:43)
jdk.proxy2/jdk.proxy2.$Proxy54.accept(Unknown Source)
com.kms.katalon.core.trymonad.Success.onSuccess(Try.java:263)
com.kms.katalon.core.webui.keyword.builtin.EnhancedClickKeyword$_click_closure1.doCall(EnhancedClickKeyword.groovy:71)
java.base/jdk.internal.reflect.NativeMethodAccessorImpl.invoke0(Native Method)
java.base/jdk.internal.reflect.NativeMethodAccessorImpl.invoke(NativeMethodAccessorImpl.java:77)
java.base/jdk.internal.reflect.DelegatingMethodAccessorImpl.invoke(DelegatingMethodAccessorImpl.java:43)
jdk.proxy2/jdk.proxy2.$Proxy51.execute(Unknown Source)
com.kms.katalon.core.webui.model.SeleniumActionRetryController.performAction(SeleniumActionRetryController.java:96)
com.kms.katalon.core.webui.model.SeleniumActionRetryController.performAction(SeleniumActionRetryController.java:83)
com.kms.katalon.core.webui.keyword.internal.WebUIKeywordMain$_runKeywordUntilTimeout_closure1.doCall(WebUIKeywordMain.groovy:135)
com.kms.katalon.core.webui.keyword.internal.WebUIKeywordMain$_runKeywordUntilTimeout_closure1.call(WebUIKeywordMain.groovy)
com.kms.katalon.core.webui.keyword.internal.WebUIKeywordMain.runKeyword(WebUIKeywordMain.groovy:41)
com.kms.katalon.core.webui.keyword.internal.WebUIKeywordMain.runKeywordUntilTimeout(WebUIKeywordMain.groovy:133)
com.kms.katalon.core.webui.keyword.builtin.EnhancedClickKeyword.click(EnhancedClickKeyword.groovy:95)
com.kms.katalon.core.webui.keyword.builtin.EnhancedClickKeyword.execute(EnhancedClickKeyword.groovy:41)
com.kms.katalon.core.keyword.internal.KeywordExecutor.executeKeywordForPlatform(KeywordExecutor.groovy:90)
com.kms.katalon.core.webui.keyword.WebUiBuiltInKeywords.enhancedClick(WebUiBuiltInKeywords.groovy:747)
truetest.Katalian_Banking_Production.common.transferBalanceAndReview.execute(transferBalanceAndReview.groovy:31)
TC3-Transfer Balance Between Accounts and Logout.run(TC3-Transfer Balance Between Accounts and Logout:29)
</property>
</record>
<record>
  <date>2026-01-06T15:27:35.525601Z</date>
  <millis>1767713255525</millis>
  <nanos>601000</nanos>
  <sequence>801</sequence>
  <level>END</level>
  <class>com.kms.katalon.core.logging.XmlKeywordLogger</class>
  <method>endKeyword</method>
  <thread>1</thread>
  <message>End action : transferBalanceAndReview.execute(input_amount, select_fromAccount)</message>
  <nestedLevel>1</nestedLevel>
  <escapedJava>false</escapedJava>
</record>
<record>
  <date>2026-01-06T15:27:35.525734Z</date>
  <millis>1767713255525</millis>
  <nanos>734000</nanos>
  <sequence>802</sequence>
  <level>START</level>
  <class>com.kms.katalon.core.logging.XmlKeywordLogger</class>
  <method>startKeyword</method>
  <thread>1</thread>
  <message>Start action : enhancedClick(findTestObject(&amp;quot;AI-Generated/Katalian Banking Production/Page_transfer/button_confirmTransfer&amp;quot;))</message>
  <nestedLevel>1</nestedLevel>
  <escapedJava>false</escapedJava>
  <property name="startLine">33</property>
  <property name="stepIndex">6</property>
  <property name="description">Step 4: Click on button confirmTransfer -&gt; Navigate to page &apos;/dashboard&apos;</property>
</record>
<record>
  <date>2026-01-06T15:27:45.634777Z</date>
  <millis>1767713265634</millis>
  <nanos>777000</nanos>
  <sequence>813</sequence>
  <level>FAILED</level>
  <class>com.kms.katalon.core.logging.XmlKeywordLogger</class>
  <method>logMessage</method>
  <thread>1</thread>
  <message>Unable to click on object &amp;apos;Object Repository/AI-Generated/Katalian Banking Production/Page_transfer/button_confirmTransfer&amp;apos; (Root cause: com.kms.katalon.core.exception.StepFailedException: Unable to click on object &amp;apos;Object Repository/AI-Generated/Katalian Banking Production/Page_transfer/button_confirmTransfer&amp;apos;
	at com.kms.katalon.core.webui.keyword.internal.WebUIKeywordMain.stepFailed(WebUIKeywordMain.groovy:177)
	at com.kms.katalon.core.webui.keyword.internal.WebUIKeywordMain.runKeyword(WebUIKeywordMain.groovy:49)
	at com.kms.katalon.core.webui.keyword.internal.WebUIKeywordMain.runKeywordUntilTimeout(WebUIKeywordMain.groovy:133)
	at com.kms.katalon.core.webui.keyword.builtin.EnhancedClickKeyword.click(EnhancedClickKeyword.groovy:95)
	at com.kms.katalon.core.webui.keyword.builtin.EnhancedClickKeyword.execute(EnhancedClickKeyword.groovy:41)
	at com.kms.katalon.core.keyword.internal.KeywordExecutor.executeKeywordForPlatform(KeywordExecutor.groovy:90)
	at com.kms.katalon.core.webui.keyword.WebUiBuiltInKeywords.enhancedClick(WebUiBuiltInKeywords.groovy:747)
	at TC3-Transfer Balance Between Accounts and Logout.run(TC3-Transfer Balance Between Accounts and Logout:33)
	at com.kms.katalon.core.main.ScriptEngine.run(ScriptEngine.java:194)
	at com.kms.katalon.core.main.ScriptEngine.runScriptAsRawText(ScriptEngine.java:119)
	at com.kms.katalon.core.main.TestCaseExecutor.runScript(TestCaseExecutor.java:490)
	at com.kms.katalon.core.main.TestCaseExecutor.doExecute(TestCaseExecutor.java:481)
	at com.kms.katalon.core.main.TestCaseExecutor.processExecutionPhase(TestCaseExecutor.java:460)
	at com.kms.katalon.core.main.TestCaseExecutor.accessMainPhase(TestCaseExecutor.java:452)
	at com.kms.katalon.core.main.TestCaseExecutor.execute(TestCaseExecutor.java:322)
	at com.kms.katalon.core.main.TestCaseExecutor.execute(TestCaseExecutor.java:410)
	at com.kms.katalon.core.main.TestCaseExecutor.execute(TestCaseExecutor.java:410)
	at com.kms.katalon.core.common.CommonExecutor.accessTestCaseMainPhase(CommonExecutor.java:71)
	at com.kms.katalon.core.main.TestSuiteExecutor.accessTestSuiteMainPhase(TestSuiteExecutor.java:153)
	at com.kms.katalon.core.main.TestSuiteExecutor.execute(TestSuiteExecutor.java:110)
	at com.kms.katalon.core.main.TestCaseMain.startTestSuite(TestCaseMain.java:205)
	at TempTestSuite1767713198027.run(TempTestSuite1767713198027.groovy:35)
	at java.base/jdk.internal.reflect.NativeMethodAccessorImpl.invoke0(Native Method)
	at java.base/jdk.internal.reflect.NativeMethodAccessorImpl.invoke(NativeMethodAccessorImpl.java:77)
	at java.base/jdk.internal.reflect.DelegatingMethodAccessorImpl.invoke(DelegatingMethodAccessorImpl.java:43)
Caused by: com.kms.katalon.core.webui.exception.WebElementNotFoundException: Web element with id: &amp;apos;Object Repository/AI-Generated/Katalian Banking Production/Page_transfer/button_confirmTransfer&amp;apos; located by &amp;apos;button &amp;gt;&amp;gt; internal:text=\&amp;quot;Confirm Transfer\&amp;quot;s&amp;apos; not found
	at com.kms.katalon.core.webui.model.WebUiElementFinder.findElement(WebUiElementFinder.java:55)
	at com.kms.katalon.core.webui.model.WebUiElementFinderWithTimeout.basicFindElement(WebUiElementFinderWithTimeout.java:50)
	at com.kms.katalon.core.webui.model.WebUiElementFinderWithTimeout.lambda$0(WebUiElementFinderWithTimeout.java:29)
	at com.kms.katalon.core.webui.model.SeleniumActionRetryController.performAction(SeleniumActionRetryController.java:96)
	at com.kms.katalon.core.webui.model.SeleniumActionRetryController.performAction(SeleniumActionRetryController.java:83)
	at com.kms.katalon.core.webui.model.WebUiElementFinderWithTimeout.findElement(WebUiElementFinderWithTimeout.java:28)
	at com.kms.katalon.core.webui.keyword.internal.WebUIAbstractKeyword.findWebElement(WebUIAbstractKeyword.groovy:96)
	at com.kms.katalon.core.webui.keyword.builtin.EnhancedClickKeyword$_click_closure1.doCall(EnhancedClickKeyword.groovy:69)
	at java.base/jdk.internal.reflect.NativeMethodAccessorImpl.invoke0(Native Method)
	at java.base/jdk.internal.reflect.NativeMethodAccessorImpl.invoke(NativeMethodAccessorImpl.java:77)
	at java.base/jdk.internal.reflect.DelegatingMethodAccessorImpl.invoke(DelegatingMethodAccessorImpl.java:43)
	at jdk.proxy2/jdk.proxy2.$Proxy51.execute(Unknown Source)
	at com.kms.katalon.core.webui.model.SeleniumActionRetryController.performAction(SeleniumActionRetryController.java:96)
	at com.kms.katalon.core.webui.model.SeleniumActionRetryController.performAction(SeleniumActionRetryController.java:83)
	at com.kms.katalon.core.webui.keyword.internal.WebUIKeywordMain$_runKeywordUntilTimeout_closure1.doCall(WebUIKeywordMain.groovy:135)
	at com.kms.katalon.core.webui.keyword.internal.WebUIKeywordMain$_runKeywordUntilTimeout_closure1.call(WebUIKeywordMain.groovy)
	at com.kms.katalon.core.webui.keyword.internal.WebUIKeywordMain.runKeyword(WebUIKeywordMain.groovy:41)
	at com.kms.katalon.core.webui.keyword.internal.WebUIKeywordMain.runKeywordUntilTimeout(WebUIKeywordMain.groovy:133)
	at com.kms.katalon.core.webui.keyword.builtin.EnhancedClickKeyword.click(EnhancedClickKeyword.groovy:95)
	at com.kms.katalon.core.webui.keyword.builtin.EnhancedClickKeyword.execute(EnhancedClickKeyword.groovy:41)
	at com.kms.katalon.core.keyword.internal.KeywordExecutor.executeKeywordForPlatform(KeywordExecutor.groovy:90)
	at com.kms.katalon.core.webui.keyword.WebUiBuiltInKeywords.enhancedClick(WebUiBuiltInKeywords.groovy:747)
	at Script1767711631982.run(Script1767711631982.groovy:33)
	... 17 more
)</message>
  <nestedLevel>1</nestedLevel>
  <escapedJava>false</escapedJava>
  <property name="failed.exception.class">com.kms.katalon.core.webui.exception.WebElementNotFoundException</property>
  <property name="attachment">1767713265532.png</property>
  <property name="failed.exception.stacktrace">com.kms.katalon.core.webui.exception.WebElementNotFoundException: Web element with id: &apos;Object Repository/AI-Generated/Katalian Banking Production/Page_transfer/button_confirmTransfer&apos; located by &apos;button &gt;&gt; internal:text=\&quot;Confirm Transfer\&quot;s&apos; not found
	at com.kms.katalon.core.webui.model.WebUiElementFinder.findElement(WebUiElementFinder.java:55)
	at com.kms.katalon.core.webui.model.WebUiElementFinderWithTimeout.basicFindElement(WebUiElementFinderWithTimeout.java:50)
	at com.kms.katalon.core.webui.model.WebUiElementFinderWithTimeout.lambda$0(WebUiElementFinderWithTimeout.java:29)
	at com.kms.katalon.core.webui.model.SeleniumActionRetryController.performAction(SeleniumActionRetryController.java:96)
	at com.kms.katalon.core.webui.model.SeleniumActionRetryController.performAction(SeleniumActionRetryController.java:83)
	at com.kms.katalon.core.webui.model.WebUiElementFinderWithTimeout.findElement(WebUiElementFinderWithTimeout.java:28)
	at com.kms.katalon.core.webui.keyword.internal.WebUIAbstractKeyword.findWebElement(WebUIAbstractKeyword.groovy:96)
	at com.kms.katalon.core.webui.keyword.builtin.EnhancedClickKeyword$_click_closure1.doCall(EnhancedClickKeyword.groovy:69)
	at java.base/jdk.internal.reflect.NativeMethodAccessorImpl.invoke0(Native Method)
	at java.base/jdk.internal.reflect.NativeMethodAccessorImpl.invoke(NativeMethodAccessorImpl.java:77)
	at java.base/jdk.internal.reflect.DelegatingMethodAccessorImpl.invoke(DelegatingMethodAccessorImpl.java:43)
	at jdk.proxy2/jdk.proxy2.$Proxy51.execute(Unknown Source)
	at com.kms.katalon.core.webui.model.SeleniumActionRetryController.performAction(SeleniumActionRetryController.java:96)
	at com.kms.katalon.core.webui.model.SeleniumActionRetryController.performAction(SeleniumActionRetryController.java:83)
	at com.kms.katalon.core.webui.keyword.internal.WebUIKeywordMain$_runKeywordUntilTimeout_closure1.doCall(WebUIKeywordMain.groovy:135)
	at com.kms.katalon.core.webui.keyword.internal.WebUIKeywordMain$_runKeywordUntilTimeout_closure1.call(WebUIKeywordMain.groovy)
	at com.kms.katalon.core.webui.keyword.internal.WebUIKeywordMain.runKeyword(WebUIKeywordMain.groovy:41)
	at com.kms.katalon.core.webui.keyword.internal.WebUIKeywordMain.runKeywordUntilTimeout(WebUIKeywordMain.groovy:133)
	at com.kms.katalon.core.webui.keyword.builtin.EnhancedClickKeyword.click(EnhancedClickKeyword.groovy:95)
	at com.kms.katalon.core.webui.keyword.builtin.EnhancedClickKeyword.execute(EnhancedClickKeyword.groovy:41)
	at com.kms.katalon.core.keyword.internal.KeywordExecutor.executeKeywordForPlatform(KeywordExecutor.groovy:90)
	at com.kms.katalon.core.webui.keyword.WebUiBuiltInKeywords.enhancedClick(WebUiBuiltInKeywords.groovy:747)
	at TC3-Transfer Balance Between Accounts and Logout.run(TC3-Transfer Balance Between Accounts and Logout:33)
	at com.kms.katalon.core.main.ScriptEngine.run(ScriptEngine.java:194)
	at com.kms.katalon.core.main.ScriptEngine.runScriptAsRawText(ScriptEngine.java:119)
	at com.kms.katalon.core.main.TestCaseExecutor.runScript(TestCaseExecutor.java:490)
	at com.kms.katalon.core.main.TestCaseExecutor.doExecute(TestCaseExecutor.java:481)
	at com.kms.katalon.core.main.TestCaseExecutor.processExecutionPhase(TestCaseExecutor.java:460)
	at com.kms.katalon.core.main.TestCaseExecutor.accessMainPhase(TestCaseExecutor.java:452)
	at com.kms.katalon.core.main.TestCaseExecutor.execute(TestCaseExecutor.java:322)
	at com.kms.katalon.core.main.TestCaseExecutor.execute(TestCaseExecutor.java:410)
	at com.kms.katalon.core.main.TestCaseExecutor.execute(TestCaseExecutor.java:410)
	at com.kms.katalon.core.common.CommonExecutor.accessTestCaseMainPhase(CommonExecutor.java:71)
	at com.kms.katalon.core.main.TestSuiteExecutor.accessTestSuiteMainPhase(TestSuiteExecutor.java:153)
	at com.kms.katalon.core.main.TestSuiteExecutor.execute(TestSuiteExecutor.java:110)
	at com.kms.katalon.core.main.TestCaseMain.startTestSuite(TestCaseMain.java:205)
	at TempTestSuite1767713198027.run(TempTestSuite1767713198027.groovy:35)
	at java.base/jdk.internal.reflect.NativeMethodAccessorImpl.invoke0(Native Method)
	at java.base/jdk.internal.reflect.NativeMethodAccessorImpl.invoke(NativeMethodAccessorImpl.java:77)
	at java.base/jdk.internal.reflect.DelegatingMethodAccessorImpl.invoke(DelegatingMethodAccessorImpl.java:43)
</property>
  <property name="failed.exception.message">Web element with id: &apos;Object Repository/AI-Generated/Katalian Banking Production/Page_transfer/button_confirmTransfer&apos; located by &apos;button &gt;&gt; internal:text=\&quot;Confirm Transfer\&quot;s&apos; not found</property>
</record>
<record>
  <date>2026-01-06T15:27:45.635403Z</date>
  <millis>1767713265635</millis>
  <nanos>403000</nanos>
  <sequence>816</sequence>
  <level>END</level>
  <class>com.kms.katalon.core.logging.XmlKeywordLogger</class>
  <method>endKeyword</method>
  <thread>1</thread>
  <message>End action : enhancedClick(findTestObject(&amp;quot;AI-Generated/Katalian Banking Production/Page_transfer/button_confirmTransfer&amp;quot;))</message>
  <nestedLevel>1</nestedLevel>
  <escapedJava>false</escapedJava>
</record>
<record>
  <date>2026-01-06T15:27:45.635660Z</date>
  <millis>1767713265635</millis>
  <nanos>660000</nanos>
  <sequence>819</sequence>
  <level>FAILED</level>
  <class>com.kms.katalon.core.logging.XmlKeywordLogger</class>
  <method>logMessage</method>
  <thread>1</thread>
  <message>Test Cases/AI-Generated/Katalian Banking Production/TC3-Transfer Balance Between Accounts and Logout FAILED.
Reason:
com.kms.katalon.core.exception.StepFailedException: Unable to click on object &amp;apos;Object Repository/AI-Generated/Katalian Banking Production/Page_transfer/button_confirmTransfer&amp;apos;
	at com.kms.katalon.core.webui.keyword.internal.WebUIKeywordMain.stepFailed(WebUIKeywordMain.groovy:177)
	at com.kms.katalon.core.webui.keyword.internal.WebUIKeywordMain.runKeyword(WebUIKeywordMain.groovy:49)
	at com.kms.katalon.core.webui.keyword.internal.WebUIKeywordMain.runKeywordUntilTimeout(WebUIKeywordMain.groovy:133)
	at com.kms.katalon.core.webui.keyword.builtin.EnhancedClickKeyword.click(EnhancedClickKeyword.groovy:95)
	at com.kms.katalon.core.webui.keyword.builtin.EnhancedClickKeyword.execute(EnhancedClickKeyword.groovy:41)
	at com.kms.katalon.core.keyword.internal.KeywordExecutor.executeKeywordForPlatform(KeywordExecutor.groovy:90)
	at com.kms.katalon.core.webui.keyword.WebUiBuiltInKeywords.enhancedClick(WebUiBuiltInKeywords.groovy:747)
	at TC3-Transfer Balance Between Accounts and Logout.run(TC3-Transfer Balance Between Accounts and Logout:33)
	at com.kms.katalon.core.main.ScriptEngine.run(ScriptEngine.java:194)
	at com.kms.katalon.core.main.ScriptEngine.runScriptAsRawText(ScriptEngine.java:119)
	at com.kms.katalon.core.main.TestCaseExecutor.runScript(TestCaseExecutor.java:490)
	at com.kms.katalon.core.main.TestCaseExecutor.doExecute(TestCaseExecutor.java:481)
	at com.kms.katalon.core.main.TestCaseExecutor.processExecutionPhase(TestCaseExecutor.java:460)
	at com.kms.katalon.core.main.TestCaseExecutor.accessMainPhase(TestCaseExecutor.java:452)
	at com.kms.katalon.core.main.TestCaseExecutor.execute(TestCaseExecutor.java:322)
	at com.kms.katalon.core.main.TestCaseExecutor.execute(TestCaseExecutor.java:410)
	at com.kms.katalon.core.main.TestCaseExecutor.execute(TestCaseExecutor.java:410)
	at com.kms.katalon.core.common.CommonExecutor.accessTestCaseMainPhase(CommonExecutor.java:71)
	at com.kms.katalon.core.main.TestSuiteExecutor.accessTestSuiteMainPhase(TestSuiteExecutor.java:153)
	at com.kms.katalon.core.main.TestSuiteExecutor.execute(TestSuiteExecutor.java:110)
	at com.kms.katalon.core.main.TestCaseMain.startTestSuite(TestCaseMain.java:205)
	at TempTestSuite1767713198027.run(TempTestSuite1767713198027.groovy:35)
	at java.base/jdk.internal.reflect.NativeMethodAccessorImpl.invoke0(Native Method)
	at java.base/jdk.internal.reflect.NativeMethodAccessorImpl.invoke(NativeMethodAccessorImpl.java:77)
	at java.base/jdk.internal.reflect.DelegatingMethodAccessorImpl.invoke(DelegatingMethodAccessorImpl.java:43)
Caused by: com.kms.katalon.core.webui.exception.WebElementNotFoundException: Web element with id: &amp;apos;Object Repository/AI-Generated/Katalian Banking Production/Page_transfer/button_confirmTransfer&amp;apos; located by &amp;apos;button &amp;gt;&amp;gt; internal:text=\&amp;quot;Confirm Transfer\&amp;quot;s&amp;apos; not found
	at com.kms.katalon.core.webui.model.WebUiElementFinder.findElement(WebUiElementFinder.java:55)
	at com.kms.katalon.core.webui.model.WebUiElementFinderWithTimeout.basicFindElement(WebUiElementFinderWithTimeout.java:50)
	at com.kms.katalon.core.webui.model.WebUiElementFinderWithTimeout.lambda$0(WebUiElementFinderWithTimeout.java:29)
	at com.kms.katalon.core.webui.model.SeleniumActionRetryController.performAction(SeleniumActionRetryController.java:96)
	at com.kms.katalon.core.webui.model.SeleniumActionRetryController.performAction(SeleniumActionRetryController.java:83)
	at com.kms.katalon.core.webui.model.WebUiElementFinderWithTimeout.findElement(WebUiElementFinderWithTimeout.java:28)
	at com.kms.katalon.core.webui.keyword.internal.WebUIAbstractKeyword.findWebElement(WebUIAbstractKeyword.groovy:96)
	at com.kms.katalon.core.webui.keyword.builtin.EnhancedClickKeyword$_click_closure1.doCall(EnhancedClickKeyword.groovy:69)
	at java.base/jdk.internal.reflect.NativeMethodAccessorImpl.invoke0(Native Method)
	at java.base/jdk.internal.reflect.NativeMethodAccessorImpl.invoke(NativeMethodAccessorImpl.java:77)
	at java.base/jdk.internal.reflect.DelegatingMethodAccessorImpl.invoke(DelegatingMethodAccessorImpl.java:43)
	at jdk.proxy2/jdk.proxy2.$Proxy51.execute(Unknown Source)
	at com.kms.katalon.core.webui.model.SeleniumActionRetryController.performAction(SeleniumActionRetryController.java:96)
	at com.kms.katalon.core.webui.model.SeleniumActionRetryController.performAction(SeleniumActionRetryController.java:83)
	at com.kms.katalon.core.webui.keyword.internal.WebUIKeywordMain$_runKeywordUntilTimeout_closure1.doCall(WebUIKeywordMain.groovy:135)
	at com.kms.katalon.core.webui.keyword.internal.WebUIKeywordMain$_runKeywordUntilTimeout_closure1.call(WebUIKeywordMain.groovy)
	at com.kms.katalon.core.webui.keyword.internal.WebUIKeywordMain.runKeyword(WebUIKeywordMain.groovy:41)
	... 23 more
</message>
  <exception>
    <message>com.kms.katalon.core.exception.StepFailedException: Unable to click on object 'Object Repository/AI-Generated/Katalian Banking Production/Page_transfer/button_confirmTransfer'</message>
    <frame>
      <class>com.kms.katalon.core.logging.XmlKeywordLogger</class>
      <method>logMessage</method>
      <line>512</line>
    </frame>
    <frame>
      <class>com.kms.katalon.core.logging.KeywordLogger</class>
      <method>logMessage</method>
      <line>447</line>
    </frame>
    <frame>
      <class>com.kms.katalon.core.main.TestCaseExecutor</class>
      <method>logError</method>
      <line>599</line>
    </frame>
    <frame>
      <class>com.kms.katalon.core.main.TestCaseExecutor</class>
      <method>onExecutionError</method>
      <line>187</line>
    </frame>
    <frame>
      <class>com.kms.katalon.core.main.TestCaseExecutor</class>
      <method>processExecutionPhase</method>
      <line>470</line>
    </frame>
    <frame>
      <class>com.kms.katalon.core.main.TestCaseExecutor</class>
      <method>accessMainPhase</method>
      <line>452</line>
    </frame>
    <frame>
      <class>com.kms.katalon.core.main.TestCaseExecutor</class>
      <method>execute</method>
      <line>322</line>
    </frame>
    <frame>
      <class>com.kms.katalon.core.main.TestCaseExecutor</class>
      <method>execute</method>
      <line>410</line>
    </frame>
    <frame>
      <class>com.kms.katalon.core.main.TestCaseExecutor</class>
      <method>execute</method>
      <line>410</line>
    </frame>
    <frame>
      <class>com.kms.katalon.core.common.CommonExecutor</class>
      <method>accessTestCaseMainPhase</method>
      <line>71</line>
    </frame>
    <frame>
      <class>com.kms.katalon.core.main.TestSuiteExecutor</class>
      <method>accessTestSuiteMainPhase</method>
      <line>153</line>
    </frame>
    <frame>
      <class>com.kms.katalon.core.main.TestSuiteExecutor</class>
      <method>execute</method>
      <line>110</line>
    </frame>
    <frame>
      <class>com.kms.katalon.core.main.TestCaseMain</class>
      <method>startTestSuite</method>
      <line>205</line>
    </frame>
    <frame>
      <class>org.codehaus.groovy.vmplugin.v8.IndyInterface</class>
      <method>fromCache</method>
      <line>318</line>
    </frame>
    <frame>
      <class>TempTestSuite1767713198027</class>
      <method>run</method>
      <line>35</line>
    </frame>
    <frame>
      <class>groovy.lang.GroovyShell</class>
      <method>runScriptOrMainOrTestOrRunnable</method>
      <line>254</line>
    </frame>
    <frame>
      <class>groovy.lang.GroovyShell</class>
      <method>run</method>
      <line>360</line>
    </frame>
    <frame>
      <class>groovy.lang.GroovyShell</class>
      <method>run</method>
      <line>349</line>
    </frame>
    <frame>
      <class>groovy.ui.GroovyMain</class>
      <method>processOnce</method>
      <line>652</line>
    </frame>
    <frame>
      <class>groovy.ui.GroovyMain</class>
      <method>run</method>
      <line>398</line>
    </frame>
    <frame>
      <class>groovy.ui.GroovyMain</class>
      <method>access$1400</method>
      <line>68</line>
    </frame>
    <frame>
      <class>groovy.ui.GroovyMain$GroovyCommand</class>
      <method>process</method>
      <line>322</line>
    </frame>
    <frame>
      <class>groovy.ui.GroovyMain</class>
      <method>processArgs</method>
      <line>142</line>
    </frame>
    <frame>
      <class>groovy.ui.GroovyMain</class>
      <method>main</method>
      <line>115</line>
    </frame>
    <frame>
      <class>jdk.internal.reflect.NativeMethodAccessorImpl</class>
      <method>invoke0</method>
    </frame>
    <frame>
      <class>jdk.internal.reflect.NativeMethodAccessorImpl</class>
      <method>invoke</method>
      <line>77</line>
    </frame>
    <frame>
      <class>jdk.internal.reflect.DelegatingMethodAccessorImpl</class>
      <method>invoke</method>
      <line>43</line>
    </frame>
    <frame>
      <class>java.lang.reflect.Method</class>
      <method>invoke</method>
      <line>569</line>
    </frame>
    <frame>
      <class>org.codehaus.groovy.tools.GroovyStarter</class>
      <method>rootLoader</method>
      <line>117</line>
    </frame>
    <frame>
      <class>org.codehaus.groovy.tools.GroovyStarter</class>
      <method>main</method>
      <line>39</line>
    </frame>
  </exception>
  <nestedLevel>0</nestedLevel>
  <escapedJava>false</escapedJava>
  <property name="failed.exception.stacktrace">com.kms.katalon.core.webui.exception.WebElementNotFoundException: Web element with id: &apos;Object Repository/AI-Generated/Katalian Banking Production/Page_transfer/button_confirmTransfer&apos; located by &apos;button &gt;&gt; internal:text=\&quot;Confirm Transfer\&quot;s&apos; not found
	at com.kms.katalon.core.webui.model.WebUiElementFinder.findElement(WebUiElementFinder.java:55)
	at com.kms.katalon.core.webui.model.WebUiElementFinderWithTimeout.basicFindElement(WebUiElementFinderWithTimeout.java:50)
	at com.kms.katalon.core.webui.model.WebUiElementFinderWithTimeout.lambda$0(WebUiElementFinderWithTimeout.java:29)
	at com.kms.katalon.core.webui.model.SeleniumActionRetryController.performAction(SeleniumActionRetryController.java:96)
	at com.kms.katalon.core.webui.model.SeleniumActionRetryController.performAction(SeleniumActionRetryController.java:83)
	at com.kms.katalon.core.webui.model.WebUiElementFinderWithTimeout.findElement(WebUiElementFinderWithTimeout.java:28)
	at com.kms.katalon.core.webui.keyword.internal.WebUIAbstractKeyword.findWebElement(WebUIAbstractKeyword.groovy:96)
	at com.kms.katalon.core.webui.keyword.builtin.EnhancedClickKeyword$_click_closure1.doCall(EnhancedClickKeyword.groovy:69)
	at java.base/jdk.internal.reflect.NativeMethodAccessorImpl.invoke0(Native Method)
	at java.base/jdk.internal.reflect.NativeMethodAccessorImpl.invoke(NativeMethodAccessorImpl.java:77)
	at java.base/jdk.internal.reflect.DelegatingMethodAccessorImpl.invoke(DelegatingMethodAccessorImpl.java:43)
	at jdk.proxy2/jdk.proxy2.$Proxy51.execute(Unknown Source)
	at com.kms.katalon.core.webui.model.SeleniumActionRetryController.performAction(SeleniumActionRetryController.java:96)
	at com.kms.katalon.core.webui.model.SeleniumActionRetryController.performAction(SeleniumActionRetryController.java:83)
	at com.kms.katalon.core.webui.keyword.internal.WebUIKeywordMain$_runKeywordUntilTimeout_closure1.doCall(WebUIKeywordMain.groovy:135)
	at com.kms.katalon.core.webui.keyword.internal.WebUIKeywordMain$_runKeywordUntilTimeout_closure1.call(WebUIKeywordMain.groovy)
	at com.kms.katalon.core.webui.keyword.internal.WebUIKeywordMain.runKeyword(WebUIKeywordMain.groovy:41)
	at com.kms.katalon.core.webui.keyword.internal.WebUIKeywordMain.runKeywordUntilTimeout(WebUIKeywordMain.groovy:133)
	at com.kms.katalon.core.webui.keyword.builtin.EnhancedClickKeyword.click(EnhancedClickKeyword.groovy:95)
	at com.kms.katalon.core.webui.keyword.builtin.EnhancedClickKeyword.execute(EnhancedClickKeyword.groovy:41)
	at com.kms.katalon.core.keyword.internal.KeywordExecutor.executeKeywordForPlatform(KeywordExecutor.groovy:90)
	at com.kms.katalon.core.webui.keyword.WebUiBuiltInKeywords.enhancedClick(WebUiBuiltInKeywords.groovy:747)
	at TC3-Transfer Balance Between Accounts and Logout.run(TC3-Transfer Balance Between Accounts and Logout:33)
	at com.kms.katalon.core.main.ScriptEngine.run(ScriptEngine.java:194)
	at com.kms.katalon.core.main.ScriptEngine.runScriptAsRawText(ScriptEngine.java:119)
	at com.kms.katalon.core.main.TestCaseExecutor.runScript(TestCaseExecutor.java:490)
	at com.kms.katalon.core.main.TestCaseExecutor.doExecute(TestCaseExecutor.java:481)
	at com.kms.katalon.core.main.TestCaseExecutor.processExecutionPhase(TestCaseExecutor.java:460)
	at com.kms.katalon.core.main.TestCaseExecutor.accessMainPhase(TestCaseExecutor.java:452)
	at com.kms.katalon.core.main.TestCaseExecutor.execute(TestCaseExecutor.java:322)
	at com.kms.katalon.core.main.TestCaseExecutor.execute(TestCaseExecutor.java:410)
	at com.kms.katalon.core.main.TestCaseExecutor.execute(TestCaseExecutor.java:410)
	at com.kms.katalon.core.common.CommonExecutor.accessTestCaseMainPhase(CommonExecutor.java:71)
	at com.kms.katalon.core.main.TestSuiteExecutor.accessTestSuiteMainPhase(TestSuiteExecutor.java:153)
	at com.kms.katalon.core.main.TestSuiteExecutor.execute(TestSuiteExecutor.java:110)
	at com.kms.katalon.core.main.TestCaseMain.startTestSuite(TestCaseMain.java:205)
	at TempTestSuite1767713198027.run(TempTestSuite1767713198027.groovy:35)
	at java.base/jdk.internal.reflect.NativeMethodAccessorImpl.invoke0(Native Method)
	at java.base/jdk.internal.reflect.NativeMethodAccessorImpl.invoke(NativeMethodAccessorImpl.java:77)
	at java.base/jdk.internal.reflect.DelegatingMethodAccessorImpl.invoke(DelegatingMethodAccessorImpl.java:43)
</property>
  <property name="failed.exception.class">com.kms.katalon.core.webui.exception.WebElementNotFoundException</property>
  <property name="failed.exception.message">Web element with id: &apos;Object Repository/AI-Generated/Katalian Banking Production/Page_transfer/button_confirmTransfer&apos; located by &apos;button &gt;&gt; internal:text=\&quot;Confirm Transfer\&quot;s&apos; not found</property>
</record>
<record>
  <date>2026-01-06T15:27:45.636150Z</date>
  <millis>1767713265636</millis>
  <nanos>150000</nanos>
  <sequence>822</sequence>
  <level>START</level>
  <class>com.kms.katalon.core.logging.XmlKeywordLogger</class>
  <method>startKeyword</method>
  <thread>1</thread>
  <message>Start tear down : teardown</message>
  <nestedLevel>1</nestedLevel>
  <escapedJava>false</escapedJava>
  <property name="stepIndex">1</property>
  <property name="isIgnoredIfFailed">true</property>
</record>
<record>
  <date>2026-01-06T15:27:45.636739Z</date>
  <millis>1767713265636</millis>
  <nanos>739000</nanos>
  <sequence>823</sequence>
  <level>START</level>
  <class>com.kms.katalon.core.logging.XmlKeywordLogger</class>
  <method>startKeyword</method>
  <thread>1</thread>
  <message>Start action : closeBrowser()</message>
  <nestedLevel>1</nestedLevel>
  <escapedJava>false</escapedJava>
  <property name="startLine">51</property>
  <property name="stepIndex">1</property>
</record>
<record>
  <date>2026-01-06T15:27:45.728639Z</date>
  <millis>1767713265728</millis>
  <nanos>639000</nanos>
  <sequence>826</sequence>
  <level>PASSED</level>
  <class>com.kms.katalon.core.logging.XmlKeywordLogger</class>
  <method>logMessage</method>
  <thread>1</thread>
  <message>Browser is closed</message>
  <nestedLevel>1</nestedLevel>
  <escapedJava>false</escapedJava>
  <property name="testops-method-name">com.kms.katalon.core.webui.keyword.builtin.CloseBrowserKeyword.closeBrowser</property>
  <property name="testops-execution-stacktrace"></property>
</record>
<record>
  <date>2026-01-06T15:27:45.728776Z</date>
  <millis>1767713265728</millis>
  <nanos>776000</nanos>
  <sequence>827</sequence>
  <level>END</level>
  <class>com.kms.katalon.core.logging.XmlKeywordLogger</class>
  <method>endKeyword</method>
  <thread>1</thread>
  <message>End action : closeBrowser()</message>
  <nestedLevel>1</nestedLevel>
  <escapedJava>false</escapedJava>
</record>
<record>
  <date>2026-01-06T15:27:45.728895Z</date>
  <millis>1767713265728</millis>
  <nanos>895000</nanos>
  <sequence>829</sequence>
  <level>PASSED</level>
  <class>com.kms.katalon.core.logging.XmlKeywordLogger</class>
  <method>logMessage</method>
  <thread>1</thread>
  <message>Method &amp;apos;teardown&amp;apos; complete successfully</message>
  <nestedLevel>1</nestedLevel>
  <escapedJava>false</escapedJava>
  <property name="testops-execution-stacktrace">com.kms.katalon.core.logging.KeywordLogger.logPassed(KeywordLogger.java:332)
com.kms.katalon.core.logging.KeywordLogger.logPassed(KeywordLogger.java:346)
com.kms.katalon.core.main.TestCaseExecutor.runMethod(TestCaseExecutor.java:639)
com.kms.katalon.core.main.TestCaseExecutor.internallyRunMethods(TestCaseExecutor.java:622)
com.kms.katalon.core.main.TestCaseExecutor.runTearDownMethodByError(TestCaseExecutor.java:665)
com.kms.katalon.core.main.TestCaseExecutor.onExecutionError(TestCaseExecutor.java:189)
com.kms.katalon.core.main.TestCaseExecutor.processExecutionPhase(TestCaseExecutor.java:470)
com.kms.katalon.core.main.TestCaseExecutor.accessMainPhase(TestCaseExecutor.java:452)
com.kms.katalon.core.main.TestCaseExecutor.execute(TestCaseExecutor.java:322)
com.kms.katalon.core.main.TestCaseExecutor.execute(TestCaseExecutor.java:410)
com.kms.katalon.core.main.TestCaseExecutor.execute(TestCaseExecutor.java:410)
com.kms.katalon.core.common.CommonExecutor.accessTestCaseMainPhase(CommonExecutor.java:71)
com.kms.katalon.core.main.TestSuiteExecutor.accessTestSuiteMainPhase(TestSuiteExecutor.java:153)
com.kms.katalon.core.main.TestSuiteExecutor.execute(TestSuiteExecutor.java:110)
com.kms.katalon.core.main.TestCaseMain.startTestSuite(TestCaseMain.java:205)
TempTestSuite1767713198027.run(TempTestSuite1767713198027.groovy:35)
java.base/jdk.internal.reflect.NativeMethodAccessorImpl.invoke0(Native Method)
java.base/jdk.internal.reflect.NativeMethodAccessorImpl.invoke(NativeMethodAccessorImpl.java:77)
java.base/jdk.internal.reflect.DelegatingMethodAccessorImpl.invoke(DelegatingMethodAccessorImpl.java:43)
</property>
</record>
<record>
  <date>2026-01-06T15:27:45.728967Z</date>
  <millis>1767713265728</millis>
  <nanos>967000</nanos>
  <sequence>830</sequence>
  <level>END</level>
  <class>com.kms.katalon.core.logging.XmlKeywordLogger</class>
  <method>endKeyword</method>
  <thread>1</thread>
  <message>End tear down : teardown</message>
  <nestedLevel>1</nestedLevel>
  <escapedJava>false</escapedJava>
</record>
<record>
  <date>2026-01-06T15:27:45.729058Z</date>
  <millis>1767713265729</millis>
  <nanos>58000</nanos>
  <sequence>831</sequence>
  <level>START</level>
  <class>com.kms.katalon.core.logging.XmlKeywordLogger</class>
  <method>startKeyword</method>
  <thread>1</thread>
  <message>Start listener action : autoUpdateJobStatus</message>
  <nestedLevel>1</nestedLevel>
  <escapedJava>false</escapedJava>
</record>
<record>
  <date>2026-01-06T15:27:45.729221Z</date>
  <millis>1767713265729</millis>
  <nanos>221000</nanos>
  <sequence>833</sequence>
  <level>INFO</level>
  <class>com.kms.katalon.core.logging.XmlKeywordLogger</class>
  <method>logMessage</method>
  <thread>1</thread>
  <message>[SAUCELABS] Current run configuration: Chrome</message>
  <nestedLevel>1</nestedLevel>
  <escapedJava>false</escapedJava>
</record>
<record>
  <date>2026-01-06T15:27:45.729262Z</date>
  <millis>1767713265729</millis>
  <nanos>262000</nanos>
  <sequence>835</sequence>
  <level>END</level>
  <class>com.kms.katalon.core.logging.XmlKeywordLogger</class>
  <method>endKeyword</method>
  <thread>1</thread>
  <message>End listener action : autoUpdateJobStatus</message>
  <nestedLevel>1</nestedLevel>
  <escapedJava>false</escapedJava>
</record>
<record>
  <date>2026-01-06T15:27:45.729462Z</date>
  <millis>1767713265729</millis>
  <nanos>462000</nanos>
  <sequence>836</sequence>
  <level>END</level>
  <class>com.kms.katalon.core.logging.XmlKeywordLogger</class>
  <method>endTest</method>
  <thread>1</thread>
  <message>End Test Case : Test Cases/AI-Generated/Katalian Banking Production/TC3-Transfer Balance Between Accounts and Logout</message>
  <nestedLevel>0</nestedLevel>
  <escapedJava>false</escapedJava>
  <property name="executionBindingVariables">[
  {
    &quot;value&quot;: &quot;500000&quot;,
    &quot;isDefault&quot;: true,
    &quot;name&quot;: &quot;input_amount&quot;,
    &quot;masked&quot;: false
  },
  {
    &quot;value&quot;: &quot;Checking (...7890) - Balance: $5345.54&quot;,
    &quot;isDefault&quot;: true,
    &quot;name&quot;: &quot;select_fromAccount&quot;,
    &quot;masked&quot;: false
  }
]</property>
  <property name="applitools">false</property>
  <property name="remainingRetryCount">1</property>
  <property name="executedKeywords">{
  &quot;WebUI.navigateToUrl&quot;: 1,
  &quot;WebUI.selectOptionByLabel&quot;: 1,
  &quot;BuiltIn.callTestCase&quot;: 1,
  &quot;WebUI.openBrowser&quot;: 1,
  &quot;BuiltIn.delay&quot;: 1,
  &quot;WebUI.verifyElementPresent&quot;: 1,
  &quot;WebUI.closeBrowser&quot;: 1,
  &quot;WebUI.setEncryptedText&quot;: 1,
  &quot;WebUI.verifyOptionSelectedByLabel&quot;: 1,
  &quot;WebUI.click&quot;: 1,
  &quot;WebUI.setViewPortSize&quot;: 1,
  &quot;WebUI.enhancedClick&quot;: 4,
  &quot;WebUI.setText&quot;: 2
}</property>
  <property name="currentRetryCount">2</property>
  <property name="keywordsUsage">{
  &quot;web_ui&quot;: true,
  &quot;web_service&quot;: false,
  &quot;cucumber&quot;: false,
  &quot;builtin&quot;: true,
  &quot;mobile&quot;: false,
  &quot;windows&quot;: false,
  &quot;testng&quot;: false
}</property>
</record>
<record>
  <date>2026-01-06T15:27:45.730377Z</date>
  <millis>1767713265730</millis>
  <nanos>377000</nanos>
  <sequence>837</sequence>
  <level>START</level>
  <class>com.kms.katalon.core.logging.XmlKeywordLogger</class>
  <method>startTest</method>
  <thread>1</thread>
  <message>Start Test Case : Test Cases/AI-Generated/Katalian Banking Production/TC3-Transfer Balance Between Accounts and Logout</message>
  <nestedLevel>1</nestedLevel>
  <escapedJava>false</escapedJava>
  <property name="remainingRetryCount">0</property>
  <property name="origin">TRUETEST</property>
  <property name="name">Test Cases/AI-Generated/Katalian Banking Production/TC3-Transfer Balance Between Accounts and Logout</property>
  <property name="description">Login, transfer balance between accounts, confirm the transfer, logout, and verify the home page.</property>
  <property name="iteration"></property>
  <property name="id">Test Cases/AI-Generated/Katalian Banking Production/TC3-Transfer Balance Between Accounts and Logout</property>
  <property name="source">\Users\gia\Downloads\Katalian_Banking_2.0-main\Test Cases\AI-Generated\Katalian Banking Production\TC3-Transfer Balance Between Accounts and Logout.tc</property>
  <property name="tag"></property>
  <property name="isOptional">false</property>
  <property name="currentRetryCount">3</property>
</record>
<record>
  <date>2026-01-06T15:27:45.737615Z</date>
  <millis>1767713265737</millis>
  <nanos>615000</nanos>
  <sequence>839</sequence>
  <level>INFO</level>
  <class>com.kms.katalon.core.logging.XmlKeywordLogger</class>
  <method>logMessage</method>
  <thread>1</thread>
  <message>(Default) input_amount = 200</message>
  <nestedLevel>1</nestedLevel>
  <escapedJava>false</escapedJava>
</record>
<record>
  <date>2026-01-06T15:27:45.737946Z</date>
  <millis>1767713265737</millis>
  <nanos>946000</nanos>
  <sequence>840</sequence>
  <level>INFO</level>
  <class>com.kms.katalon.core.logging.XmlKeywordLogger</class>
  <method>logMessage</method>
  <thread>1</thread>
  <message>(Default) select_fromAccount = Checking (...7890) - Balance: $5345.54</message>
  <nestedLevel>1</nestedLevel>
  <escapedJava>false</escapedJava>
</record>
<record>
  <date>2026-01-06T15:27:45.738046Z</date>
  <millis>1767713265738</millis>
  <nanos>46000</nanos>
  <sequence>841</sequence>
  <level>START</level>
  <class>com.kms.katalon.core.logging.XmlKeywordLogger</class>
  <method>startKeyword</method>
  <thread>1</thread>
  <message>Start listener action : enableSauceLabs</message>
  <nestedLevel>1</nestedLevel>
  <escapedJava>false</escapedJava>
</record>
<record>
  <date>2026-01-06T15:27:45.738190Z</date>
  <millis>1767713265738</millis>
  <nanos>190000</nanos>
  <sequence>843</sequence>
  <level>INFO</level>
  <class>com.kms.katalon.core.logging.XmlKeywordLogger</class>
  <method>logMessage</method>
  <thread>1</thread>
  <message>[SAUCELABS] Current run configuration: Chrome</message>
  <nestedLevel>1</nestedLevel>
  <escapedJava>false</escapedJava>
</record>
<record>
  <date>2026-01-06T15:27:45.738254Z</date>
  <millis>1767713265738</millis>
  <nanos>254000</nanos>
  <sequence>844</sequence>
  <level>INFO</level>
  <class>com.kms.katalon.core.logging.XmlKeywordLogger</class>
  <method>logMessage</method>
  <thread>1</thread>
  <message>[SAUCELABS] Saucelabs Plugin will not attempt to auto update job status and information !</message>
  <nestedLevel>1</nestedLevel>
  <escapedJava>false</escapedJava>
</record>
<record>
  <date>2026-01-06T15:27:45.738285Z</date>
  <millis>1767713265738</millis>
  <nanos>285000</nanos>
  <sequence>846</sequence>
  <level>END</level>
  <class>com.kms.katalon.core.logging.XmlKeywordLogger</class>
  <method>endKeyword</method>
  <thread>1</thread>
  <message>End listener action : enableSauceLabs</message>
  <nestedLevel>1</nestedLevel>
  <escapedJava>false</escapedJava>
</record>
<record>
  <date>2026-01-06T15:27:45.738337Z</date>
  <millis>1767713265738</millis>
  <nanos>337000</nanos>
  <sequence>848</sequence>
  <level>START</level>
  <class>com.kms.katalon.core.logging.XmlKeywordLogger</class>
  <method>startKeyword</method>
  <thread>1</thread>
  <message>Start setup action : setup</message>
  <nestedLevel>1</nestedLevel>
  <escapedJava>false</escapedJava>
  <property name="stepIndex">1</property>
</record>
<record>
  <date>2026-01-06T15:27:45.738686Z</date>
  <millis>1767713265738</millis>
  <nanos>686000</nanos>
  <sequence>849</sequence>
  <level>START</level>
  <class>com.kms.katalon.core.logging.XmlKeywordLogger</class>
  <method>startKeyword</method>
  <thread>1</thread>
  <message>Start action : openBrowser(&amp;quot;&amp;quot;)</message>
  <nestedLevel>1</nestedLevel>
  <escapedJava>false</escapedJava>
  <property name="startLine">14</property>
  <property name="stepIndex">1</property>
</record>
<record>
  <date>2026-01-06T15:27:45.739830Z</date>
  <millis>1767713265739</millis>
  <nanos>830000</nanos>
  <sequence>852</sequence>
  <level>INFO</level>
  <class>com.kms.katalon.core.logging.XmlKeywordLogger</class>
  <method>logMessage</method>
  <thread>1</thread>
  <message>Starting &amp;apos;Chrome&amp;apos; driver</message>
  <nestedLevel>1</nestedLevel>
  <escapedJava>false</escapedJava>
</record>
<record>
  <date>2026-01-06T15:27:45.740185Z</date>
  <millis>1767713265740</millis>
  <nanos>185000</nanos>
  <sequence>853</sequence>
  <level>INFO</level>
  <class>com.kms.katalon.core.logging.XmlKeywordLogger</class>
  <method>logMessage</method>
  <thread>1</thread>
  <message>Action delay is set to 0 milliseconds</message>
  <nestedLevel>1</nestedLevel>
  <escapedJava>false</escapedJava>
</record>
<record>
  <date>2026-01-06T15:27:46.789848Z</date>
  <millis>1767713266789</millis>
  <nanos>848000</nanos>
  <sequence>856</sequence>
  <level>RUN_DATA</level>
  <class>com.kms.katalon.core.logging.XmlKeywordLogger</class>
  <method>logMessage</method>
  <thread>1</thread>
  <message>sessionId = 0b19829e1d41c2bc96ff78679977cc43</message>
  <nestedLevel>1</nestedLevel>
  <escapedJava>false</escapedJava>
  <property name="sessionId">0b19829e1d41c2bc96ff78679977cc43</property>
</record>
<record>
  <date>2026-01-06T15:27:46.790115Z</date>
  <millis>1767713266790</millis>
  <nanos>115000</nanos>
  <sequence>857</sequence>
  <level>RUN_DATA</level>
  <class>com.kms.katalon.core.logging.XmlKeywordLogger</class>
  <method>logMessage</method>
  <thread>1</thread>
  <message>browser = Chrome 143.0.7499.147</message>
  <nestedLevel>1</nestedLevel>
  <escapedJava>false</escapedJava>
  <property name="browser">Chrome 143.0.7499.147</property>
</record>
<record>
  <date>2026-01-06T15:27:46.790188Z</date>
  <millis>1767713266790</millis>
  <nanos>188000</nanos>
  <sequence>858</sequence>
  <level>RUN_DATA</level>
  <class>com.kms.katalon.core.logging.XmlKeywordLogger</class>
  <method>logMessage</method>
  <thread>1</thread>
  <message>platform = Mac OS X</message>
  <nestedLevel>1</nestedLevel>
  <escapedJava>false</escapedJava>
  <property name="platform">Mac OS X</property>
</record>
<record>
  <date>2026-01-06T15:27:46.790233Z</date>
  <millis>1767713266790</millis>
  <nanos>233000</nanos>
  <sequence>859</sequence>
  <level>RUN_DATA</level>
  <class>com.kms.katalon.core.logging.XmlKeywordLogger</class>
  <method>logMessage</method>
  <thread>1</thread>
  <message>seleniumVersion = 4.34.0</message>
  <nestedLevel>1</nestedLevel>
  <escapedJava>false</escapedJava>
  <property name="seleniumVersion">4.34.0</property>
</record>
<record>
  <date>2026-01-06T15:27:46.790369Z</date>
  <millis>1767713266790</millis>
  <nanos>369000</nanos>
  <sequence>860</sequence>
  <level>RUN_DATA</level>
  <class>com.kms.katalon.core.logging.XmlKeywordLogger</class>
  <method>logMessage</method>
  <thread>1</thread>
  <message>proxyInformation = ProxyInformation { proxyOption=NO_PROXY, proxyServerType=HTTP, username=, password=********, proxyServerAddress=, proxyServerPort=0, executionList=&amp;quot;&amp;quot;, isApplyToDesiredCapabilities=true }</message>
  <nestedLevel>1</nestedLevel>
  <escapedJava>false</escapedJava>
  <property name="proxyInformation">ProxyInformation { proxyOption=NO_PROXY, proxyServerType=HTTP, username=, password=********, proxyServerAddress=, proxyServerPort=0, executionList=&quot;&quot;, isApplyToDesiredCapabilities=true }</property>
</record>
<record>
  <date>2026-01-06T15:27:46.794328Z</date>
  <millis>1767713266794</millis>
  <nanos>328000</nanos>
  <sequence>861</sequence>
  <level>PASSED</level>
  <class>com.kms.katalon.core.logging.XmlKeywordLogger</class>
  <method>logMessage</method>
  <thread>1</thread>
  <message>Browser is opened with url: &amp;apos;&amp;apos;</message>
  <nestedLevel>1</nestedLevel>
  <escapedJava>false</escapedJava>
  <property name="testops-method-name">com.kms.katalon.core.webui.keyword.builtin.OpenBrowserKeyword.openBrowser</property>
  <property name="testops-execution-stacktrace"></property>
</record>
<record>
  <date>2026-01-06T15:27:46.794593Z</date>
  <millis>1767713266794</millis>
  <nanos>593000</nanos>
  <sequence>862</sequence>
  <level>END</level>
  <class>com.kms.katalon.core.logging.XmlKeywordLogger</class>
  <method>endKeyword</method>
  <thread>1</thread>
  <message>End action : openBrowser(&amp;quot;&amp;quot;)</message>
  <nestedLevel>1</nestedLevel>
  <escapedJava>false</escapedJava>
</record>
<record>
  <date>2026-01-06T15:27:46.794656Z</date>
  <millis>1767713266794</millis>
  <nanos>656000</nanos>
  <sequence>863</sequence>
  <level>START</level>
  <class>com.kms.katalon.core.logging.XmlKeywordLogger</class>
  <method>startKeyword</method>
  <thread>1</thread>
  <message>Start action : setViewPortSize(1512, 823)</message>
  <nestedLevel>1</nestedLevel>
  <escapedJava>false</escapedJava>
  <property name="startLine">15</property>
  <property name="stepIndex">2</property>
</record>
<record>
  <date>2026-01-06T15:27:47.134385Z</date>
  <millis>1767713267134</millis>
  <nanos>385000</nanos>
  <sequence>867</sequence>
  <level>INFO</level>
  <class>com.kms.katalon.core.logging.XmlKeywordLogger</class>
  <method>logMessage</method>
  <thread>1</thread>
  <message>Viewport size mismatch (1,512x746). Trying to set it again.</message>
  <nestedLevel>1</nestedLevel>
  <escapedJava>false</escapedJava>
</record>
<record>
  <date>2026-01-06T15:27:48.117476Z</date>
  <millis>1767713268117</millis>
  <nanos>476000</nanos>
  <sequence>868</sequence>
  <level>WARNING</level>
  <class>com.kms.katalon.core.logging.XmlKeywordLogger</class>
  <method>logMessage</method>
  <thread>1</thread>
  <message>Viewport size mismatch (1512x1512).</message>
  <nestedLevel>1</nestedLevel>
  <escapedJava>false</escapedJava>
</record>
<record>
  <date>2026-01-06T15:27:48.117636Z</date>
  <millis>1767713268117</millis>
  <nanos>636000</nanos>
  <sequence>869</sequence>
  <level>END</level>
  <class>com.kms.katalon.core.logging.XmlKeywordLogger</class>
  <method>endKeyword</method>
  <thread>1</thread>
  <message>End action : setViewPortSize(1512, 823)</message>
  <nestedLevel>1</nestedLevel>
  <escapedJava>false</escapedJava>
</record>
<record>
  <date>2026-01-06T15:27:48.117782Z</date>
  <millis>1767713268117</millis>
  <nanos>782000</nanos>
  <sequence>871</sequence>
  <level>PASSED</level>
  <class>com.kms.katalon.core.logging.XmlKeywordLogger</class>
  <method>logMessage</method>
  <thread>1</thread>
  <message>Method &amp;apos;setup&amp;apos; complete successfully</message>
  <nestedLevel>1</nestedLevel>
  <escapedJava>false</escapedJava>
  <property name="testops-execution-stacktrace">com.kms.katalon.core.logging.KeywordLogger.logPassed(KeywordLogger.java:332)
com.kms.katalon.core.logging.KeywordLogger.logPassed(KeywordLogger.java:346)
com.kms.katalon.core.main.TestCaseExecutor.runMethod(TestCaseExecutor.java:639)
com.kms.katalon.core.main.TestCaseExecutor.internallyRunMethods(TestCaseExecutor.java:622)
com.kms.katalon.core.main.TestCaseExecutor.processSetupPhase(TestCaseExecutor.java:234)
com.kms.katalon.core.main.TestCaseExecutor.accessMainPhase(TestCaseExecutor.java:448)
com.kms.katalon.core.main.TestCaseExecutor.execute(TestCaseExecutor.java:322)
com.kms.katalon.core.main.TestCaseExecutor.execute(TestCaseExecutor.java:410)
com.kms.katalon.core.main.TestCaseExecutor.execute(TestCaseExecutor.java:410)
com.kms.katalon.core.main.TestCaseExecutor.execute(TestCaseExecutor.java:410)
com.kms.katalon.core.common.CommonExecutor.accessTestCaseMainPhase(CommonExecutor.java:71)
com.kms.katalon.core.main.TestSuiteExecutor.accessTestSuiteMainPhase(TestSuiteExecutor.java:153)
com.kms.katalon.core.main.TestSuiteExecutor.execute(TestSuiteExecutor.java:110)
com.kms.katalon.core.main.TestCaseMain.startTestSuite(TestCaseMain.java:205)
TempTestSuite1767713198027.run(TempTestSuite1767713198027.groovy:35)
java.base/jdk.internal.reflect.NativeMethodAccessorImpl.invoke0(Native Method)
java.base/jdk.internal.reflect.NativeMethodAccessorImpl.invoke(NativeMethodAccessorImpl.java:77)
java.base/jdk.internal.reflect.DelegatingMethodAccessorImpl.invoke(DelegatingMethodAccessorImpl.java:43)
</property>
</record>
<record>
  <date>2026-01-06T15:27:48.117876Z</date>
  <millis>1767713268117</millis>
  <nanos>876000</nanos>
  <sequence>872</sequence>
  <level>END</level>
  <class>com.kms.katalon.core.logging.XmlKeywordLogger</class>
  <method>endKeyword</method>
  <thread>1</thread>
  <message>End setup action : setup</message>
  <nestedLevel>1</nestedLevel>
  <escapedJava>false</escapedJava>
</record>
<record>
  <date>2026-01-06T15:27:48.118421Z</date>
  <millis>1767713268118</millis>
  <nanos>421000</nanos>
  <sequence>873</sequence>
  <level>START</level>
  <class>com.kms.katalon.core.logging.XmlKeywordLogger</class>
  <method>startKeyword</method>
  <thread>1</thread>
  <message>Start action : reportLocation = getReportFolder()</message>
  <nestedLevel>1</nestedLevel>
  <escapedJava>false</escapedJava>
  <property name="startLine">8</property>
  <property name="stepIndex">1</property>
</record>
<record>
  <date>2026-01-06T15:27:48.118514Z</date>
  <millis>1767713268118</millis>
  <nanos>514000</nanos>
  <sequence>874</sequence>
  <level>END</level>
  <class>com.kms.katalon.core.logging.XmlKeywordLogger</class>
  <method>endKeyword</method>
  <thread>1</thread>
  <message>End action : reportLocation = getReportFolder()</message>
  <nestedLevel>1</nestedLevel>
  <escapedJava>false</escapedJava>
</record>
<record>
  <date>2026-01-06T15:27:48.118544Z</date>
  <millis>1767713268118</millis>
  <nanos>544000</nanos>
  <sequence>875</sequence>
  <level>START</level>
  <class>com.kms.katalon.core.logging.XmlKeywordLogger</class>
  <method>startKeyword</method>
  <thread>1</thread>
  <message>Start action : &amp;quot;Initialize test session: Open browser and set view port&amp;quot;</message>
  <nestedLevel>1</nestedLevel>
  <escapedJava>false</escapedJava>
  <property name="startLine">10</property>
  <property name="stepIndex">2</property>
</record>
<record>
  <date>2026-01-06T15:27:48.118599Z</date>
  <millis>1767713268118</millis>
  <nanos>599000</nanos>
  <sequence>876</sequence>
  <level>END</level>
  <class>com.kms.katalon.core.logging.XmlKeywordLogger</class>
  <method>endKeyword</method>
  <thread>1</thread>
  <message>End action : &amp;quot;Initialize test session: Open browser and set view port&amp;quot;</message>
  <nestedLevel>1</nestedLevel>
  <escapedJava>false</escapedJava>
</record>
<record>
  <date>2026-01-06T15:27:48.118620Z</date>
  <millis>1767713268118</millis>
  <nanos>620000</nanos>
  <sequence>877</sequence>
  <level>START</level>
  <class>com.kms.katalon.core.logging.XmlKeywordLogger</class>
  <method>startKeyword</method>
  <thread>1</thread>
  <message>Start action : TrueTestScripts.navigate(&amp;quot;&amp;quot;)</message>
  <nestedLevel>1</nestedLevel>
  <escapedJava>false</escapedJava>
  <property name="startLine">21</property>
  <property name="stepIndex">3</property>
  <property name="description">Step 1: Navigate to /login</property>
</record>
<record>
  <date>2026-01-06T15:27:48.512867Z</date>
  <millis>1767713268512</millis>
  <nanos>867000</nanos>
  <sequence>881</sequence>
  <level>PASSED</level>
  <class>com.kms.katalon.core.logging.XmlKeywordLogger</class>
  <method>logMessage</method>
  <thread>1</thread>
  <message>Navigate to &amp;apos;https://katalian-banking.vercel.app/&amp;apos; successfully</message>
  <nestedLevel>1</nestedLevel>
  <escapedJava>false</escapedJava>
  <property name="testops-method-name">com.kms.katalon.core.webui.keyword.builtin.NavigateToUrlKeyword.navigateToUrl</property>
  <property name="testops-execution-stacktrace"></property>
</record>
<record>
  <date>2026-01-06T15:27:51.519461Z</date>
  <millis>1767713271519</millis>
  <nanos>461000</nanos>
  <sequence>884</sequence>
  <level>PASSED</level>
  <class>com.kms.katalon.core.logging.XmlKeywordLogger</class>
  <method>logMessage</method>
  <thread>1</thread>
  <message>Delayed 3 second(s)</message>
  <nestedLevel>1</nestedLevel>
  <escapedJava>false</escapedJava>
  <property name="testops-method-name">com.kms.katalon.core.keyword.builtin.DelayKeyword.delay</property>
  <property name="testops-execution-stacktrace"></property>
</record>
<record>
  <date>2026-01-06T15:27:51.519723Z</date>
  <millis>1767713271519</millis>
  <nanos>723000</nanos>
  <sequence>885</sequence>
  <level>END</level>
  <class>com.kms.katalon.core.logging.XmlKeywordLogger</class>
  <method>endKeyword</method>
  <thread>1</thread>
  <message>End action : TrueTestScripts.navigate(&amp;quot;&amp;quot;)</message>
  <nestedLevel>1</nestedLevel>
  <escapedJava>false</escapedJava>
</record>
<record>
  <date>2026-01-06T15:27:51.519766Z</date>
  <millis>1767713271519</millis>
  <nanos>766000</nanos>
  <sequence>886</sequence>
  <level>START</level>
  <class>com.kms.katalon.core.logging.XmlKeywordLogger</class>
  <method>startKeyword</method>
  <thread>1</thread>
  <message>Start action : TrueTestScripts.login()</message>
  <nestedLevel>1</nestedLevel>
  <escapedJava>false</escapedJava>
  <property name="startLine">25</property>
  <property name="stepIndex">4</property>
  <property name="description">Step 2: Login into Application</property>
</record>
<record>
  <date>2026-01-06T15:27:51.577187Z</date>
  <millis>1767713271577</millis>
  <nanos>187000</nanos>
  <sequence>890</sequence>
  <level>START</level>
  <class>com.kms.katalon.core.logging.XmlKeywordLogger</class>
  <method>startTest</method>
  <thread>1</thread>
  <message>Start Test Case : Test Cases/Login</message>
  <nestedLevel>2</nestedLevel>
  <escapedJava>false</escapedJava>
  <property name="origin"></property>
  <property name="name">Test Cases/Login</property>
  <property name="description"></property>
  <property name="iteration"></property>
  <property name="id">Test Cases/Login</property>
  <property name="source">\Users\gia\Downloads\Katalian_Banking_2.0-main\Test Cases\Login.tc</property>
  <property name="tag"></property>
  <property name="isOptional">false</property>
</record>
<record>
  <date>2026-01-06T15:27:51.581730Z</date>
  <millis>1767713271581</millis>
  <nanos>730000</nanos>
  <sequence>892</sequence>
  <level>START</level>
  <class>com.kms.katalon.core.logging.XmlKeywordLogger</class>
  <method>startKeyword</method>
  <thread>1</thread>
  <message>Start action : setText(findTestObject(&amp;quot;Object Repository/Page_Katalian Bank/input_Username_username&amp;quot;), &amp;quot;bankinguser123&amp;quot;)</message>
  <nestedLevel>1</nestedLevel>
  <escapedJava>false</escapedJava>
  <property name="startLine">20</property>
  <property name="stepIndex">1</property>
</record>
<record>
  <date>2026-01-06T15:27:52.107754Z</date>
  <millis>1767713272107</millis>
  <nanos>754000</nanos>
  <sequence>906</sequence>
  <level>PASSED</level>
  <class>com.kms.katalon.core.logging.XmlKeywordLogger</class>
  <method>logMessage</method>
  <thread>1</thread>
  <message>Text &amp;apos;bankinguser123&amp;apos; is set on object &amp;apos;Object Repository/Page_Katalian Bank/input_Username_username&amp;apos;</message>
  <nestedLevel>2</nestedLevel>
  <escapedJava>false</escapedJava>
  <property name="testops-method-name">com.kms.katalon.core.webui.keyword.internal.WebUIKeywordMain.runKeywordUntilTimeout</property>
  <property name="testops-execution-stacktrace">com.kms.katalon.core.logging.KeywordLogger.logPassed(KeywordLogger.java:332)
com.kms.katalon.core.logging.KeywordLogger.logPassed(KeywordLogger.java:327)
com.kms.katalon.core.webui.keyword.builtin.SetTextKeyword$_setText_closure1.doCall(SetTextKeyword.groovy:99)
java.base/jdk.internal.reflect.NativeMethodAccessorImpl.invoke0(Native Method)
java.base/jdk.internal.reflect.NativeMethodAccessorImpl.invoke(NativeMethodAccessorImpl.java:77)
java.base/jdk.internal.reflect.DelegatingMethodAccessorImpl.invoke(DelegatingMethodAccessorImpl.java:43)
jdk.proxy2/jdk.proxy2.$Proxy51.execute(Unknown Source)
com.kms.katalon.core.webui.model.SeleniumActionRetryController.performAction(SeleniumActionRetryController.java:96)
com.kms.katalon.core.webui.model.SeleniumActionRetryController.performAction(SeleniumActionRetryController.java:83)
com.kms.katalon.core.webui.keyword.internal.WebUIKeywordMain$_runKeywordUntilTimeout_closure1.doCall(WebUIKeywordMain.groovy:135)
com.kms.katalon.core.webui.keyword.internal.WebUIKeywordMain$_runKeywordUntilTimeout_closure1.call(WebUIKeywordMain.groovy)
com.kms.katalon.core.webui.keyword.internal.WebUIKeywordMain.runKeyword(WebUIKeywordMain.groovy:41)
com.kms.katalon.core.webui.keyword.internal.WebUIKeywordMain.runKeywordUntilTimeout(WebUIKeywordMain.groovy:133)
com.kms.katalon.core.webui.keyword.builtin.SetTextKeyword.setText(SetTextKeyword.groovy:106)
com.kms.katalon.core.webui.keyword.builtin.SetTextKeyword.execute(SetTextKeyword.groovy:49)
com.kms.katalon.core.keyword.internal.KeywordExecutor.executeKeywordForPlatform(KeywordExecutor.groovy:90)
com.kms.katalon.core.webui.keyword.WebUiBuiltInKeywords.setText(WebUiBuiltInKeywords.groovy:1081)
Login.run(Login:20)
</property>
</record>
<record>
  <date>2026-01-06T15:27:52.108131Z</date>
  <millis>1767713272108</millis>
  <nanos>131000</nanos>
  <sequence>907</sequence>
  <level>END</level>
  <class>com.kms.katalon.core.logging.XmlKeywordLogger</class>
  <method>endKeyword</method>
  <thread>1</thread>
  <message>End action : setText(findTestObject(&amp;quot;Object Repository/Page_Katalian Bank/input_Username_username&amp;quot;), &amp;quot;bankinguser123&amp;quot;)</message>
  <nestedLevel>1</nestedLevel>
  <escapedJava>false</escapedJava>
</record>
<record>
  <date>2026-01-06T15:27:52.108187Z</date>
  <millis>1767713272108</millis>
  <nanos>187000</nanos>
  <sequence>908</sequence>
  <level>START</level>
  <class>com.kms.katalon.core.logging.XmlKeywordLogger</class>
  <method>startKeyword</method>
  <thread>1</thread>
  <message>Start action : setEncryptedText(findTestObject(&amp;quot;Object Repository/Page_Katalian Bank/input_Password_password&amp;quot;), &amp;quot;CS9RmWxFPRFoMJc95WUBEN4WG8mxfTJo&amp;quot;)</message>
  <nestedLevel>1</nestedLevel>
  <escapedJava>false</escapedJava>
  <property name="startLine">22</property>
  <property name="stepIndex">2</property>
</record>
<record>
  <date>2026-01-06T15:27:52.356356Z</date>
  <millis>1767713272356</millis>
  <nanos>356000</nanos>
  <sequence>921</sequence>
  <level>PASSED</level>
  <class>com.kms.katalon.core.logging.XmlKeywordLogger</class>
  <method>logMessage</method>
  <thread>1</thread>
  <message>Text ****** has been set on object &amp;apos;Object Repository/Page_Katalian Bank/input_Password_password&amp;apos;</message>
  <nestedLevel>2</nestedLevel>
  <escapedJava>false</escapedJava>
  <property name="testops-method-name">com.kms.katalon.core.webui.keyword.internal.WebUIKeywordMain.runKeywordUntilTimeout</property>
  <property name="testops-execution-stacktrace">com.kms.katalon.core.logging.KeywordLogger.logPassed(KeywordLogger.java:332)
com.kms.katalon.core.logging.KeywordLogger.logPassed(KeywordLogger.java:327)
com.kms.katalon.core.webui.keyword.builtin.SetEncryptedTextKeyword$_setEncryptedText_closure1.doCall(SetEncryptedTextKeyword.groovy:82)
java.base/jdk.internal.reflect.NativeMethodAccessorImpl.invoke0(Native Method)
java.base/jdk.internal.reflect.NativeMethodAccessorImpl.invoke(NativeMethodAccessorImpl.java:77)
java.base/jdk.internal.reflect.DelegatingMethodAccessorImpl.invoke(DelegatingMethodAccessorImpl.java:43)
jdk.proxy2/jdk.proxy2.$Proxy51.execute(Unknown Source)
com.kms.katalon.core.webui.model.SeleniumActionRetryController.performAction(SeleniumActionRetryController.java:96)
com.kms.katalon.core.webui.model.SeleniumActionRetryController.performAction(SeleniumActionRetryController.java:83)
com.kms.katalon.core.webui.keyword.internal.WebUIKeywordMain$_runKeywordUntilTimeout_closure1.doCall(WebUIKeywordMain.groovy:135)
com.kms.katalon.core.webui.keyword.internal.WebUIKeywordMain$_runKeywordUntilTimeout_closure1.call(WebUIKeywordMain.groovy)
com.kms.katalon.core.webui.keyword.internal.WebUIKeywordMain.runKeyword(WebUIKeywordMain.groovy:41)
com.kms.katalon.core.webui.keyword.internal.WebUIKeywordMain.runKeywordUntilTimeout(WebUIKeywordMain.groovy:133)
com.kms.katalon.core.webui.keyword.builtin.SetEncryptedTextKeyword.setEncryptedText(SetEncryptedTextKeyword.groovy:88)
com.kms.katalon.core.webui.keyword.builtin.SetEncryptedTextKeyword.execute(SetEncryptedTextKeyword.groovy:48)
com.kms.katalon.core.keyword.internal.KeywordExecutor.executeKeywordForPlatform(KeywordExecutor.groovy:90)
com.kms.katalon.core.webui.keyword.WebUiBuiltInKeywords.setEncryptedText(WebUiBuiltInKeywords.groovy:1112)
Login.run(Login:22)
</property>
</record>
<record>
  <date>2026-01-06T15:27:52.356766Z</date>
  <millis>1767713272356</millis>
  <nanos>766000</nanos>
  <sequence>922</sequence>
  <level>END</level>
  <class>com.kms.katalon.core.logging.XmlKeywordLogger</class>
  <method>endKeyword</method>
  <thread>1</thread>
  <message>End action : setEncryptedText(findTestObject(&amp;quot;Object Repository/Page_Katalian Bank/input_Password_password&amp;quot;), &amp;quot;CS9RmWxFPRFoMJc95WUBEN4WG8mxfTJo&amp;quot;)</message>
  <nestedLevel>1</nestedLevel>
  <escapedJava>false</escapedJava>
</record>
<record>
  <date>2026-01-06T15:27:52.356840Z</date>
  <millis>1767713272356</millis>
  <nanos>840000</nanos>
  <sequence>923</sequence>
  <level>START</level>
  <class>com.kms.katalon.core.logging.XmlKeywordLogger</class>
  <method>startKeyword</method>
  <thread>1</thread>
  <message>Start action : click(findTestObject(&amp;quot;Object Repository/Page_Katalian Bank/button_Sign in&amp;quot;))</message>
  <nestedLevel>1</nestedLevel>
  <escapedJava>false</escapedJava>
  <property name="startLine">24</property>
  <property name="stepIndex">3</property>
</record>
<record>
  <date>2026-01-06T15:27:52.611918Z</date>
  <millis>1767713272611</millis>
  <nanos>918000</nanos>
  <sequence>934</sequence>
  <level>PASSED</level>
  <class>com.kms.katalon.core.logging.XmlKeywordLogger</class>
  <method>logMessage</method>
  <thread>1</thread>
  <message>Object: &amp;apos;Object Repository/Page_Katalian Bank/button_Sign in&amp;apos; is clicked on</message>
  <nestedLevel>2</nestedLevel>
  <escapedJava>false</escapedJava>
  <property name="testops-method-name">com.kms.katalon.core.webui.keyword.internal.WebUIKeywordMain.runKeywordUntilTimeout</property>
  <property name="testops-execution-stacktrace">com.kms.katalon.core.logging.KeywordLogger.logPassed(KeywordLogger.java:332)
com.kms.katalon.core.logging.KeywordLogger.logPassed(KeywordLogger.java:327)
com.kms.katalon.core.webui.keyword.builtin.ClickKeyword$_click_closure1.doCall(ClickKeyword.groovy:66)
java.base/jdk.internal.reflect.NativeMethodAccessorImpl.invoke0(Native Method)
java.base/jdk.internal.reflect.NativeMethodAccessorImpl.invoke(NativeMethodAccessorImpl.java:77)
java.base/jdk.internal.reflect.DelegatingMethodAccessorImpl.invoke(DelegatingMethodAccessorImpl.java:43)
jdk.proxy2/jdk.proxy2.$Proxy51.execute(Unknown Source)
com.kms.katalon.core.webui.model.SeleniumActionRetryController.performAction(SeleniumActionRetryController.java:96)
com.kms.katalon.core.webui.model.SeleniumActionRetryController.performAction(SeleniumActionRetryController.java:83)
com.kms.katalon.core.webui.keyword.internal.WebUIKeywordMain$_runKeywordUntilTimeout_closure1.doCall(WebUIKeywordMain.groovy:135)
com.kms.katalon.core.webui.keyword.internal.WebUIKeywordMain$_runKeywordUntilTimeout_closure1.call(WebUIKeywordMain.groovy)
com.kms.katalon.core.webui.keyword.internal.WebUIKeywordMain.runKeyword(WebUIKeywordMain.groovy:41)
com.kms.katalon.core.webui.keyword.internal.WebUIKeywordMain.runKeywordUntilTimeout(WebUIKeywordMain.groovy:133)
com.kms.katalon.core.webui.keyword.builtin.ClickKeyword.click(ClickKeyword.groovy:72)
com.kms.katalon.core.webui.keyword.builtin.ClickKeyword.execute(ClickKeyword.groovy:38)
com.kms.katalon.core.keyword.internal.KeywordExecutor.executeKeywordForPlatform(KeywordExecutor.groovy:90)
com.kms.katalon.core.webui.keyword.WebUiBuiltInKeywords.click(WebUiBuiltInKeywords.groovy:721)
Login.run(Login:24)
</property>
</record>
<record>
  <date>2026-01-06T15:27:52.612994Z</date>
  <millis>1767713272612</millis>
  <nanos>994000</nanos>
  <sequence>935</sequence>
  <level>END</level>
  <class>com.kms.katalon.core.logging.XmlKeywordLogger</class>
  <method>endKeyword</method>
  <thread>1</thread>
  <message>End action : click(findTestObject(&amp;quot;Object Repository/Page_Katalian Bank/button_Sign in&amp;quot;))</message>
  <nestedLevel>1</nestedLevel>
  <escapedJava>false</escapedJava>
</record>
<record>
  <date>2026-01-06T15:27:52.613206Z</date>
  <millis>1767713272613</millis>
  <nanos>206000</nanos>
  <sequence>936</sequence>
  <level>START</level>
  <class>com.kms.katalon.core.logging.XmlKeywordLogger</class>
  <method>startKeyword</method>
  <thread>1</thread>
  <message>Start action : verifyElementPresent(findTestObject(&amp;quot;Object Repository/Page_Katalian Bank/h1_Katalian Bank&amp;quot;), 0)</message>
  <nestedLevel>1</nestedLevel>
  <escapedJava>false</escapedJava>
  <property name="startLine">26</property>
  <property name="stepIndex">4</property>
</record>
<record>
  <date>2026-01-06T15:27:52.618912Z</date>
  <millis>1767713272618</millis>
  <nanos>912000</nanos>
  <sequence>941</sequence>
  <level>WARNING</level>
  <class>com.kms.katalon.core.logging.XmlKeywordLogger</class>
  <method>logMessage</method>
  <thread>1</thread>
  <message>Timeout &amp;apos;0&amp;apos; is invalid. Using default page load timeout: &amp;apos;10&amp;apos;</message>
  <nestedLevel>2</nestedLevel>
  <escapedJava>false</escapedJava>
</record>
<record>
  <date>2026-01-06T15:27:53.032704Z</date>
  <millis>1767713273032</millis>
  <nanos>704000</nanos>
  <sequence>944</sequence>
  <level>PASSED</level>
  <class>com.kms.katalon.core.logging.XmlKeywordLogger</class>
  <method>logMessage</method>
  <thread>1</thread>
  <message>Object &amp;apos;Object Repository/Page_Katalian Bank/h1_Katalian Bank&amp;apos; is present</message>
  <nestedLevel>2</nestedLevel>
  <escapedJava>false</escapedJava>
  <property name="testops-is-assertion">true</property>
  <property name="testops-method-name">com.kms.katalon.core.webui.keyword.builtin.VerifyElementPresentKeyword.verifyElementPresent</property>
  <property name="testops-execution-stacktrace"></property>
</record>
<record>
  <date>2026-01-06T15:27:53.032853Z</date>
  <millis>1767713273032</millis>
  <nanos>853000</nanos>
  <sequence>945</sequence>
  <level>END</level>
  <class>com.kms.katalon.core.logging.XmlKeywordLogger</class>
  <method>endKeyword</method>
  <thread>1</thread>
  <message>End action : verifyElementPresent(findTestObject(&amp;quot;Object Repository/Page_Katalian Bank/h1_Katalian Bank&amp;quot;), 0)</message>
  <nestedLevel>1</nestedLevel>
  <escapedJava>false</escapedJava>
</record>
<record>
  <date>2026-01-06T15:27:53.032920Z</date>
  <millis>1767713273032</millis>
  <nanos>920000</nanos>
  <sequence>946</sequence>
  <level>PASSED</level>
  <class>com.kms.katalon.core.logging.XmlKeywordLogger</class>
  <method>logMessage</method>
  <thread>1</thread>
  <message>Test Cases/Login</message>
  <nestedLevel>2</nestedLevel>
  <escapedJava>false</escapedJava>
</record>
<record>
  <date>2026-01-06T15:27:53.033065Z</date>
  <millis>1767713273033</millis>
  <nanos>65000</nanos>
  <sequence>947</sequence>
  <level>END</level>
  <class>com.kms.katalon.core.logging.XmlKeywordLogger</class>
  <method>endTest</method>
  <thread>1</thread>
  <message>End Test Case : Test Cases/Login</message>
  <nestedLevel>1</nestedLevel>
  <escapedJava>false</escapedJava>
</record>
<record>
  <date>2026-01-06T15:27:53.033238Z</date>
  <millis>1767713273033</millis>
  <nanos>238000</nanos>
  <sequence>948</sequence>
  <level>PASSED</level>
  <class>com.kms.katalon.core.logging.XmlKeywordLogger</class>
  <method>logMessage</method>
  <thread>1</thread>
  <message>Call Test Case &amp;apos;Test Cases/Login&amp;apos; successfully</message>
  <nestedLevel>1</nestedLevel>
  <escapedJava>false</escapedJava>
  <property name="testops-method-name">com.kms.katalon.core.keyword.builtin.CallTestCaseKeyword.callTestCase</property>
  <property name="testops-execution-stacktrace"></property>
</record>
<record>
  <date>2026-01-06T15:27:53.033576Z</date>
  <millis>1767713273033</millis>
  <nanos>576000</nanos>
  <sequence>949</sequence>
  <level>END</level>
  <class>com.kms.katalon.core.logging.XmlKeywordLogger</class>
  <method>endKeyword</method>
  <thread>1</thread>
  <message>End action : TrueTestScripts.login()</message>
  <nestedLevel>1</nestedLevel>
  <escapedJava>false</escapedJava>
</record>
<record>
  <date>2026-01-06T15:27:53.033633Z</date>
  <millis>1767713273033</millis>
  <nanos>633000</nanos>
  <sequence>950</sequence>
  <level>START</level>
  <class>com.kms.katalon.core.logging.XmlKeywordLogger</class>
  <method>startKeyword</method>
  <thread>1</thread>
  <message>Start action : transferBalanceAndReview.execute(input_amount, select_fromAccount)</message>
  <nestedLevel>1</nestedLevel>
  <escapedJava>false</escapedJava>
  <property name="startLine">29</property>
  <property name="stepIndex">5</property>
  <property name="description">Step 3: Transfer balance between accounts and review transfer</property>
</record>
<record>
  <date>2026-01-06T15:27:53.071336Z</date>
  <millis>1767713273071</millis>
  <nanos>336000</nanos>
  <sequence>962</sequence>
  <level>PASSED</level>
  <class>com.kms.katalon.core.logging.XmlKeywordLogger</class>
  <method>logMessage</method>
  <thread>1</thread>
  <message>Object: &amp;apos;Object Repository/AI-Generated/Katalian Banking Production/Page_dashboard/button_transferBalance&amp;apos; is clicked on</message>
  <nestedLevel>1</nestedLevel>
  <escapedJava>false</escapedJava>
  <property name="testops-method-name">com.kms.katalon.core.webui.keyword.internal.WebUIKeywordMain.runKeywordUntilTimeout</property>
  <property name="testops-execution-stacktrace">com.kms.katalon.core.logging.KeywordLogger.logPassed(KeywordLogger.java:332)
com.kms.katalon.core.logging.KeywordLogger.logPassed(KeywordLogger.java:327)
com.kms.katalon.core.webui.keyword.builtin.EnhancedClickKeyword$_click_closure1$_closure5.doCall(EnhancedClickKeyword.groovy:88)
java.base/jdk.internal.reflect.NativeMethodAccessorImpl.invoke0(Native Method)
java.base/jdk.internal.reflect.NativeMethodAccessorImpl.invoke(NativeMethodAccessorImpl.java:77)
java.base/jdk.internal.reflect.DelegatingMethodAccessorImpl.invoke(DelegatingMethodAccessorImpl.java:43)
jdk.proxy2/jdk.proxy2.$Proxy54.accept(Unknown Source)
com.kms.katalon.core.trymonad.Success.onSuccess(Try.java:263)
com.kms.katalon.core.webui.keyword.builtin.EnhancedClickKeyword$_click_closure1.doCall(EnhancedClickKeyword.groovy:71)
java.base/jdk.internal.reflect.NativeMethodAccessorImpl.invoke0(Native Method)
java.base/jdk.internal.reflect.NativeMethodAccessorImpl.invoke(NativeMethodAccessorImpl.java:77)
java.base/jdk.internal.reflect.DelegatingMethodAccessorImpl.invoke(DelegatingMethodAccessorImpl.java:43)
jdk.proxy2/jdk.proxy2.$Proxy51.execute(Unknown Source)
com.kms.katalon.core.webui.model.SeleniumActionRetryController.performAction(SeleniumActionRetryController.java:96)
com.kms.katalon.core.webui.model.SeleniumActionRetryController.performAction(SeleniumActionRetryController.java:83)
com.kms.katalon.core.webui.keyword.internal.WebUIKeywordMain$_runKeywordUntilTimeout_closure1.doCall(WebUIKeywordMain.groovy:135)
com.kms.katalon.core.webui.keyword.internal.WebUIKeywordMain$_runKeywordUntilTimeout_closure1.call(WebUIKeywordMain.groovy)
com.kms.katalon.core.webui.keyword.internal.WebUIKeywordMain.runKeyword(WebUIKeywordMain.groovy:41)
com.kms.katalon.core.webui.keyword.internal.WebUIKeywordMain.runKeywordUntilTimeout(WebUIKeywordMain.groovy:133)
com.kms.katalon.core.webui.keyword.builtin.EnhancedClickKeyword.click(EnhancedClickKeyword.groovy:95)
com.kms.katalon.core.webui.keyword.builtin.EnhancedClickKeyword.execute(EnhancedClickKeyword.groovy:41)
com.kms.katalon.core.keyword.internal.KeywordExecutor.executeKeywordForPlatform(KeywordExecutor.groovy:90)
com.kms.katalon.core.webui.keyword.WebUiBuiltInKeywords.enhancedClick(WebUiBuiltInKeywords.groovy:747)
truetest.Katalian_Banking_Production.common.transferBalanceAndReview.execute(transferBalanceAndReview.groovy:15)
TC3-Transfer Balance Between Accounts and Logout.run(TC3-Transfer Balance Between Accounts and Logout:29)
</property>
</record>
<record>
  <date>2026-01-06T15:27:53.723833Z</date>
  <millis>1767713273723</millis>
  <nanos>833000</nanos>
  <sequence>973</sequence>
  <level>PASSED</level>
  <class>com.kms.katalon.core.logging.XmlKeywordLogger</class>
  <method>logMessage</method>
  <thread>1</thread>
  <message>All options with label &amp;apos;\QChecking (...7890) - Balance: $5345.54\E&amp;apos; are selected in object &amp;apos;Object Repository/AI-Generated/Katalian Banking Production/Page_transfer/select_fromAccount&amp;apos;  using regular expression</message>
  <nestedLevel>1</nestedLevel>
  <escapedJava>false</escapedJava>
  <property name="testops-method-name">com.kms.katalon.core.webui.keyword.builtin.SelectOptionByLabelKeyword.selectOptionByLabel</property>
  <property name="testops-execution-stacktrace"></property>
</record>
<record>
  <date>2026-01-06T15:27:54.379192Z</date>
  <millis>1767713274379</millis>
  <nanos>192000</nanos>
  <sequence>985</sequence>
  <level>PASSED</level>
  <class>com.kms.katalon.core.logging.XmlKeywordLogger</class>
  <method>logMessage</method>
  <thread>1</thread>
  <message>All options with label &amp;apos;\QChecking (...7890) - Balance: $5345.54\E&amp;apos; are selected in object &amp;apos;Object Repository/AI-Generated/Katalian Banking Production/Page_transfer/select_fromAccount&amp;apos;  using regular expression</message>
  <nestedLevel>1</nestedLevel>
  <escapedJava>false</escapedJava>
  <property name="testops-method-name">com.kms.katalon.core.webui.keyword.internal.WebUIKeywordMain.runKeywordUntilTimeout</property>
  <property name="testops-execution-stacktrace">com.kms.katalon.core.logging.KeywordLogger.logPassed(KeywordLogger.java:332)
com.kms.katalon.core.logging.KeywordLogger.logPassed(KeywordLogger.java:327)
com.kms.katalon.core.webui.keyword.builtin.VerifyOptionSelectedByLabelKeyword$_verifyOptionSelectedByLabel_closure1.doCall(VerifyOptionSelectedByLabelKeyword.groovy:76)
java.base/jdk.internal.reflect.NativeMethodAccessorImpl.invoke0(Native Method)
java.base/jdk.internal.reflect.NativeMethodAccessorImpl.invoke(NativeMethodAccessorImpl.java:77)
java.base/jdk.internal.reflect.DelegatingMethodAccessorImpl.invoke(DelegatingMethodAccessorImpl.java:43)
jdk.proxy2/jdk.proxy2.$Proxy51.execute(Unknown Source)
com.kms.katalon.core.webui.model.SeleniumActionRetryController.performAction(SeleniumActionRetryController.java:96)
com.kms.katalon.core.webui.model.SeleniumActionRetryController.performAction(SeleniumActionRetryController.java:83)
com.kms.katalon.core.webui.keyword.internal.WebUIKeywordMain$_runKeywordUntilTimeout_closure2.doCall(WebUIKeywordMain.groovy:155)
com.kms.katalon.core.webui.keyword.internal.WebUIKeywordMain$_runKeywordUntilTimeout_closure2.call(WebUIKeywordMain.groovy)
com.kms.katalon.core.webui.keyword.internal.WebUIKeywordMain.runKeyword(WebUIKeywordMain.groovy:41)
com.kms.katalon.core.webui.keyword.internal.WebUIKeywordMain.runKeywordUntilTimeout(WebUIKeywordMain.groovy:152)
com.kms.katalon.core.webui.keyword.builtin.VerifyOptionSelectedByLabelKeyword.verifyOptionSelectedByLabel(VerifyOptionSelectedByLabelKeyword.groovy:86)
com.kms.katalon.core.webui.keyword.builtin.VerifyOptionSelectedByLabelKeyword.execute(VerifyOptionSelectedByLabelKeyword.groovy:43)
com.kms.katalon.core.keyword.internal.KeywordExecutor.executeKeywordForPlatform(KeywordExecutor.groovy:90)
com.kms.katalon.core.webui.keyword.WebUiBuiltInKeywords.verifyOptionSelectedByLabel(WebUiBuiltInKeywords.groovy:2284)
truetest.Katalian_Banking_Production.custom.TrueTestScripts.selectOption(TrueTestScripts.groovy:126)
truetest.Katalian_Banking_Production.common.transferBalanceAndReview.execute(transferBalanceAndReview.groovy:19)
TC3-Transfer Balance Between Accounts and Logout.run(TC3-Transfer Balance Between Accounts and Logout:29)
</property>
</record>
<record>
  <date>2026-01-06T15:27:54.404045Z</date>
  <millis>1767713274404</millis>
  <nanos>45000</nanos>
  <sequence>997</sequence>
  <level>PASSED</level>
  <class>com.kms.katalon.core.logging.XmlKeywordLogger</class>
  <method>logMessage</method>
  <thread>1</thread>
  <message>Object: &amp;apos;Object Repository/AI-Generated/Katalian Banking Production/Page_transfer/input_amount&amp;apos; is clicked on</message>
  <nestedLevel>1</nestedLevel>
  <escapedJava>false</escapedJava>
  <property name="testops-method-name">com.kms.katalon.core.webui.keyword.internal.WebUIKeywordMain.runKeywordUntilTimeout</property>
  <property name="testops-execution-stacktrace">com.kms.katalon.core.logging.KeywordLogger.logPassed(KeywordLogger.java:332)
com.kms.katalon.core.logging.KeywordLogger.logPassed(KeywordLogger.java:327)
com.kms.katalon.core.webui.keyword.builtin.EnhancedClickKeyword$_click_closure1$_closure5.doCall(EnhancedClickKeyword.groovy:88)
java.base/jdk.internal.reflect.NativeMethodAccessorImpl.invoke0(Native Method)
java.base/jdk.internal.reflect.NativeMethodAccessorImpl.invoke(NativeMethodAccessorImpl.java:77)
java.base/jdk.internal.reflect.DelegatingMethodAccessorImpl.invoke(DelegatingMethodAccessorImpl.java:43)
jdk.proxy2/jdk.proxy2.$Proxy54.accept(Unknown Source)
com.kms.katalon.core.trymonad.Success.onSuccess(Try.java:263)
com.kms.katalon.core.webui.keyword.builtin.EnhancedClickKeyword$_click_closure1.doCall(EnhancedClickKeyword.groovy:71)
java.base/jdk.internal.reflect.NativeMethodAccessorImpl.invoke0(Native Method)
java.base/jdk.internal.reflect.NativeMethodAccessorImpl.invoke(NativeMethodAccessorImpl.java:77)
java.base/jdk.internal.reflect.DelegatingMethodAccessorImpl.invoke(DelegatingMethodAccessorImpl.java:43)
jdk.proxy2/jdk.proxy2.$Proxy51.execute(Unknown Source)
com.kms.katalon.core.webui.model.SeleniumActionRetryController.performAction(SeleniumActionRetryController.java:96)
com.kms.katalon.core.webui.model.SeleniumActionRetryController.performAction(SeleniumActionRetryController.java:83)
com.kms.katalon.core.webui.keyword.internal.WebUIKeywordMain$_runKeywordUntilTimeout_closure1.doCall(WebUIKeywordMain.groovy:135)
com.kms.katalon.core.webui.keyword.internal.WebUIKeywordMain$_runKeywordUntilTimeout_closure1.call(WebUIKeywordMain.groovy)
com.kms.katalon.core.webui.keyword.internal.WebUIKeywordMain.runKeyword(WebUIKeywordMain.groovy:41)
com.kms.katalon.core.webui.keyword.internal.WebUIKeywordMain.runKeywordUntilTimeout(WebUIKeywordMain.groovy:133)
com.kms.katalon.core.webui.keyword.builtin.EnhancedClickKeyword.click(EnhancedClickKeyword.groovy:95)
com.kms.katalon.core.webui.keyword.builtin.EnhancedClickKeyword.execute(EnhancedClickKeyword.groovy:41)
com.kms.katalon.core.keyword.internal.KeywordExecutor.executeKeywordForPlatform(KeywordExecutor.groovy:90)
com.kms.katalon.core.webui.keyword.WebUiBuiltInKeywords.enhancedClick(WebUiBuiltInKeywords.groovy:747)
truetest.Katalian_Banking_Production.common.transferBalanceAndReview.execute(transferBalanceAndReview.groovy:23)
TC3-Transfer Balance Between Accounts and Logout.run(TC3-Transfer Balance Between Accounts and Logout:29)
</property>
</record>
<record>
  <date>2026-01-06T15:27:54.451434Z</date>
  <millis>1767713274451</millis>
  <nanos>434000</nanos>
  <sequence>1011</sequence>
  <level>PASSED</level>
  <class>com.kms.katalon.core.logging.XmlKeywordLogger</class>
  <method>logMessage</method>
  <thread>1</thread>
  <message>Text &amp;apos;200&amp;apos; is set on object &amp;apos;Object Repository/AI-Generated/Katalian Banking Production/Page_transfer/input_amount&amp;apos;</message>
  <nestedLevel>1</nestedLevel>
  <escapedJava>false</escapedJava>
  <property name="testops-method-name">com.kms.katalon.core.webui.keyword.internal.WebUIKeywordMain.runKeywordUntilTimeout</property>
  <property name="testops-execution-stacktrace">com.kms.katalon.core.logging.KeywordLogger.logPassed(KeywordLogger.java:332)
com.kms.katalon.core.logging.KeywordLogger.logPassed(KeywordLogger.java:327)
com.kms.katalon.core.webui.keyword.builtin.SetTextKeyword$_setText_closure1.doCall(SetTextKeyword.groovy:99)
java.base/jdk.internal.reflect.NativeMethodAccessorImpl.invoke0(Native Method)
java.base/jdk.internal.reflect.NativeMethodAccessorImpl.invoke(NativeMethodAccessorImpl.java:77)
java.base/jdk.internal.reflect.DelegatingMethodAccessorImpl.invoke(DelegatingMethodAccessorImpl.java:43)
jdk.proxy2/jdk.proxy2.$Proxy51.execute(Unknown Source)
com.kms.katalon.core.webui.model.SeleniumActionRetryController.performAction(SeleniumActionRetryController.java:96)
com.kms.katalon.core.webui.model.SeleniumActionRetryController.performAction(SeleniumActionRetryController.java:83)
com.kms.katalon.core.webui.keyword.internal.WebUIKeywordMain$_runKeywordUntilTimeout_closure1.doCall(WebUIKeywordMain.groovy:135)
com.kms.katalon.core.webui.keyword.internal.WebUIKeywordMain$_runKeywordUntilTimeout_closure1.call(WebUIKeywordMain.groovy)
com.kms.katalon.core.webui.keyword.internal.WebUIKeywordMain.runKeyword(WebUIKeywordMain.groovy:41)
com.kms.katalon.core.webui.keyword.internal.WebUIKeywordMain.runKeywordUntilTimeout(WebUIKeywordMain.groovy:133)
com.kms.katalon.core.webui.keyword.builtin.SetTextKeyword.setText(SetTextKeyword.groovy:106)
com.kms.katalon.core.webui.keyword.builtin.SetTextKeyword.execute(SetTextKeyword.groovy:49)
com.kms.katalon.core.keyword.internal.KeywordExecutor.executeKeywordForPlatform(KeywordExecutor.groovy:90)
com.kms.katalon.core.webui.keyword.WebUiBuiltInKeywords.setText(WebUiBuiltInKeywords.groovy:1081)
truetest.Katalian_Banking_Production.common.transferBalanceAndReview.execute(transferBalanceAndReview.groovy:27)
TC3-Transfer Balance Between Accounts and Logout.run(TC3-Transfer Balance Between Accounts and Logout:29)
</property>
</record>
<record>
  <date>2026-01-06T15:27:54.478234Z</date>
  <millis>1767713274478</millis>
  <nanos>234000</nanos>
  <sequence>1023</sequence>
  <level>PASSED</level>
  <class>com.kms.katalon.core.logging.XmlKeywordLogger</class>
  <method>logMessage</method>
  <thread>1</thread>
  <message>Object: &amp;apos;Object Repository/AI-Generated/Katalian Banking Production/Page_transfer/button_reviewTransfer&amp;apos; is clicked on</message>
  <nestedLevel>1</nestedLevel>
  <escapedJava>false</escapedJava>
  <property name="testops-method-name">com.kms.katalon.core.webui.keyword.internal.WebUIKeywordMain.runKeywordUntilTimeout</property>
  <property name="testops-execution-stacktrace">com.kms.katalon.core.logging.KeywordLogger.logPassed(KeywordLogger.java:332)
com.kms.katalon.core.logging.KeywordLogger.logPassed(KeywordLogger.java:327)
com.kms.katalon.core.webui.keyword.builtin.EnhancedClickKeyword$_click_closure1$_closure5.doCall(EnhancedClickKeyword.groovy:88)
java.base/jdk.internal.reflect.NativeMethodAccessorImpl.invoke0(Native Method)
java.base/jdk.internal.reflect.NativeMethodAccessorImpl.invoke(NativeMethodAccessorImpl.java:77)
java.base/jdk.internal.reflect.DelegatingMethodAccessorImpl.invoke(DelegatingMethodAccessorImpl.java:43)
jdk.proxy2/jdk.proxy2.$Proxy54.accept(Unknown Source)
com.kms.katalon.core.trymonad.Success.onSuccess(Try.java:263)
com.kms.katalon.core.webui.keyword.builtin.EnhancedClickKeyword$_click_closure1.doCall(EnhancedClickKeyword.groovy:71)
jdk.internal.reflect.GeneratedMethodAccessor45.invoke(Unknown Source)
java.base/jdk.internal.reflect.DelegatingMethodAccessorImpl.invoke(DelegatingMethodAccessorImpl.java:43)
jdk.proxy2/jdk.proxy2.$Proxy51.execute(Unknown Source)
com.kms.katalon.core.webui.model.SeleniumActionRetryController.performAction(SeleniumActionRetryController.java:96)
com.kms.katalon.core.webui.model.SeleniumActionRetryController.performAction(SeleniumActionRetryController.java:83)
com.kms.katalon.core.webui.keyword.internal.WebUIKeywordMain$_runKeywordUntilTimeout_closure1.doCall(WebUIKeywordMain.groovy:135)
com.kms.katalon.core.webui.keyword.internal.WebUIKeywordMain$_runKeywordUntilTimeout_closure1.call(WebUIKeywordMain.groovy)
com.kms.katalon.core.webui.keyword.internal.WebUIKeywordMain.runKeyword(WebUIKeywordMain.groovy:41)
com.kms.katalon.core.webui.keyword.internal.WebUIKeywordMain.runKeywordUntilTimeout(WebUIKeywordMain.groovy:133)
com.kms.katalon.core.webui.keyword.builtin.EnhancedClickKeyword.click(EnhancedClickKeyword.groovy:95)
com.kms.katalon.core.webui.keyword.builtin.EnhancedClickKeyword.execute(EnhancedClickKeyword.groovy:41)
com.kms.katalon.core.keyword.internal.KeywordExecutor.executeKeywordForPlatform(KeywordExecutor.groovy:90)
com.kms.katalon.core.webui.keyword.WebUiBuiltInKeywords.enhancedClick(WebUiBuiltInKeywords.groovy:747)
truetest.Katalian_Banking_Production.common.transferBalanceAndReview.execute(transferBalanceAndReview.groovy:31)
TC3-Transfer Balance Between Accounts and Logout.run(TC3-Transfer Balance Between Accounts and Logout:29)
</property>
</record>
<record>
  <date>2026-01-06T15:27:54.478827Z</date>
  <millis>1767713274478</millis>
  <nanos>827000</nanos>
  <sequence>1024</sequence>
  <level>END</level>
  <class>com.kms.katalon.core.logging.XmlKeywordLogger</class>
  <method>endKeyword</method>
  <thread>1</thread>
  <message>End action : transferBalanceAndReview.execute(input_amount, select_fromAccount)</message>
  <nestedLevel>1</nestedLevel>
  <escapedJava>false</escapedJava>
</record>
<record>
  <date>2026-01-06T15:27:54.478924Z</date>
  <millis>1767713274478</millis>
  <nanos>924000</nanos>
  <sequence>1025</sequence>
  <level>START</level>
  <class>com.kms.katalon.core.logging.XmlKeywordLogger</class>
  <method>startKeyword</method>
  <thread>1</thread>
  <message>Start action : enhancedClick(findTestObject(&amp;quot;AI-Generated/Katalian Banking Production/Page_transfer/button_confirmTransfer&amp;quot;))</message>
  <nestedLevel>1</nestedLevel>
  <escapedJava>false</escapedJava>
  <property name="startLine">33</property>
  <property name="stepIndex">6</property>
  <property name="description">Step 4: Click on button confirmTransfer -&gt; Navigate to page &apos;/dashboard&apos;</property>
</record>
<record>
  <date>2026-01-06T15:27:54.503537Z</date>
  <millis>1767713274503</millis>
  <nanos>537000</nanos>
  <sequence>1037</sequence>
  <level>PASSED</level>
  <class>com.kms.katalon.core.logging.XmlKeywordLogger</class>
  <method>logMessage</method>
  <thread>1</thread>
  <message>Object: &amp;apos;Object Repository/AI-Generated/Katalian Banking Production/Page_transfer/button_confirmTransfer&amp;apos; is clicked on</message>
  <nestedLevel>1</nestedLevel>
  <escapedJava>false</escapedJava>
  <property name="testops-method-name">com.kms.katalon.core.webui.keyword.internal.WebUIKeywordMain.runKeywordUntilTimeout</property>
  <property name="testops-execution-stacktrace">com.kms.katalon.core.logging.KeywordLogger.logPassed(KeywordLogger.java:332)
com.kms.katalon.core.logging.KeywordLogger.logPassed(KeywordLogger.java:327)
com.kms.katalon.core.webui.keyword.builtin.EnhancedClickKeyword$_click_closure1$_closure5.doCall(EnhancedClickKeyword.groovy:88)
java.base/jdk.internal.reflect.NativeMethodAccessorImpl.invoke0(Native Method)
java.base/jdk.internal.reflect.NativeMethodAccessorImpl.invoke(NativeMethodAccessorImpl.java:77)
java.base/jdk.internal.reflect.DelegatingMethodAccessorImpl.invoke(DelegatingMethodAccessorImpl.java:43)
jdk.proxy2/jdk.proxy2.$Proxy54.accept(Unknown Source)
com.kms.katalon.core.trymonad.Success.onSuccess(Try.java:263)
com.kms.katalon.core.webui.keyword.builtin.EnhancedClickKeyword$_click_closure1.doCall(EnhancedClickKeyword.groovy:71)
jdk.internal.reflect.GeneratedMethodAccessor45.invoke(Unknown Source)
java.base/jdk.internal.reflect.DelegatingMethodAccessorImpl.invoke(DelegatingMethodAccessorImpl.java:43)
jdk.proxy2/jdk.proxy2.$Proxy51.execute(Unknown Source)
com.kms.katalon.core.webui.model.SeleniumActionRetryController.performAction(SeleniumActionRetryController.java:96)
com.kms.katalon.core.webui.model.SeleniumActionRetryController.performAction(SeleniumActionRetryController.java:83)
com.kms.katalon.core.webui.keyword.internal.WebUIKeywordMain$_runKeywordUntilTimeout_closure1.doCall(WebUIKeywordMain.groovy:135)
com.kms.katalon.core.webui.keyword.internal.WebUIKeywordMain$_runKeywordUntilTimeout_closure1.call(WebUIKeywordMain.groovy)
com.kms.katalon.core.webui.keyword.internal.WebUIKeywordMain.runKeyword(WebUIKeywordMain.groovy:41)
com.kms.katalon.core.webui.keyword.internal.WebUIKeywordMain.runKeywordUntilTimeout(WebUIKeywordMain.groovy:133)
com.kms.katalon.core.webui.keyword.builtin.EnhancedClickKeyword.click(EnhancedClickKeyword.groovy:95)
com.kms.katalon.core.webui.keyword.builtin.EnhancedClickKeyword.execute(EnhancedClickKeyword.groovy:41)
com.kms.katalon.core.keyword.internal.KeywordExecutor.executeKeywordForPlatform(KeywordExecutor.groovy:90)
com.kms.katalon.core.webui.keyword.WebUiBuiltInKeywords.enhancedClick(WebUiBuiltInKeywords.groovy:747)
TC3-Transfer Balance Between Accounts and Logout.run(TC3-Transfer Balance Between Accounts and Logout:33)
</property>
</record>
<record>
  <date>2026-01-06T15:27:54.504872Z</date>
  <millis>1767713274504</millis>
  <nanos>872000</nanos>
  <sequence>1038</sequence>
  <level>END</level>
  <class>com.kms.katalon.core.logging.XmlKeywordLogger</class>
  <method>endKeyword</method>
  <thread>1</thread>
  <message>End action : enhancedClick(findTestObject(&amp;quot;AI-Generated/Katalian Banking Production/Page_transfer/button_confirmTransfer&amp;quot;))</message>
  <nestedLevel>1</nestedLevel>
  <escapedJava>false</escapedJava>
</record>
<record>
  <date>2026-01-06T15:27:54.504979Z</date>
  <millis>1767713274504</millis>
  <nanos>979000</nanos>
  <sequence>1039</sequence>
  <level>START</level>
  <class>com.kms.katalon.core.logging.XmlKeywordLogger</class>
  <method>startKeyword</method>
  <thread>1</thread>
  <message>Start action : enhancedClick(findTestObject(&amp;quot;AI-Generated/Katalian Banking Production/Page_dashboard/button_logout&amp;quot;))</message>
  <nestedLevel>1</nestedLevel>
  <escapedJava>false</escapedJava>
  <property name="startLine">39</property>
  <property name="stepIndex">7</property>
  <property name="description">Step 5: Click on button logout -&gt; Navigate to page &apos;&apos;</property>
</record>
<record>
  <date>2026-01-06T15:27:54.535751Z</date>
  <millis>1767713274535</millis>
  <nanos>751000</nanos>
  <sequence>1051</sequence>
  <level>PASSED</level>
  <class>com.kms.katalon.core.logging.XmlKeywordLogger</class>
  <method>logMessage</method>
  <thread>1</thread>
  <message>Object: &amp;apos;Object Repository/AI-Generated/Katalian Banking Production/Page_dashboard/button_logout&amp;apos; is clicked on</message>
  <nestedLevel>1</nestedLevel>
  <escapedJava>false</escapedJava>
  <property name="testops-method-name">com.kms.katalon.core.webui.keyword.internal.WebUIKeywordMain.runKeywordUntilTimeout</property>
  <property name="testops-execution-stacktrace">com.kms.katalon.core.logging.KeywordLogger.logPassed(KeywordLogger.java:332)
com.kms.katalon.core.logging.KeywordLogger.logPassed(KeywordLogger.java:327)
com.kms.katalon.core.webui.keyword.builtin.EnhancedClickKeyword$_click_closure1$_closure5.doCall(EnhancedClickKeyword.groovy:88)
java.base/jdk.internal.reflect.NativeMethodAccessorImpl.invoke0(Native Method)
java.base/jdk.internal.reflect.NativeMethodAccessorImpl.invoke(NativeMethodAccessorImpl.java:77)
java.base/jdk.internal.reflect.DelegatingMethodAccessorImpl.invoke(DelegatingMethodAccessorImpl.java:43)
jdk.proxy2/jdk.proxy2.$Proxy54.accept(Unknown Source)
com.kms.katalon.core.trymonad.Success.onSuccess(Try.java:263)
com.kms.katalon.core.webui.keyword.builtin.EnhancedClickKeyword$_click_closure1.doCall(EnhancedClickKeyword.groovy:71)
jdk.internal.reflect.GeneratedMethodAccessor45.invoke(Unknown Source)
java.base/jdk.internal.reflect.DelegatingMethodAccessorImpl.invoke(DelegatingMethodAccessorImpl.java:43)
jdk.proxy2/jdk.proxy2.$Proxy51.execute(Unknown Source)
com.kms.katalon.core.webui.model.SeleniumActionRetryController.performAction(SeleniumActionRetryController.java:96)
com.kms.katalon.core.webui.model.SeleniumActionRetryController.performAction(SeleniumActionRetryController.java:83)
com.kms.katalon.core.webui.keyword.internal.WebUIKeywordMain$_runKeywordUntilTimeout_closure1.doCall(WebUIKeywordMain.groovy:135)
com.kms.katalon.core.webui.keyword.internal.WebUIKeywordMain$_runKeywordUntilTimeout_closure1.call(WebUIKeywordMain.groovy)
com.kms.katalon.core.webui.keyword.internal.WebUIKeywordMain.runKeyword(WebUIKeywordMain.groovy:41)
com.kms.katalon.core.webui.keyword.internal.WebUIKeywordMain.runKeywordUntilTimeout(WebUIKeywordMain.groovy:133)
com.kms.katalon.core.webui.keyword.builtin.EnhancedClickKeyword.click(EnhancedClickKeyword.groovy:95)
com.kms.katalon.core.webui.keyword.builtin.EnhancedClickKeyword.execute(EnhancedClickKeyword.groovy:41)
com.kms.katalon.core.keyword.internal.KeywordExecutor.executeKeywordForPlatform(KeywordExecutor.groovy:90)
com.kms.katalon.core.webui.keyword.WebUiBuiltInKeywords.enhancedClick(WebUiBuiltInKeywords.groovy:747)
TC3-Transfer Balance Between Accounts and Logout.run(TC3-Transfer Balance Between Accounts and Logout:39)
</property>
</record>
<record>
  <date>2026-01-06T15:27:54.536581Z</date>
  <millis>1767713274536</millis>
  <nanos>581000</nanos>
  <sequence>1052</sequence>
  <level>END</level>
  <class>com.kms.katalon.core.logging.XmlKeywordLogger</class>
  <method>endKeyword</method>
  <thread>1</thread>
  <message>End action : enhancedClick(findTestObject(&amp;quot;AI-Generated/Katalian Banking Production/Page_dashboard/button_logout&amp;quot;))</message>
  <nestedLevel>1</nestedLevel>
  <escapedJava>false</escapedJava>
</record>
<record>
  <date>2026-01-06T15:27:54.536648Z</date>
  <millis>1767713274536</millis>
  <nanos>648000</nanos>
  <sequence>1053</sequence>
  <level>START</level>
  <class>com.kms.katalon.core.logging.XmlKeywordLogger</class>
  <method>startKeyword</method>
  <thread>1</thread>
  <message>Start action : takeFullPageScreenshotAsCheckpoint(&amp;quot;TC3-Transfer Balance Between Accounts and Logout_visual_checkpoint&amp;quot;)</message>
  <nestedLevel>1</nestedLevel>
  <escapedJava>false</escapedJava>
  <property name="startLine">45</property>
  <property name="stepIndex">8</property>
  <property name="description">Step 6: Take full page screenshot as checkpoint</property>
</record>
<record>
  <date>2026-01-06T15:27:54.662015Z</date>
  <millis>1767713274662</millis>
  <nanos>15000</nanos>
  <sequence>1055</sequence>
  <level>INFO</level>
  <class>com.kms.katalon.core.logging.XmlKeywordLogger</class>
  <method>logMessage</method>
  <thread>1</thread>
  <message>0 hidden object(s)</message>
  <nestedLevel>1</nestedLevel>
  <escapedJava>false</escapedJava>
</record>
<record>
  <date>2026-01-06T15:27:54.751032Z</date>
  <millis>1767713274751</millis>
  <nanos>32000</nanos>
  <sequence>1056</sequence>
  <level>PASSED</level>
  <class>com.kms.katalon.core.logging.XmlKeywordLogger</class>
  <method>logMessage</method>
  <thread>1</thread>
  <message>Taking screenshot successfully</message>
  <nestedLevel>1</nestedLevel>
  <escapedJava>false</escapedJava>
  <property name="attachment">keyes/keyes-TC3-Transfer Balance Between Accounts and Logout_visual_checkpoint.png</property>
  <property name="testops-method-name">com.kms.katalon.core.webui.keyword.builtin.TakeFullPageScreenshotKeyword.takeScreenshot</property>
  <property name="testops-execution-stacktrace"></property>
</record>
<record>
  <date>2026-01-06T15:27:54.751179Z</date>
  <millis>1767713274751</millis>
  <nanos>179000</nanos>
  <sequence>1057</sequence>
  <level>END</level>
  <class>com.kms.katalon.core.logging.XmlKeywordLogger</class>
  <method>endKeyword</method>
  <thread>1</thread>
  <message>End action : takeFullPageScreenshotAsCheckpoint(&amp;quot;TC3-Transfer Balance Between Accounts and Logout_visual_checkpoint&amp;quot;)</message>
  <nestedLevel>1</nestedLevel>
  <escapedJava>false</escapedJava>
</record>
<record>
  <date>2026-01-06T15:27:54.751233Z</date>
  <millis>1767713274751</millis>
  <nanos>233000</nanos>
  <sequence>1059</sequence>
  <level>START</level>
  <class>com.kms.katalon.core.logging.XmlKeywordLogger</class>
  <method>startKeyword</method>
  <thread>1</thread>
  <message>Start tear down : teardown</message>
  <nestedLevel>1</nestedLevel>
  <escapedJava>false</escapedJava>
  <property name="stepIndex">1</property>
  <property name="isIgnoredIfFailed">true</property>
</record>
<record>
  <date>2026-01-06T15:27:54.751656Z</date>
  <millis>1767713274751</millis>
  <nanos>656000</nanos>
  <sequence>1060</sequence>
  <level>START</level>
  <class>com.kms.katalon.core.logging.XmlKeywordLogger</class>
  <method>startKeyword</method>
  <thread>1</thread>
  <message>Start action : closeBrowser()</message>
  <nestedLevel>1</nestedLevel>
  <escapedJava>false</escapedJava>
  <property name="startLine">51</property>
  <property name="stepIndex">1</property>
</record>
<record>
  <date>2026-01-06T15:27:54.830182Z</date>
  <millis>1767713274830</millis>
  <nanos>182000</nanos>
  <sequence>1063</sequence>
  <level>PASSED</level>
  <class>com.kms.katalon.core.logging.XmlKeywordLogger</class>
  <method>logMessage</method>
  <thread>1</thread>
  <message>Browser is closed</message>
  <nestedLevel>1</nestedLevel>
  <escapedJava>false</escapedJava>
</record>
<record>
  <date>2026-01-06T15:27:54.830292Z</date>
  <millis>1767713274830</millis>
  <nanos>292000</nanos>
  <sequence>1064</sequence>
  <level>END</level>
  <class>com.kms.katalon.core.logging.XmlKeywordLogger</class>
  <method>endKeyword</method>
  <thread>1</thread>
  <message>End action : closeBrowser()</message>
  <nestedLevel>1</nestedLevel>
  <escapedJava>false</escapedJava>
</record>
<record>
  <date>2026-01-06T15:27:54.830346Z</date>
  <millis>1767713274830</millis>
  <nanos>346000</nanos>
  <sequence>1065</sequence>
  <level>PASSED</level>
  <class>com.kms.katalon.core.logging.XmlKeywordLogger</class>
  <method>logMessage</method>
  <thread>1</thread>
  <message>Method &amp;apos;teardown&amp;apos; complete successfully</message>
  <nestedLevel>1</nestedLevel>
  <escapedJava>false</escapedJava>
</record>
<record>
  <date>2026-01-06T15:27:54.830377Z</date>
  <millis>1767713274830</millis>
  <nanos>377000</nanos>
  <sequence>1066</sequence>
  <level>END</level>
  <class>com.kms.katalon.core.logging.XmlKeywordLogger</class>
  <method>endKeyword</method>
  <thread>1</thread>
  <message>End tear down : teardown</message>
  <nestedLevel>1</nestedLevel>
  <escapedJava>false</escapedJava>
</record>
<record>
  <date>2026-01-06T15:27:54.830410Z</date>
  <millis>1767713274830</millis>
  <nanos>410000</nanos>
  <sequence>1067</sequence>
  <level>PASSED</level>
  <class>com.kms.katalon.core.logging.XmlKeywordLogger</class>
  <method>logMessage</method>
  <thread>1</thread>
  <message>Test Cases/AI-Generated/Katalian Banking Production/TC3-Transfer Balance Between Accounts and Logout</message>
  <nestedLevel>1</nestedLevel>
  <escapedJava>false</escapedJava>
</record>
<record>
  <date>2026-01-06T15:27:54.830485Z</date>
  <millis>1767713274830</millis>
  <nanos>485000</nanos>
  <sequence>1068</sequence>
  <level>START</level>
  <class>com.kms.katalon.core.logging.XmlKeywordLogger</class>
  <method>startKeyword</method>
  <thread>1</thread>
  <message>Start listener action : autoUpdateJobStatus</message>
  <nestedLevel>1</nestedLevel>
  <escapedJava>false</escapedJava>
</record>
<record>
  <date>2026-01-06T15:27:54.830681Z</date>
  <millis>1767713274830</millis>
  <nanos>681000</nanos>
  <sequence>1070</sequence>
  <level>INFO</level>
  <class>com.kms.katalon.core.logging.XmlKeywordLogger</class>
  <method>logMessage</method>
  <thread>1</thread>
  <message>[SAUCELABS] Current run configuration: Chrome</message>
  <nestedLevel>1</nestedLevel>
  <escapedJava>false</escapedJava>
</record>
<record>
  <date>2026-01-06T15:27:54.830725Z</date>
  <millis>1767713274830</millis>
  <nanos>725000</nanos>
  <sequence>1072</sequence>
  <level>END</level>
  <class>com.kms.katalon.core.logging.XmlKeywordLogger</class>
  <method>endKeyword</method>
  <thread>1</thread>
  <message>End listener action : autoUpdateJobStatus</message>
  <nestedLevel>1</nestedLevel>
  <escapedJava>false</escapedJava>
</record>
<record>
  <date>2026-01-06T15:27:54.830931Z</date>
  <millis>1767713274830</millis>
  <nanos>931000</nanos>
  <sequence>1073</sequence>
  <level>END</level>
  <class>com.kms.katalon.core.logging.XmlKeywordLogger</class>
  <method>endTest</method>
  <thread>1</thread>
  <message>End Test Case : Test Cases/AI-Generated/Katalian Banking Production/TC3-Transfer Balance Between Accounts and Logout</message>
  <nestedLevel>0</nestedLevel>
  <escapedJava>false</escapedJava>
  <property name="executionBindingVariables">[
  {
    &quot;value&quot;: &quot;200&quot;,
    &quot;isDefault&quot;: true,
    &quot;name&quot;: &quot;input_amount&quot;,
    &quot;masked&quot;: false
  },
  {
    &quot;value&quot;: &quot;Checking (...7890) - Balance: $5345.54&quot;,
    &quot;isDefault&quot;: true,
    &quot;name&quot;: &quot;select_fromAccount&quot;,
    &quot;masked&quot;: false
  }
]</property>
  <property name="applitools">false</property>
  <property name="remainingRetryCount">0</property>
  <property name="executedKeywords">{
  &quot;WebUI.navigateToUrl&quot;: 1,
  &quot;WebUI.selectOptionByLabel&quot;: 1,
  &quot;BuiltIn.callTestCase&quot;: 1,
  &quot;WebUI.openBrowser&quot;: 1,
  &quot;BuiltIn.delay&quot;: 1,
  &quot;WebUI.verifyElementPresent&quot;: 1,
  &quot;WebUI.closeBrowser&quot;: 1,
  &quot;WebUI.setEncryptedText&quot;: 1,
  &quot;WebUI.verifyOptionSelectedByLabel&quot;: 1,
  &quot;WebUI.click&quot;: 1,
  &quot;WebUI.setViewPortSize&quot;: 1,
  &quot;WebUI.enhancedClick&quot;: 5,
  &quot;WebUI.takeFullPageScreenshot&quot;: 1,
  &quot;WebUI.setText&quot;: 2
}</property>
  <property name="currentRetryCount">3</property>
  <property name="keywordsUsage">{
  &quot;web_ui&quot;: true,
  &quot;web_service&quot;: false,
  &quot;cucumber&quot;: false,
  &quot;builtin&quot;: true,
  &quot;mobile&quot;: false,
  &quot;windows&quot;: false,
  &quot;testng&quot;: false
}</property>
</record>
<record>
  <date>2026-01-06T15:27:54.832110Z</date>
  <millis>1767713274832</millis>
  <nanos>110000</nanos>
  <sequence>1074</sequence>
  <level>START</level>
  <class>com.kms.katalon.core.logging.XmlKeywordLogger</class>
  <method>startTest</method>
  <thread>1</thread>
  <message>Start Test Case : Test Cases/AI-Generated/Katalian Banking Production/TC5-Transfer Balance and Logout from Dashboard</message>
  <nestedLevel>1</nestedLevel>
  <escapedJava>false</escapedJava>
  <property name="remainingRetryCount">3</property>
  <property name="origin">TRUETEST</property>
  <property name="name">Test Cases/AI-Generated/Katalian Banking Production/TC5-Transfer Balance and Logout from Dashboard</property>
  <property name="description">Login to the application, transfer balance, confirm the transfer, logout, and verify the home page.</property>
  <property name="iteration"></property>
  <property name="id">Test Cases/AI-Generated/Katalian Banking Production/TC5-Transfer Balance and Logout from Dashboard</property>
  <property name="source">\Users\gia\Downloads\Katalian_Banking_2.0-main\Test Cases\AI-Generated\Katalian Banking Production\TC5-Transfer Balance and Logout from Dashboard.tc</property>
  <property name="tag"></property>
  <property name="isOptional">false</property>
  <property name="currentRetryCount">0</property>
</record>
<record>
  <date>2026-01-06T15:27:54.840138Z</date>
  <millis>1767713274840</millis>
  <nanos>138000</nanos>
  <sequence>1076</sequence>
  <level>INFO</level>
  <class>com.kms.katalon.core.logging.XmlKeywordLogger</class>
  <method>logMessage</method>
  <thread>1</thread>
  <message>(Default) input_amount = 5000</message>
  <nestedLevel>1</nestedLevel>
  <escapedJava>false</escapedJava>
</record>
<record>
  <date>2026-01-06T15:27:54.840328Z</date>
  <millis>1767713274840</millis>
  <nanos>328000</nanos>
  <sequence>1077</sequence>
  <level>START</level>
  <class>com.kms.katalon.core.logging.XmlKeywordLogger</class>
  <method>startKeyword</method>
  <thread>1</thread>
  <message>Start listener action : enableSauceLabs</message>
  <nestedLevel>1</nestedLevel>
  <escapedJava>false</escapedJava>
</record>
<record>
  <date>2026-01-06T15:27:54.840440Z</date>
  <millis>1767713274840</millis>
  <nanos>440000</nanos>
  <sequence>1079</sequence>
  <level>INFO</level>
  <class>com.kms.katalon.core.logging.XmlKeywordLogger</class>
  <method>logMessage</method>
  <thread>1</thread>
  <message>[SAUCELABS] Current run configuration: Chrome</message>
  <nestedLevel>1</nestedLevel>
  <escapedJava>false</escapedJava>
</record>
<record>
  <date>2026-01-06T15:27:54.840486Z</date>
  <millis>1767713274840</millis>
  <nanos>486000</nanos>
  <sequence>1080</sequence>
  <level>INFO</level>
  <class>com.kms.katalon.core.logging.XmlKeywordLogger</class>
  <method>logMessage</method>
  <thread>1</thread>
  <message>[SAUCELABS] Saucelabs Plugin will not attempt to auto update job status and information !</message>
  <nestedLevel>1</nestedLevel>
  <escapedJava>false</escapedJava>
</record>
<record>
  <date>2026-01-06T15:27:54.840514Z</date>
  <millis>1767713274840</millis>
  <nanos>514000</nanos>
  <sequence>1082</sequence>
  <level>END</level>
  <class>com.kms.katalon.core.logging.XmlKeywordLogger</class>
  <method>endKeyword</method>
  <thread>1</thread>
  <message>End listener action : enableSauceLabs</message>
  <nestedLevel>1</nestedLevel>
  <escapedJava>false</escapedJava>
</record>
<record>
  <date>2026-01-06T15:27:54.840561Z</date>
  <millis>1767713274840</millis>
  <nanos>561000</nanos>
  <sequence>1084</sequence>
  <level>START</level>
  <class>com.kms.katalon.core.logging.XmlKeywordLogger</class>
  <method>startKeyword</method>
  <thread>1</thread>
  <message>Start setup action : setup</message>
  <nestedLevel>1</nestedLevel>
  <escapedJava>false</escapedJava>
  <property name="stepIndex">1</property>
</record>
<record>
  <date>2026-01-06T15:27:54.862364Z</date>
  <millis>1767713274862</millis>
  <nanos>364000</nanos>
  <sequence>1085</sequence>
  <level>START</level>
  <class>com.kms.katalon.core.logging.XmlKeywordLogger</class>
  <method>startKeyword</method>
  <thread>1</thread>
  <message>Start action : openBrowser(&amp;quot;&amp;quot;)</message>
  <nestedLevel>1</nestedLevel>
  <escapedJava>false</escapedJava>
  <property name="startLine">13</property>
  <property name="stepIndex">1</property>
</record>
<record>
  <date>2026-01-06T15:27:54.863795Z</date>
  <millis>1767713274863</millis>
  <nanos>795000</nanos>
  <sequence>1088</sequence>
  <level>INFO</level>
  <class>com.kms.katalon.core.logging.XmlKeywordLogger</class>
  <method>logMessage</method>
  <thread>1</thread>
  <message>Starting &amp;apos;Chrome&amp;apos; driver</message>
  <nestedLevel>1</nestedLevel>
  <escapedJava>false</escapedJava>
</record>
<record>
  <date>2026-01-06T15:27:54.864167Z</date>
  <millis>1767713274864</millis>
  <nanos>167000</nanos>
  <sequence>1089</sequence>
  <level>INFO</level>
  <class>com.kms.katalon.core.logging.XmlKeywordLogger</class>
  <method>logMessage</method>
  <thread>1</thread>
  <message>Action delay is set to 0 milliseconds</message>
  <nestedLevel>1</nestedLevel>
  <escapedJava>false</escapedJava>
</record>
<record>
  <date>2026-01-06T15:27:55.914085Z</date>
  <millis>1767713275914</millis>
  <nanos>85000</nanos>
  <sequence>1092</sequence>
  <level>RUN_DATA</level>
  <class>com.kms.katalon.core.logging.XmlKeywordLogger</class>
  <method>logMessage</method>
  <thread>1</thread>
  <message>sessionId = 049bc4334558390a56414d8242c12902</message>
  <nestedLevel>1</nestedLevel>
  <escapedJava>false</escapedJava>
  <property name="sessionId">049bc4334558390a56414d8242c12902</property>
</record>
<record>
  <date>2026-01-06T15:27:55.914479Z</date>
  <millis>1767713275914</millis>
  <nanos>479000</nanos>
  <sequence>1093</sequence>
  <level>RUN_DATA</level>
  <class>com.kms.katalon.core.logging.XmlKeywordLogger</class>
  <method>logMessage</method>
  <thread>1</thread>
  <message>browser = Chrome 143.0.7499.147</message>
  <nestedLevel>1</nestedLevel>
  <escapedJava>false</escapedJava>
  <property name="browser">Chrome 143.0.7499.147</property>
</record>
<record>
  <date>2026-01-06T15:27:55.914697Z</date>
  <millis>1767713275914</millis>
  <nanos>697000</nanos>
  <sequence>1094</sequence>
  <level>RUN_DATA</level>
  <class>com.kms.katalon.core.logging.XmlKeywordLogger</class>
  <method>logMessage</method>
  <thread>1</thread>
  <message>platform = Mac OS X</message>
  <nestedLevel>1</nestedLevel>
  <escapedJava>false</escapedJava>
  <property name="platform">Mac OS X</property>
</record>
<record>
  <date>2026-01-06T15:27:55.914874Z</date>
  <millis>1767713275914</millis>
  <nanos>874000</nanos>
  <sequence>1095</sequence>
  <level>RUN_DATA</level>
  <class>com.kms.katalon.core.logging.XmlKeywordLogger</class>
  <method>logMessage</method>
  <thread>1</thread>
  <message>seleniumVersion = 4.34.0</message>
  <nestedLevel>1</nestedLevel>
  <escapedJava>false</escapedJava>
  <property name="seleniumVersion">4.34.0</property>
</record>
<record>
  <date>2026-01-06T15:27:55.915189Z</date>
  <millis>1767713275915</millis>
  <nanos>189000</nanos>
  <sequence>1096</sequence>
  <level>RUN_DATA</level>
  <class>com.kms.katalon.core.logging.XmlKeywordLogger</class>
  <method>logMessage</method>
  <thread>1</thread>
  <message>proxyInformation = ProxyInformation { proxyOption=NO_PROXY, proxyServerType=HTTP, username=, password=********, proxyServerAddress=, proxyServerPort=0, executionList=&amp;quot;&amp;quot;, isApplyToDesiredCapabilities=true }</message>
  <nestedLevel>1</nestedLevel>
  <escapedJava>false</escapedJava>
  <property name="proxyInformation">ProxyInformation { proxyOption=NO_PROXY, proxyServerType=HTTP, username=, password=********, proxyServerAddress=, proxyServerPort=0, executionList=&quot;&quot;, isApplyToDesiredCapabilities=true }</property>
</record>
<record>
  <date>2026-01-06T15:27:55.919392Z</date>
  <millis>1767713275919</millis>
  <nanos>392000</nanos>
  <sequence>1097</sequence>
  <level>PASSED</level>
  <class>com.kms.katalon.core.logging.XmlKeywordLogger</class>
  <method>logMessage</method>
  <thread>1</thread>
  <message>Browser is opened with url: &amp;apos;&amp;apos;</message>
  <nestedLevel>1</nestedLevel>
  <escapedJava>false</escapedJava>
  <property name="testops-method-name">com.kms.katalon.core.webui.keyword.builtin.OpenBrowserKeyword.openBrowser</property>
  <property name="testops-execution-stacktrace"></property>
</record>
<record>
  <date>2026-01-06T15:27:55.919875Z</date>
  <millis>1767713275919</millis>
  <nanos>875000</nanos>
  <sequence>1098</sequence>
  <level>END</level>
  <class>com.kms.katalon.core.logging.XmlKeywordLogger</class>
  <method>endKeyword</method>
  <thread>1</thread>
  <message>End action : openBrowser(&amp;quot;&amp;quot;)</message>
  <nestedLevel>1</nestedLevel>
  <escapedJava>false</escapedJava>
</record>
<record>
  <date>2026-01-06T15:27:55.919928Z</date>
  <millis>1767713275919</millis>
  <nanos>928000</nanos>
  <sequence>1099</sequence>
  <level>START</level>
  <class>com.kms.katalon.core.logging.XmlKeywordLogger</class>
  <method>startKeyword</method>
  <thread>1</thread>
  <message>Start action : setViewPortSize(1512, 823)</message>
  <nestedLevel>1</nestedLevel>
  <escapedJava>false</escapedJava>
  <property name="startLine">14</property>
  <property name="stepIndex">2</property>
</record>
<record>
  <date>2026-01-06T15:27:56.270574Z</date>
  <millis>1767713276270</millis>
  <nanos>574000</nanos>
  <sequence>1103</sequence>
  <level>INFO</level>
  <class>com.kms.katalon.core.logging.XmlKeywordLogger</class>
  <method>logMessage</method>
  <thread>1</thread>
  <message>Viewport size mismatch (1,512x746). Trying to set it again.</message>
  <nestedLevel>1</nestedLevel>
  <escapedJava>false</escapedJava>
</record>
<record>
  <date>2026-01-06T15:27:57.244853Z</date>
  <millis>1767713277244</millis>
  <nanos>853000</nanos>
  <sequence>1104</sequence>
  <level>WARNING</level>
  <class>com.kms.katalon.core.logging.XmlKeywordLogger</class>
  <method>logMessage</method>
  <thread>1</thread>
  <message>Viewport size mismatch (1512x1512).</message>
  <nestedLevel>1</nestedLevel>
  <escapedJava>false</escapedJava>
</record>
<record>
  <date>2026-01-06T15:27:57.245037Z</date>
  <millis>1767713277245</millis>
  <nanos>37000</nanos>
  <sequence>1105</sequence>
  <level>END</level>
  <class>com.kms.katalon.core.logging.XmlKeywordLogger</class>
  <method>endKeyword</method>
  <thread>1</thread>
  <message>End action : setViewPortSize(1512, 823)</message>
  <nestedLevel>1</nestedLevel>
  <escapedJava>false</escapedJava>
</record>
<record>
  <date>2026-01-06T15:27:57.245192Z</date>
  <millis>1767713277245</millis>
  <nanos>192000</nanos>
  <sequence>1107</sequence>
  <level>PASSED</level>
  <class>com.kms.katalon.core.logging.XmlKeywordLogger</class>
  <method>logMessage</method>
  <thread>1</thread>
  <message>Method &amp;apos;setup&amp;apos; complete successfully</message>
  <nestedLevel>1</nestedLevel>
  <escapedJava>false</escapedJava>
  <property name="testops-execution-stacktrace">com.kms.katalon.core.logging.KeywordLogger.logPassed(KeywordLogger.java:332)
com.kms.katalon.core.logging.KeywordLogger.logPassed(KeywordLogger.java:346)
com.kms.katalon.core.main.TestCaseExecutor.runMethod(TestCaseExecutor.java:639)
com.kms.katalon.core.main.TestCaseExecutor.internallyRunMethods(TestCaseExecutor.java:622)
com.kms.katalon.core.main.TestCaseExecutor.processSetupPhase(TestCaseExecutor.java:234)
com.kms.katalon.core.main.TestCaseExecutor.accessMainPhase(TestCaseExecutor.java:448)
com.kms.katalon.core.main.TestCaseExecutor.execute(TestCaseExecutor.java:322)
com.kms.katalon.core.common.CommonExecutor.accessTestCaseMainPhase(CommonExecutor.java:71)
com.kms.katalon.core.main.TestSuiteExecutor.accessTestSuiteMainPhase(TestSuiteExecutor.java:153)
com.kms.katalon.core.main.TestSuiteExecutor.execute(TestSuiteExecutor.java:110)
com.kms.katalon.core.main.TestCaseMain.startTestSuite(TestCaseMain.java:205)
TempTestSuite1767713198027.run(TempTestSuite1767713198027.groovy:35)
java.base/jdk.internal.reflect.NativeMethodAccessorImpl.invoke0(Native Method)
java.base/jdk.internal.reflect.NativeMethodAccessorImpl.invoke(NativeMethodAccessorImpl.java:77)
java.base/jdk.internal.reflect.DelegatingMethodAccessorImpl.invoke(DelegatingMethodAccessorImpl.java:43)
</property>
</record>
<record>
  <date>2026-01-06T15:27:57.245262Z</date>
  <millis>1767713277245</millis>
  <nanos>262000</nanos>
  <sequence>1108</sequence>
  <level>END</level>
  <class>com.kms.katalon.core.logging.XmlKeywordLogger</class>
  <method>endKeyword</method>
  <thread>1</thread>
  <message>End setup action : setup</message>
  <nestedLevel>1</nestedLevel>
  <escapedJava>false</escapedJava>
</record>
<record>
  <date>2026-01-06T15:27:57.246068Z</date>
  <millis>1767713277246</millis>
  <nanos>68000</nanos>
  <sequence>1109</sequence>
  <level>START</level>
  <class>com.kms.katalon.core.logging.XmlKeywordLogger</class>
  <method>startKeyword</method>
  <thread>1</thread>
  <message>Start action : reportLocation = getReportFolder()</message>
  <nestedLevel>1</nestedLevel>
  <escapedJava>false</escapedJava>
  <property name="startLine">7</property>
  <property name="stepIndex">1</property>
</record>
<record>
  <date>2026-01-06T15:27:57.246335Z</date>
  <millis>1767713277246</millis>
  <nanos>335000</nanos>
  <sequence>1110</sequence>
  <level>END</level>
  <class>com.kms.katalon.core.logging.XmlKeywordLogger</class>
  <method>endKeyword</method>
  <thread>1</thread>
  <message>End action : reportLocation = getReportFolder()</message>
  <nestedLevel>1</nestedLevel>
  <escapedJava>false</escapedJava>
</record>
<record>
  <date>2026-01-06T15:27:57.246365Z</date>
  <millis>1767713277246</millis>
  <nanos>365000</nanos>
  <sequence>1111</sequence>
  <level>START</level>
  <class>com.kms.katalon.core.logging.XmlKeywordLogger</class>
  <method>startKeyword</method>
  <thread>1</thread>
  <message>Start action : &amp;quot;Initialize test session: Open browser and set view port&amp;quot;</message>
  <nestedLevel>1</nestedLevel>
  <escapedJava>false</escapedJava>
  <property name="startLine">9</property>
  <property name="stepIndex">2</property>
</record>
<record>
  <date>2026-01-06T15:27:57.246626Z</date>
  <millis>1767713277246</millis>
  <nanos>626000</nanos>
  <sequence>1112</sequence>
  <level>END</level>
  <class>com.kms.katalon.core.logging.XmlKeywordLogger</class>
  <method>endKeyword</method>
  <thread>1</thread>
  <message>End action : &amp;quot;Initialize test session: Open browser and set view port&amp;quot;</message>
  <nestedLevel>1</nestedLevel>
  <escapedJava>false</escapedJava>
</record>
<record>
  <date>2026-01-06T15:27:57.246649Z</date>
  <millis>1767713277246</millis>
  <nanos>649000</nanos>
  <sequence>1113</sequence>
  <level>START</level>
  <class>com.kms.katalon.core.logging.XmlKeywordLogger</class>
  <method>startKeyword</method>
  <thread>1</thread>
  <message>Start action : TrueTestScripts.navigate(&amp;quot;&amp;quot;)</message>
  <nestedLevel>1</nestedLevel>
  <escapedJava>false</escapedJava>
  <property name="startLine">20</property>
  <property name="stepIndex">3</property>
  <property name="description">Step 1: Navigate to /login</property>
</record>
<record>
  <date>2026-01-06T15:27:57.618127Z</date>
  <millis>1767713277618</millis>
  <nanos>127000</nanos>
  <sequence>1117</sequence>
  <level>PASSED</level>
  <class>com.kms.katalon.core.logging.XmlKeywordLogger</class>
  <method>logMessage</method>
  <thread>1</thread>
  <message>Navigate to &amp;apos;https://katalian-banking.vercel.app/&amp;apos; successfully</message>
  <nestedLevel>1</nestedLevel>
  <escapedJava>false</escapedJava>
  <property name="testops-method-name">com.kms.katalon.core.webui.keyword.builtin.NavigateToUrlKeyword.navigateToUrl</property>
  <property name="testops-execution-stacktrace"></property>
</record>
<record>
  <date>2026-01-06T15:28:00.622985Z</date>
  <millis>1767713280622</millis>
  <nanos>985000</nanos>
  <sequence>1120</sequence>
  <level>PASSED</level>
  <class>com.kms.katalon.core.logging.XmlKeywordLogger</class>
  <method>logMessage</method>
  <thread>1</thread>
  <message>Delayed 3 second(s)</message>
  <nestedLevel>1</nestedLevel>
  <escapedJava>false</escapedJava>
  <property name="testops-method-name">com.kms.katalon.core.keyword.builtin.DelayKeyword.delay</property>
  <property name="testops-execution-stacktrace"></property>
</record>
<record>
  <date>2026-01-06T15:28:00.623720Z</date>
  <millis>1767713280623</millis>
  <nanos>720000</nanos>
  <sequence>1121</sequence>
  <level>END</level>
  <class>com.kms.katalon.core.logging.XmlKeywordLogger</class>
  <method>endKeyword</method>
  <thread>1</thread>
  <message>End action : TrueTestScripts.navigate(&amp;quot;&amp;quot;)</message>
  <nestedLevel>1</nestedLevel>
  <escapedJava>false</escapedJava>
</record>
<record>
  <date>2026-01-06T15:28:00.623772Z</date>
  <millis>1767713280623</millis>
  <nanos>772000</nanos>
  <sequence>1122</sequence>
  <level>START</level>
  <class>com.kms.katalon.core.logging.XmlKeywordLogger</class>
  <method>startKeyword</method>
  <thread>1</thread>
  <message>Start action : TrueTestScripts.login()</message>
  <nestedLevel>1</nestedLevel>
  <escapedJava>false</escapedJava>
  <property name="startLine">24</property>
  <property name="stepIndex">4</property>
  <property name="description">Step 2: Login into Application</property>
</record>
<record>
  <date>2026-01-06T15:28:00.679956Z</date>
  <millis>1767713280679</millis>
  <nanos>956000</nanos>
  <sequence>1126</sequence>
  <level>START</level>
  <class>com.kms.katalon.core.logging.XmlKeywordLogger</class>
  <method>startTest</method>
  <thread>1</thread>
  <message>Start Test Case : Test Cases/Login</message>
  <nestedLevel>2</nestedLevel>
  <escapedJava>false</escapedJava>
  <property name="origin"></property>
  <property name="name">Test Cases/Login</property>
  <property name="description"></property>
  <property name="iteration"></property>
  <property name="id">Test Cases/Login</property>
  <property name="source">\Users\gia\Downloads\Katalian_Banking_2.0-main\Test Cases\Login.tc</property>
  <property name="tag"></property>
  <property name="isOptional">false</property>
</record>
<record>
  <date>2026-01-06T15:28:00.683854Z</date>
  <millis>1767713280683</millis>
  <nanos>854000</nanos>
  <sequence>1128</sequence>
  <level>START</level>
  <class>com.kms.katalon.core.logging.XmlKeywordLogger</class>
  <method>startKeyword</method>
  <thread>1</thread>
  <message>Start action : setText(findTestObject(&amp;quot;Object Repository/Page_Katalian Bank/input_Username_username&amp;quot;), &amp;quot;bankinguser123&amp;quot;)</message>
  <nestedLevel>1</nestedLevel>
  <escapedJava>false</escapedJava>
  <property name="startLine">20</property>
  <property name="stepIndex">1</property>
</record>
<record>
  <date>2026-01-06T15:28:01.208217Z</date>
  <millis>1767713281208</millis>
  <nanos>217000</nanos>
  <sequence>1142</sequence>
  <level>PASSED</level>
  <class>com.kms.katalon.core.logging.XmlKeywordLogger</class>
  <method>logMessage</method>
  <thread>1</thread>
  <message>Text &amp;apos;bankinguser123&amp;apos; is set on object &amp;apos;Object Repository/Page_Katalian Bank/input_Username_username&amp;apos;</message>
  <nestedLevel>2</nestedLevel>
  <escapedJava>false</escapedJava>
  <property name="testops-method-name">com.kms.katalon.core.webui.keyword.internal.WebUIKeywordMain.runKeywordUntilTimeout</property>
  <property name="testops-execution-stacktrace">com.kms.katalon.core.logging.KeywordLogger.logPassed(KeywordLogger.java:332)
com.kms.katalon.core.logging.KeywordLogger.logPassed(KeywordLogger.java:327)
com.kms.katalon.core.webui.keyword.builtin.SetTextKeyword$_setText_closure1.doCall(SetTextKeyword.groovy:99)
java.base/jdk.internal.reflect.NativeMethodAccessorImpl.invoke0(Native Method)
java.base/jdk.internal.reflect.NativeMethodAccessorImpl.invoke(NativeMethodAccessorImpl.java:77)
java.base/jdk.internal.reflect.DelegatingMethodAccessorImpl.invoke(DelegatingMethodAccessorImpl.java:43)
jdk.proxy2/jdk.proxy2.$Proxy51.execute(Unknown Source)
com.kms.katalon.core.webui.model.SeleniumActionRetryController.performAction(SeleniumActionRetryController.java:96)
com.kms.katalon.core.webui.model.SeleniumActionRetryController.performAction(SeleniumActionRetryController.java:83)
com.kms.katalon.core.webui.keyword.internal.WebUIKeywordMain$_runKeywordUntilTimeout_closure1.doCall(WebUIKeywordMain.groovy:135)
com.kms.katalon.core.webui.keyword.internal.WebUIKeywordMain$_runKeywordUntilTimeout_closure1.call(WebUIKeywordMain.groovy)
com.kms.katalon.core.webui.keyword.internal.WebUIKeywordMain.runKeyword(WebUIKeywordMain.groovy:41)
com.kms.katalon.core.webui.keyword.internal.WebUIKeywordMain.runKeywordUntilTimeout(WebUIKeywordMain.groovy:133)
com.kms.katalon.core.webui.keyword.builtin.SetTextKeyword.setText(SetTextKeyword.groovy:106)
com.kms.katalon.core.webui.keyword.builtin.SetTextKeyword.execute(SetTextKeyword.groovy:49)
com.kms.katalon.core.keyword.internal.KeywordExecutor.executeKeywordForPlatform(KeywordExecutor.groovy:90)
com.kms.katalon.core.webui.keyword.WebUiBuiltInKeywords.setText(WebUiBuiltInKeywords.groovy:1081)
Login.run(Login:20)
</property>
</record>
<record>
  <date>2026-01-06T15:28:01.208655Z</date>
  <millis>1767713281208</millis>
  <nanos>655000</nanos>
  <sequence>1143</sequence>
  <level>END</level>
  <class>com.kms.katalon.core.logging.XmlKeywordLogger</class>
  <method>endKeyword</method>
  <thread>1</thread>
  <message>End action : setText(findTestObject(&amp;quot;Object Repository/Page_Katalian Bank/input_Username_username&amp;quot;), &amp;quot;bankinguser123&amp;quot;)</message>
  <nestedLevel>1</nestedLevel>
  <escapedJava>false</escapedJava>
</record>
<record>
  <date>2026-01-06T15:28:01.208723Z</date>
  <millis>1767713281208</millis>
  <nanos>723000</nanos>
  <sequence>1144</sequence>
  <level>START</level>
  <class>com.kms.katalon.core.logging.XmlKeywordLogger</class>
  <method>startKeyword</method>
  <thread>1</thread>
  <message>Start action : setEncryptedText(findTestObject(&amp;quot;Object Repository/Page_Katalian Bank/input_Password_password&amp;quot;), &amp;quot;CS9RmWxFPRFoMJc95WUBEN4WG8mxfTJo&amp;quot;)</message>
  <nestedLevel>1</nestedLevel>
  <escapedJava>false</escapedJava>
  <property name="startLine">22</property>
  <property name="stepIndex">2</property>
</record>
<record>
  <date>2026-01-06T15:28:01.455078Z</date>
  <millis>1767713281455</millis>
  <nanos>78000</nanos>
  <sequence>1157</sequence>
  <level>PASSED</level>
  <class>com.kms.katalon.core.logging.XmlKeywordLogger</class>
  <method>logMessage</method>
  <thread>1</thread>
  <message>Text ****** has been set on object &amp;apos;Object Repository/Page_Katalian Bank/input_Password_password&amp;apos;</message>
  <nestedLevel>2</nestedLevel>
  <escapedJava>false</escapedJava>
  <property name="testops-method-name">com.kms.katalon.core.webui.keyword.internal.WebUIKeywordMain.runKeywordUntilTimeout</property>
  <property name="testops-execution-stacktrace">com.kms.katalon.core.logging.KeywordLogger.logPassed(KeywordLogger.java:332)
com.kms.katalon.core.logging.KeywordLogger.logPassed(KeywordLogger.java:327)
com.kms.katalon.core.webui.keyword.builtin.SetEncryptedTextKeyword$_setEncryptedText_closure1.doCall(SetEncryptedTextKeyword.groovy:82)
java.base/jdk.internal.reflect.NativeMethodAccessorImpl.invoke0(Native Method)
java.base/jdk.internal.reflect.NativeMethodAccessorImpl.invoke(NativeMethodAccessorImpl.java:77)
java.base/jdk.internal.reflect.DelegatingMethodAccessorImpl.invoke(DelegatingMethodAccessorImpl.java:43)
jdk.proxy2/jdk.proxy2.$Proxy51.execute(Unknown Source)
com.kms.katalon.core.webui.model.SeleniumActionRetryController.performAction(SeleniumActionRetryController.java:96)
com.kms.katalon.core.webui.model.SeleniumActionRetryController.performAction(SeleniumActionRetryController.java:83)
com.kms.katalon.core.webui.keyword.internal.WebUIKeywordMain$_runKeywordUntilTimeout_closure1.doCall(WebUIKeywordMain.groovy:135)
com.kms.katalon.core.webui.keyword.internal.WebUIKeywordMain$_runKeywordUntilTimeout_closure1.call(WebUIKeywordMain.groovy)
com.kms.katalon.core.webui.keyword.internal.WebUIKeywordMain.runKeyword(WebUIKeywordMain.groovy:41)
com.kms.katalon.core.webui.keyword.internal.WebUIKeywordMain.runKeywordUntilTimeout(WebUIKeywordMain.groovy:133)
com.kms.katalon.core.webui.keyword.builtin.SetEncryptedTextKeyword.setEncryptedText(SetEncryptedTextKeyword.groovy:88)
com.kms.katalon.core.webui.keyword.builtin.SetEncryptedTextKeyword.execute(SetEncryptedTextKeyword.groovy:48)
com.kms.katalon.core.keyword.internal.KeywordExecutor.executeKeywordForPlatform(KeywordExecutor.groovy:90)
com.kms.katalon.core.webui.keyword.WebUiBuiltInKeywords.setEncryptedText(WebUiBuiltInKeywords.groovy:1112)
Login.run(Login:22)
</property>
</record>
<record>
  <date>2026-01-06T15:28:01.455465Z</date>
  <millis>1767713281455</millis>
  <nanos>465000</nanos>
  <sequence>1158</sequence>
  <level>END</level>
  <class>com.kms.katalon.core.logging.XmlKeywordLogger</class>
  <method>endKeyword</method>
  <thread>1</thread>
  <message>End action : setEncryptedText(findTestObject(&amp;quot;Object Repository/Page_Katalian Bank/input_Password_password&amp;quot;), &amp;quot;CS9RmWxFPRFoMJc95WUBEN4WG8mxfTJo&amp;quot;)</message>
  <nestedLevel>1</nestedLevel>
  <escapedJava>false</escapedJava>
</record>
<record>
  <date>2026-01-06T15:28:01.455546Z</date>
  <millis>1767713281455</millis>
  <nanos>546000</nanos>
  <sequence>1159</sequence>
  <level>START</level>
  <class>com.kms.katalon.core.logging.XmlKeywordLogger</class>
  <method>startKeyword</method>
  <thread>1</thread>
  <message>Start action : click(findTestObject(&amp;quot;Object Repository/Page_Katalian Bank/button_Sign in&amp;quot;))</message>
  <nestedLevel>1</nestedLevel>
  <escapedJava>false</escapedJava>
  <property name="startLine">24</property>
  <property name="stepIndex">3</property>
</record>
<record>
  <date>2026-01-06T15:28:01.709106Z</date>
  <millis>1767713281709</millis>
  <nanos>106000</nanos>
  <sequence>1170</sequence>
  <level>PASSED</level>
  <class>com.kms.katalon.core.logging.XmlKeywordLogger</class>
  <method>logMessage</method>
  <thread>1</thread>
  <message>Object: &amp;apos;Object Repository/Page_Katalian Bank/button_Sign in&amp;apos; is clicked on</message>
  <nestedLevel>2</nestedLevel>
  <escapedJava>false</escapedJava>
  <property name="testops-method-name">com.kms.katalon.core.webui.keyword.internal.WebUIKeywordMain.runKeywordUntilTimeout</property>
  <property name="testops-execution-stacktrace">com.kms.katalon.core.logging.KeywordLogger.logPassed(KeywordLogger.java:332)
com.kms.katalon.core.logging.KeywordLogger.logPassed(KeywordLogger.java:327)
com.kms.katalon.core.webui.keyword.builtin.ClickKeyword$_click_closure1.doCall(ClickKeyword.groovy:66)
java.base/jdk.internal.reflect.NativeMethodAccessorImpl.invoke0(Native Method)
java.base/jdk.internal.reflect.NativeMethodAccessorImpl.invoke(NativeMethodAccessorImpl.java:77)
java.base/jdk.internal.reflect.DelegatingMethodAccessorImpl.invoke(DelegatingMethodAccessorImpl.java:43)
jdk.proxy2/jdk.proxy2.$Proxy51.execute(Unknown Source)
com.kms.katalon.core.webui.model.SeleniumActionRetryController.performAction(SeleniumActionRetryController.java:96)
com.kms.katalon.core.webui.model.SeleniumActionRetryController.performAction(SeleniumActionRetryController.java:83)
com.kms.katalon.core.webui.keyword.internal.WebUIKeywordMain$_runKeywordUntilTimeout_closure1.doCall(WebUIKeywordMain.groovy:135)
com.kms.katalon.core.webui.keyword.internal.WebUIKeywordMain$_runKeywordUntilTimeout_closure1.call(WebUIKeywordMain.groovy)
com.kms.katalon.core.webui.keyword.internal.WebUIKeywordMain.runKeyword(WebUIKeywordMain.groovy:41)
com.kms.katalon.core.webui.keyword.internal.WebUIKeywordMain.runKeywordUntilTimeout(WebUIKeywordMain.groovy:133)
com.kms.katalon.core.webui.keyword.builtin.ClickKeyword.click(ClickKeyword.groovy:72)
com.kms.katalon.core.webui.keyword.builtin.ClickKeyword.execute(ClickKeyword.groovy:38)
com.kms.katalon.core.keyword.internal.KeywordExecutor.executeKeywordForPlatform(KeywordExecutor.groovy:90)
com.kms.katalon.core.webui.keyword.WebUiBuiltInKeywords.click(WebUiBuiltInKeywords.groovy:721)
Login.run(Login:24)
</property>
</record>
<record>
  <date>2026-01-06T15:28:01.709660Z</date>
  <millis>1767713281709</millis>
  <nanos>660000</nanos>
  <sequence>1171</sequence>
  <level>END</level>
  <class>com.kms.katalon.core.logging.XmlKeywordLogger</class>
  <method>endKeyword</method>
  <thread>1</thread>
  <message>End action : click(findTestObject(&amp;quot;Object Repository/Page_Katalian Bank/button_Sign in&amp;quot;))</message>
  <nestedLevel>1</nestedLevel>
  <escapedJava>false</escapedJava>
</record>
<record>
  <date>2026-01-06T15:28:01.709896Z</date>
  <millis>1767713281709</millis>
  <nanos>896000</nanos>
  <sequence>1172</sequence>
  <level>START</level>
  <class>com.kms.katalon.core.logging.XmlKeywordLogger</class>
  <method>startKeyword</method>
  <thread>1</thread>
  <message>Start action : verifyElementPresent(findTestObject(&amp;quot;Object Repository/Page_Katalian Bank/h1_Katalian Bank&amp;quot;), 0)</message>
  <nestedLevel>1</nestedLevel>
  <escapedJava>false</escapedJava>
  <property name="startLine">26</property>
  <property name="stepIndex">4</property>
</record>
<record>
  <date>2026-01-06T15:28:01.714555Z</date>
  <millis>1767713281714</millis>
  <nanos>555000</nanos>
  <sequence>1177</sequence>
  <level>WARNING</level>
  <class>com.kms.katalon.core.logging.XmlKeywordLogger</class>
  <method>logMessage</method>
  <thread>1</thread>
  <message>Timeout &amp;apos;0&amp;apos; is invalid. Using default page load timeout: &amp;apos;10&amp;apos;</message>
  <nestedLevel>2</nestedLevel>
  <escapedJava>false</escapedJava>
</record>
<record>
  <date>2026-01-06T15:28:02.128842Z</date>
  <millis>1767713282128</millis>
  <nanos>842000</nanos>
  <sequence>1180</sequence>
  <level>PASSED</level>
  <class>com.kms.katalon.core.logging.XmlKeywordLogger</class>
  <method>logMessage</method>
  <thread>1</thread>
  <message>Object &amp;apos;Object Repository/Page_Katalian Bank/h1_Katalian Bank&amp;apos; is present</message>
  <nestedLevel>2</nestedLevel>
  <escapedJava>false</escapedJava>
  <property name="testops-is-assertion">true</property>
  <property name="testops-method-name">com.kms.katalon.core.webui.keyword.builtin.VerifyElementPresentKeyword.verifyElementPresent</property>
  <property name="testops-execution-stacktrace"></property>
</record>
<record>
  <date>2026-01-06T15:28:02.129242Z</date>
  <millis>1767713282129</millis>
  <nanos>242000</nanos>
  <sequence>1181</sequence>
  <level>END</level>
  <class>com.kms.katalon.core.logging.XmlKeywordLogger</class>
  <method>endKeyword</method>
  <thread>1</thread>
  <message>End action : verifyElementPresent(findTestObject(&amp;quot;Object Repository/Page_Katalian Bank/h1_Katalian Bank&amp;quot;), 0)</message>
  <nestedLevel>1</nestedLevel>
  <escapedJava>false</escapedJava>
</record>
<record>
  <date>2026-01-06T15:28:02.129326Z</date>
  <millis>1767713282129</millis>
  <nanos>326000</nanos>
  <sequence>1182</sequence>
  <level>PASSED</level>
  <class>com.kms.katalon.core.logging.XmlKeywordLogger</class>
  <method>logMessage</method>
  <thread>1</thread>
  <message>Test Cases/Login</message>
  <nestedLevel>2</nestedLevel>
  <escapedJava>false</escapedJava>
</record>
<record>
  <date>2026-01-06T15:28:02.129482Z</date>
  <millis>1767713282129</millis>
  <nanos>482000</nanos>
  <sequence>1183</sequence>
  <level>END</level>
  <class>com.kms.katalon.core.logging.XmlKeywordLogger</class>
  <method>endTest</method>
  <thread>1</thread>
  <message>End Test Case : Test Cases/Login</message>
  <nestedLevel>1</nestedLevel>
  <escapedJava>false</escapedJava>
</record>
<record>
  <date>2026-01-06T15:28:02.129670Z</date>
  <millis>1767713282129</millis>
  <nanos>670000</nanos>
  <sequence>1184</sequence>
  <level>PASSED</level>
  <class>com.kms.katalon.core.logging.XmlKeywordLogger</class>
  <method>logMessage</method>
  <thread>1</thread>
  <message>Call Test Case &amp;apos;Test Cases/Login&amp;apos; successfully</message>
  <nestedLevel>1</nestedLevel>
  <escapedJava>false</escapedJava>
  <property name="testops-method-name">com.kms.katalon.core.keyword.builtin.CallTestCaseKeyword.callTestCase</property>
  <property name="testops-execution-stacktrace"></property>
</record>
<record>
  <date>2026-01-06T15:28:02.130291Z</date>
  <millis>1767713282130</millis>
  <nanos>291000</nanos>
  <sequence>1185</sequence>
  <level>END</level>
  <class>com.kms.katalon.core.logging.XmlKeywordLogger</class>
  <method>endKeyword</method>
  <thread>1</thread>
  <message>End action : TrueTestScripts.login()</message>
  <nestedLevel>1</nestedLevel>
  <escapedJava>false</escapedJava>
</record>
<record>
  <date>2026-01-06T15:28:02.130325Z</date>
  <millis>1767713282130</millis>
  <nanos>325000</nanos>
  <sequence>1186</sequence>
  <level>START</level>
  <class>com.kms.katalon.core.logging.XmlKeywordLogger</class>
  <method>startKeyword</method>
  <thread>1</thread>
  <message>Start action : enhancedClick(findTestObject(&amp;quot;AI-Generated/Katalian Banking Production/Page_dashboard/button_transferBalance&amp;quot;))</message>
  <nestedLevel>1</nestedLevel>
  <escapedJava>false</escapedJava>
  <property name="startLine">28</property>
  <property name="stepIndex">5</property>
  <property name="description">Step 3: Click on button transferBalance -&gt; Navigate to page &apos;/transfer&apos;</property>
</record>
<record>
  <date>2026-01-06T15:28:02.170707Z</date>
  <millis>1767713282170</millis>
  <nanos>707000</nanos>
  <sequence>1198</sequence>
  <level>PASSED</level>
  <class>com.kms.katalon.core.logging.XmlKeywordLogger</class>
  <method>logMessage</method>
  <thread>1</thread>
  <message>Object: &amp;apos;Object Repository/AI-Generated/Katalian Banking Production/Page_dashboard/button_transferBalance&amp;apos; is clicked on</message>
  <nestedLevel>1</nestedLevel>
  <escapedJava>false</escapedJava>
  <property name="testops-method-name">com.kms.katalon.core.webui.keyword.internal.WebUIKeywordMain.runKeywordUntilTimeout</property>
  <property name="testops-execution-stacktrace">com.kms.katalon.core.logging.KeywordLogger.logPassed(KeywordLogger.java:332)
com.kms.katalon.core.logging.KeywordLogger.logPassed(KeywordLogger.java:327)
com.kms.katalon.core.webui.keyword.builtin.EnhancedClickKeyword$_click_closure1$_closure5.doCall(EnhancedClickKeyword.groovy:88)
jdk.internal.reflect.GeneratedMethodAccessor47.invoke(Unknown Source)
java.base/jdk.internal.reflect.DelegatingMethodAccessorImpl.invoke(DelegatingMethodAccessorImpl.java:43)
jdk.proxy2/jdk.proxy2.$Proxy54.accept(Unknown Source)
com.kms.katalon.core.trymonad.Success.onSuccess(Try.java:263)
com.kms.katalon.core.webui.keyword.builtin.EnhancedClickKeyword$_click_closure1.doCall(EnhancedClickKeyword.groovy:71)
jdk.internal.reflect.GeneratedMethodAccessor45.invoke(Unknown Source)
java.base/jdk.internal.reflect.DelegatingMethodAccessorImpl.invoke(DelegatingMethodAccessorImpl.java:43)
jdk.proxy2/jdk.proxy2.$Proxy51.execute(Unknown Source)
com.kms.katalon.core.webui.model.SeleniumActionRetryController.performAction(SeleniumActionRetryController.java:96)
com.kms.katalon.core.webui.model.SeleniumActionRetryController.performAction(SeleniumActionRetryController.java:83)
com.kms.katalon.core.webui.keyword.internal.WebUIKeywordMain$_runKeywordUntilTimeout_closure1.doCall(WebUIKeywordMain.groovy:135)
com.kms.katalon.core.webui.keyword.internal.WebUIKeywordMain$_runKeywordUntilTimeout_closure1.call(WebUIKeywordMain.groovy)
com.kms.katalon.core.webui.keyword.internal.WebUIKeywordMain.runKeyword(WebUIKeywordMain.groovy:41)
com.kms.katalon.core.webui.keyword.internal.WebUIKeywordMain.runKeywordUntilTimeout(WebUIKeywordMain.groovy:133)
com.kms.katalon.core.webui.keyword.builtin.EnhancedClickKeyword.click(EnhancedClickKeyword.groovy:95)
com.kms.katalon.core.webui.keyword.builtin.EnhancedClickKeyword.execute(EnhancedClickKeyword.groovy:41)
com.kms.katalon.core.keyword.internal.KeywordExecutor.executeKeywordForPlatform(KeywordExecutor.groovy:90)
com.kms.katalon.core.webui.keyword.WebUiBuiltInKeywords.enhancedClick(WebUiBuiltInKeywords.groovy:747)
TC5-Transfer Balance and Logout from Dashboard.run(TC5-Transfer Balance and Logout from Dashboard:28)
</property>
</record>
<record>
  <date>2026-01-06T15:28:02.171542Z</date>
  <millis>1767713282171</millis>
  <nanos>542000</nanos>
  <sequence>1199</sequence>
  <level>END</level>
  <class>com.kms.katalon.core.logging.XmlKeywordLogger</class>
  <method>endKeyword</method>
  <thread>1</thread>
  <message>End action : enhancedClick(findTestObject(&amp;quot;AI-Generated/Katalian Banking Production/Page_dashboard/button_transferBalance&amp;quot;))</message>
  <nestedLevel>1</nestedLevel>
  <escapedJava>false</escapedJava>
</record>
<record>
  <date>2026-01-06T15:28:02.171652Z</date>
  <millis>1767713282171</millis>
  <nanos>652000</nanos>
  <sequence>1200</sequence>
  <level>START</level>
  <class>com.kms.katalon.core.logging.XmlKeywordLogger</class>
  <method>startKeyword</method>
  <thread>1</thread>
  <message>Start action : enhancedClick(findTestObject(&amp;quot;AI-Generated/Katalian Banking Production/Page_transfer/input_amount&amp;quot;))</message>
  <nestedLevel>1</nestedLevel>
  <escapedJava>false</escapedJava>
  <property name="startLine">34</property>
  <property name="stepIndex">6</property>
  <property name="description">Step 4: Click on input amount</property>
</record>
<record>
  <date>2026-01-06T15:28:02.200554Z</date>
  <millis>1767713282200</millis>
  <nanos>554000</nanos>
  <sequence>1212</sequence>
  <level>PASSED</level>
  <class>com.kms.katalon.core.logging.XmlKeywordLogger</class>
  <method>logMessage</method>
  <thread>1</thread>
  <message>Object: &amp;apos;Object Repository/AI-Generated/Katalian Banking Production/Page_transfer/input_amount&amp;apos; is clicked on</message>
  <nestedLevel>1</nestedLevel>
  <escapedJava>false</escapedJava>
  <property name="testops-method-name">com.kms.katalon.core.webui.keyword.internal.WebUIKeywordMain.runKeywordUntilTimeout</property>
  <property name="testops-execution-stacktrace">com.kms.katalon.core.logging.KeywordLogger.logPassed(KeywordLogger.java:332)
com.kms.katalon.core.logging.KeywordLogger.logPassed(KeywordLogger.java:327)
com.kms.katalon.core.webui.keyword.builtin.EnhancedClickKeyword$_click_closure1$_closure5.doCall(EnhancedClickKeyword.groovy:88)
jdk.internal.reflect.GeneratedMethodAccessor47.invoke(Unknown Source)
java.base/jdk.internal.reflect.DelegatingMethodAccessorImpl.invoke(DelegatingMethodAccessorImpl.java:43)
jdk.proxy2/jdk.proxy2.$Proxy54.accept(Unknown Source)
com.kms.katalon.core.trymonad.Success.onSuccess(Try.java:263)
com.kms.katalon.core.webui.keyword.builtin.EnhancedClickKeyword$_click_closure1.doCall(EnhancedClickKeyword.groovy:71)
jdk.internal.reflect.GeneratedMethodAccessor45.invoke(Unknown Source)
java.base/jdk.internal.reflect.DelegatingMethodAccessorImpl.invoke(DelegatingMethodAccessorImpl.java:43)
jdk.proxy2/jdk.proxy2.$Proxy51.execute(Unknown Source)
com.kms.katalon.core.webui.model.SeleniumActionRetryController.performAction(SeleniumActionRetryController.java:96)
com.kms.katalon.core.webui.model.SeleniumActionRetryController.performAction(SeleniumActionRetryController.java:83)
com.kms.katalon.core.webui.keyword.internal.WebUIKeywordMain$_runKeywordUntilTimeout_closure1.doCall(WebUIKeywordMain.groovy:135)
com.kms.katalon.core.webui.keyword.internal.WebUIKeywordMain$_runKeywordUntilTimeout_closure1.call(WebUIKeywordMain.groovy)
com.kms.katalon.core.webui.keyword.internal.WebUIKeywordMain.runKeyword(WebUIKeywordMain.groovy:41)
com.kms.katalon.core.webui.keyword.internal.WebUIKeywordMain.runKeywordUntilTimeout(WebUIKeywordMain.groovy:133)
com.kms.katalon.core.webui.keyword.builtin.EnhancedClickKeyword.click(EnhancedClickKeyword.groovy:95)
com.kms.katalon.core.webui.keyword.builtin.EnhancedClickKeyword.execute(EnhancedClickKeyword.groovy:41)
com.kms.katalon.core.keyword.internal.KeywordExecutor.executeKeywordForPlatform(KeywordExecutor.groovy:90)
com.kms.katalon.core.webui.keyword.WebUiBuiltInKeywords.enhancedClick(WebUiBuiltInKeywords.groovy:747)
TC5-Transfer Balance and Logout from Dashboard.run(TC5-Transfer Balance and Logout from Dashboard:34)
</property>
</record>
<record>
  <date>2026-01-06T15:28:02.201594Z</date>
  <millis>1767713282201</millis>
  <nanos>594000</nanos>
  <sequence>1213</sequence>
  <level>END</level>
  <class>com.kms.katalon.core.logging.XmlKeywordLogger</class>
  <method>endKeyword</method>
  <thread>1</thread>
  <message>End action : enhancedClick(findTestObject(&amp;quot;AI-Generated/Katalian Banking Production/Page_transfer/input_amount&amp;quot;))</message>
  <nestedLevel>1</nestedLevel>
  <escapedJava>false</escapedJava>
</record>
<record>
  <date>2026-01-06T15:28:02.201677Z</date>
  <millis>1767713282201</millis>
  <nanos>677000</nanos>
  <sequence>1214</sequence>
  <level>START</level>
  <class>com.kms.katalon.core.logging.XmlKeywordLogger</class>
  <method>startKeyword</method>
  <thread>1</thread>
  <message>Start action : setText(findTestObject(&amp;quot;AI-Generated/Katalian Banking Production/Page_transfer/input_amount&amp;quot;), input_amount)</message>
  <nestedLevel>1</nestedLevel>
  <escapedJava>false</escapedJava>
  <property name="startLine">40</property>
  <property name="stepIndex">7</property>
  <property name="description">Step 5: Enter input value in input amount</property>
</record>
<record>
  <date>2026-01-06T15:28:02.262994Z</date>
  <millis>1767713282262</millis>
  <nanos>994000</nanos>
  <sequence>1228</sequence>
  <level>PASSED</level>
  <class>com.kms.katalon.core.logging.XmlKeywordLogger</class>
  <method>logMessage</method>
  <thread>1</thread>
  <message>Text &amp;apos;5000&amp;apos; is set on object &amp;apos;Object Repository/AI-Generated/Katalian Banking Production/Page_transfer/input_amount&amp;apos;</message>
  <nestedLevel>1</nestedLevel>
  <escapedJava>false</escapedJava>
  <property name="testops-method-name">com.kms.katalon.core.webui.keyword.internal.WebUIKeywordMain.runKeywordUntilTimeout</property>
  <property name="testops-execution-stacktrace">com.kms.katalon.core.logging.KeywordLogger.logPassed(KeywordLogger.java:332)
com.kms.katalon.core.logging.KeywordLogger.logPassed(KeywordLogger.java:327)
com.kms.katalon.core.webui.keyword.builtin.SetTextKeyword$_setText_closure1.doCall(SetTextKeyword.groovy:99)
java.base/jdk.internal.reflect.NativeMethodAccessorImpl.invoke0(Native Method)
java.base/jdk.internal.reflect.NativeMethodAccessorImpl.invoke(NativeMethodAccessorImpl.java:77)
java.base/jdk.internal.reflect.DelegatingMethodAccessorImpl.invoke(DelegatingMethodAccessorImpl.java:43)
jdk.proxy2/jdk.proxy2.$Proxy51.execute(Unknown Source)
com.kms.katalon.core.webui.model.SeleniumActionRetryController.performAction(SeleniumActionRetryController.java:96)
com.kms.katalon.core.webui.model.SeleniumActionRetryController.performAction(SeleniumActionRetryController.java:83)
com.kms.katalon.core.webui.keyword.internal.WebUIKeywordMain$_runKeywordUntilTimeout_closure1.doCall(WebUIKeywordMain.groovy:135)
com.kms.katalon.core.webui.keyword.internal.WebUIKeywordMain$_runKeywordUntilTimeout_closure1.call(WebUIKeywordMain.groovy)
com.kms.katalon.core.webui.keyword.internal.WebUIKeywordMain.runKeyword(WebUIKeywordMain.groovy:41)
com.kms.katalon.core.webui.keyword.internal.WebUIKeywordMain.runKeywordUntilTimeout(WebUIKeywordMain.groovy:133)
com.kms.katalon.core.webui.keyword.builtin.SetTextKeyword.setText(SetTextKeyword.groovy:106)
com.kms.katalon.core.webui.keyword.builtin.SetTextKeyword.execute(SetTextKeyword.groovy:49)
com.kms.katalon.core.keyword.internal.KeywordExecutor.executeKeywordForPlatform(KeywordExecutor.groovy:90)
com.kms.katalon.core.webui.keyword.WebUiBuiltInKeywords.setText(WebUiBuiltInKeywords.groovy:1081)
TC5-Transfer Balance and Logout from Dashboard.run(TC5-Transfer Balance and Logout from Dashboard:40)
</property>
</record>
<record>
  <date>2026-01-06T15:28:02.264453Z</date>
  <millis>1767713282264</millis>
  <nanos>453000</nanos>
  <sequence>1229</sequence>
  <level>END</level>
  <class>com.kms.katalon.core.logging.XmlKeywordLogger</class>
  <method>endKeyword</method>
  <thread>1</thread>
  <message>End action : setText(findTestObject(&amp;quot;AI-Generated/Katalian Banking Production/Page_transfer/input_amount&amp;quot;), input_amount)</message>
  <nestedLevel>1</nestedLevel>
  <escapedJava>false</escapedJava>
</record>
<record>
  <date>2026-01-06T15:28:02.264551Z</date>
  <millis>1767713282264</millis>
  <nanos>551000</nanos>
  <sequence>1230</sequence>
  <level>START</level>
  <class>com.kms.katalon.core.logging.XmlKeywordLogger</class>
  <method>startKeyword</method>
  <thread>1</thread>
  <message>Start action : enhancedClick(findTestObject(&amp;quot;AI-Generated/Katalian Banking Production/Page_transfer/button_reviewTransfer&amp;quot;))</message>
  <nestedLevel>1</nestedLevel>
  <escapedJava>false</escapedJava>
  <property name="startLine">46</property>
  <property name="stepIndex">8</property>
  <property name="description">Step 6: Click on button reviewTransfer</property>
</record>
<record>
  <date>2026-01-06T15:28:02.291667Z</date>
  <millis>1767713282291</millis>
  <nanos>667000</nanos>
  <sequence>1242</sequence>
  <level>PASSED</level>
  <class>com.kms.katalon.core.logging.XmlKeywordLogger</class>
  <method>logMessage</method>
  <thread>1</thread>
  <message>Object: &amp;apos;Object Repository/AI-Generated/Katalian Banking Production/Page_transfer/button_reviewTransfer&amp;apos; is clicked on</message>
  <nestedLevel>1</nestedLevel>
  <escapedJava>false</escapedJava>
  <property name="testops-method-name">com.kms.katalon.core.webui.keyword.internal.WebUIKeywordMain.runKeywordUntilTimeout</property>
  <property name="testops-execution-stacktrace">com.kms.katalon.core.logging.KeywordLogger.logPassed(KeywordLogger.java:332)
com.kms.katalon.core.logging.KeywordLogger.logPassed(KeywordLogger.java:327)
com.kms.katalon.core.webui.keyword.builtin.EnhancedClickKeyword$_click_closure1$_closure5.doCall(EnhancedClickKeyword.groovy:88)
jdk.internal.reflect.GeneratedMethodAccessor47.invoke(Unknown Source)
java.base/jdk.internal.reflect.DelegatingMethodAccessorImpl.invoke(DelegatingMethodAccessorImpl.java:43)
jdk.proxy2/jdk.proxy2.$Proxy54.accept(Unknown Source)
com.kms.katalon.core.trymonad.Success.onSuccess(Try.java:263)
com.kms.katalon.core.webui.keyword.builtin.EnhancedClickKeyword$_click_closure1.doCall(EnhancedClickKeyword.groovy:71)
jdk.internal.reflect.GeneratedMethodAccessor45.invoke(Unknown Source)
java.base/jdk.internal.reflect.DelegatingMethodAccessorImpl.invoke(DelegatingMethodAccessorImpl.java:43)
jdk.proxy2/jdk.proxy2.$Proxy51.execute(Unknown Source)
com.kms.katalon.core.webui.model.SeleniumActionRetryController.performAction(SeleniumActionRetryController.java:96)
com.kms.katalon.core.webui.model.SeleniumActionRetryController.performAction(SeleniumActionRetryController.java:83)
com.kms.katalon.core.webui.keyword.internal.WebUIKeywordMain$_runKeywordUntilTimeout_closure1.doCall(WebUIKeywordMain.groovy:135)
com.kms.katalon.core.webui.keyword.internal.WebUIKeywordMain$_runKeywordUntilTimeout_closure1.call(WebUIKeywordMain.groovy)
com.kms.katalon.core.webui.keyword.internal.WebUIKeywordMain.runKeyword(WebUIKeywordMain.groovy:41)
com.kms.katalon.core.webui.keyword.internal.WebUIKeywordMain.runKeywordUntilTimeout(WebUIKeywordMain.groovy:133)
com.kms.katalon.core.webui.keyword.builtin.EnhancedClickKeyword.click(EnhancedClickKeyword.groovy:95)
com.kms.katalon.core.webui.keyword.builtin.EnhancedClickKeyword.execute(EnhancedClickKeyword.groovy:41)
com.kms.katalon.core.keyword.internal.KeywordExecutor.executeKeywordForPlatform(KeywordExecutor.groovy:90)
com.kms.katalon.core.webui.keyword.WebUiBuiltInKeywords.enhancedClick(WebUiBuiltInKeywords.groovy:747)
TC5-Transfer Balance and Logout from Dashboard.run(TC5-Transfer Balance and Logout from Dashboard:46)
</property>
</record>
<record>
  <date>2026-01-06T15:28:02.292848Z</date>
  <millis>1767713282292</millis>
  <nanos>848000</nanos>
  <sequence>1243</sequence>
  <level>END</level>
  <class>com.kms.katalon.core.logging.XmlKeywordLogger</class>
  <method>endKeyword</method>
  <thread>1</thread>
  <message>End action : enhancedClick(findTestObject(&amp;quot;AI-Generated/Katalian Banking Production/Page_transfer/button_reviewTransfer&amp;quot;))</message>
  <nestedLevel>1</nestedLevel>
  <escapedJava>false</escapedJava>
</record>
<record>
  <date>2026-01-06T15:28:02.292923Z</date>
  <millis>1767713282292</millis>
  <nanos>923000</nanos>
  <sequence>1244</sequence>
  <level>START</level>
  <class>com.kms.katalon.core.logging.XmlKeywordLogger</class>
  <method>startKeyword</method>
  <thread>1</thread>
  <message>Start action : enhancedClick(findTestObject(&amp;quot;AI-Generated/Katalian Banking Production/Page_transfer/button_confirmTransfer&amp;quot;))</message>
  <nestedLevel>1</nestedLevel>
  <escapedJava>false</escapedJava>
  <property name="startLine">52</property>
  <property name="stepIndex">9</property>
  <property name="description">Step 7: Click on button confirmTransfer -&gt; Navigate to page &apos;/dashboard&apos;</property>
</record>
<record>
  <date>2026-01-06T15:28:02.320287Z</date>
  <millis>1767713282320</millis>
  <nanos>287000</nanos>
  <sequence>1256</sequence>
  <level>PASSED</level>
  <class>com.kms.katalon.core.logging.XmlKeywordLogger</class>
  <method>logMessage</method>
  <thread>1</thread>
  <message>Object: &amp;apos;Object Repository/AI-Generated/Katalian Banking Production/Page_transfer/button_confirmTransfer&amp;apos; is clicked on</message>
  <nestedLevel>1</nestedLevel>
  <escapedJava>false</escapedJava>
  <property name="testops-method-name">com.kms.katalon.core.webui.keyword.internal.WebUIKeywordMain.runKeywordUntilTimeout</property>
  <property name="testops-execution-stacktrace">com.kms.katalon.core.logging.KeywordLogger.logPassed(KeywordLogger.java:332)
com.kms.katalon.core.logging.KeywordLogger.logPassed(KeywordLogger.java:327)
com.kms.katalon.core.webui.keyword.builtin.EnhancedClickKeyword$_click_closure1$_closure5.doCall(EnhancedClickKeyword.groovy:88)
jdk.internal.reflect.GeneratedMethodAccessor47.invoke(Unknown Source)
java.base/jdk.internal.reflect.DelegatingMethodAccessorImpl.invoke(DelegatingMethodAccessorImpl.java:43)
jdk.proxy2/jdk.proxy2.$Proxy54.accept(Unknown Source)
com.kms.katalon.core.trymonad.Success.onSuccess(Try.java:263)
com.kms.katalon.core.webui.keyword.builtin.EnhancedClickKeyword$_click_closure1.doCall(EnhancedClickKeyword.groovy:71)
jdk.internal.reflect.GeneratedMethodAccessor45.invoke(Unknown Source)
java.base/jdk.internal.reflect.DelegatingMethodAccessorImpl.invoke(DelegatingMethodAccessorImpl.java:43)
jdk.proxy2/jdk.proxy2.$Proxy51.execute(Unknown Source)
com.kms.katalon.core.webui.model.SeleniumActionRetryController.performAction(SeleniumActionRetryController.java:96)
com.kms.katalon.core.webui.model.SeleniumActionRetryController.performAction(SeleniumActionRetryController.java:83)
com.kms.katalon.core.webui.keyword.internal.WebUIKeywordMain$_runKeywordUntilTimeout_closure1.doCall(WebUIKeywordMain.groovy:135)
com.kms.katalon.core.webui.keyword.internal.WebUIKeywordMain$_runKeywordUntilTimeout_closure1.call(WebUIKeywordMain.groovy)
com.kms.katalon.core.webui.keyword.internal.WebUIKeywordMain.runKeyword(WebUIKeywordMain.groovy:41)
com.kms.katalon.core.webui.keyword.internal.WebUIKeywordMain.runKeywordUntilTimeout(WebUIKeywordMain.groovy:133)
com.kms.katalon.core.webui.keyword.builtin.EnhancedClickKeyword.click(EnhancedClickKeyword.groovy:95)
com.kms.katalon.core.webui.keyword.builtin.EnhancedClickKeyword.execute(EnhancedClickKeyword.groovy:41)
com.kms.katalon.core.keyword.internal.KeywordExecutor.executeKeywordForPlatform(KeywordExecutor.groovy:90)
com.kms.katalon.core.webui.keyword.WebUiBuiltInKeywords.enhancedClick(WebUiBuiltInKeywords.groovy:747)
TC5-Transfer Balance and Logout from Dashboard.run(TC5-Transfer Balance and Logout from Dashboard:52)
</property>
</record>
<record>
  <date>2026-01-06T15:28:02.321261Z</date>
  <millis>1767713282321</millis>
  <nanos>261000</nanos>
  <sequence>1257</sequence>
  <level>END</level>
  <class>com.kms.katalon.core.logging.XmlKeywordLogger</class>
  <method>endKeyword</method>
  <thread>1</thread>
  <message>End action : enhancedClick(findTestObject(&amp;quot;AI-Generated/Katalian Banking Production/Page_transfer/button_confirmTransfer&amp;quot;))</message>
  <nestedLevel>1</nestedLevel>
  <escapedJava>false</escapedJava>
</record>
<record>
  <date>2026-01-06T15:28:02.321436Z</date>
  <millis>1767713282321</millis>
  <nanos>436000</nanos>
  <sequence>1258</sequence>
  <level>START</level>
  <class>com.kms.katalon.core.logging.XmlKeywordLogger</class>
  <method>startKeyword</method>
  <thread>1</thread>
  <message>Start action : enhancedClick(findTestObject(&amp;quot;AI-Generated/Katalian Banking Production/Page_dashboard/button_logout&amp;quot;))</message>
  <nestedLevel>1</nestedLevel>
  <escapedJava>false</escapedJava>
  <property name="startLine">58</property>
  <property name="stepIndex">10</property>
  <property name="description">Step 8: Click on button logout -&gt; Navigate to page &apos;&apos;</property>
</record>
<record>
  <date>2026-01-06T15:28:02.352176Z</date>
  <millis>1767713282352</millis>
  <nanos>176000</nanos>
  <sequence>1270</sequence>
  <level>PASSED</level>
  <class>com.kms.katalon.core.logging.XmlKeywordLogger</class>
  <method>logMessage</method>
  <thread>1</thread>
  <message>Object: &amp;apos;Object Repository/AI-Generated/Katalian Banking Production/Page_dashboard/button_logout&amp;apos; is clicked on</message>
  <nestedLevel>1</nestedLevel>
  <escapedJava>false</escapedJava>
  <property name="testops-method-name">com.kms.katalon.core.webui.keyword.internal.WebUIKeywordMain.runKeywordUntilTimeout</property>
  <property name="testops-execution-stacktrace">com.kms.katalon.core.logging.KeywordLogger.logPassed(KeywordLogger.java:332)
com.kms.katalon.core.logging.KeywordLogger.logPassed(KeywordLogger.java:327)
com.kms.katalon.core.webui.keyword.builtin.EnhancedClickKeyword$_click_closure1$_closure5.doCall(EnhancedClickKeyword.groovy:88)
jdk.internal.reflect.GeneratedMethodAccessor47.invoke(Unknown Source)
java.base/jdk.internal.reflect.DelegatingMethodAccessorImpl.invoke(DelegatingMethodAccessorImpl.java:43)
jdk.proxy2/jdk.proxy2.$Proxy54.accept(Unknown Source)
com.kms.katalon.core.trymonad.Success.onSuccess(Try.java:263)
com.kms.katalon.core.webui.keyword.builtin.EnhancedClickKeyword$_click_closure1.doCall(EnhancedClickKeyword.groovy:71)
jdk.internal.reflect.GeneratedMethodAccessor45.invoke(Unknown Source)
java.base/jdk.internal.reflect.DelegatingMethodAccessorImpl.invoke(DelegatingMethodAccessorImpl.java:43)
jdk.proxy2/jdk.proxy2.$Proxy51.execute(Unknown Source)
com.kms.katalon.core.webui.model.SeleniumActionRetryController.performAction(SeleniumActionRetryController.java:96)
com.kms.katalon.core.webui.model.SeleniumActionRetryController.performAction(SeleniumActionRetryController.java:83)
com.kms.katalon.core.webui.keyword.internal.WebUIKeywordMain$_runKeywordUntilTimeout_closure1.doCall(WebUIKeywordMain.groovy:135)
com.kms.katalon.core.webui.keyword.internal.WebUIKeywordMain$_runKeywordUntilTimeout_closure1.call(WebUIKeywordMain.groovy)
com.kms.katalon.core.webui.keyword.internal.WebUIKeywordMain.runKeyword(WebUIKeywordMain.groovy:41)
com.kms.katalon.core.webui.keyword.internal.WebUIKeywordMain.runKeywordUntilTimeout(WebUIKeywordMain.groovy:133)
com.kms.katalon.core.webui.keyword.builtin.EnhancedClickKeyword.click(EnhancedClickKeyword.groovy:95)
com.kms.katalon.core.webui.keyword.builtin.EnhancedClickKeyword.execute(EnhancedClickKeyword.groovy:41)
com.kms.katalon.core.keyword.internal.KeywordExecutor.executeKeywordForPlatform(KeywordExecutor.groovy:90)
com.kms.katalon.core.webui.keyword.WebUiBuiltInKeywords.enhancedClick(WebUiBuiltInKeywords.groovy:747)
TC5-Transfer Balance and Logout from Dashboard.run(TC5-Transfer Balance and Logout from Dashboard:58)
</property>
</record>
<record>
  <date>2026-01-06T15:28:02.353287Z</date>
  <millis>1767713282353</millis>
  <nanos>287000</nanos>
  <sequence>1271</sequence>
  <level>END</level>
  <class>com.kms.katalon.core.logging.XmlKeywordLogger</class>
  <method>endKeyword</method>
  <thread>1</thread>
  <message>End action : enhancedClick(findTestObject(&amp;quot;AI-Generated/Katalian Banking Production/Page_dashboard/button_logout&amp;quot;))</message>
  <nestedLevel>1</nestedLevel>
  <escapedJava>false</escapedJava>
</record>
<record>
  <date>2026-01-06T15:28:02.353504Z</date>
  <millis>1767713282353</millis>
  <nanos>504000</nanos>
  <sequence>1272</sequence>
  <level>START</level>
  <class>com.kms.katalon.core.logging.XmlKeywordLogger</class>
  <method>startKeyword</method>
  <thread>1</thread>
  <message>Start action : takeFullPageScreenshotAsCheckpoint(&amp;quot;TC5-Transfer Balance and Logout from Dashboard_visual_checkpoint&amp;quot;)</message>
  <nestedLevel>1</nestedLevel>
  <escapedJava>false</escapedJava>
  <property name="startLine">64</property>
  <property name="stepIndex">11</property>
  <property name="description">Step 9: Take full page screenshot as checkpoint</property>
</record>
<record>
  <date>2026-01-06T15:28:02.479334Z</date>
  <millis>1767713282479</millis>
  <nanos>334000</nanos>
  <sequence>1274</sequence>
  <level>INFO</level>
  <class>com.kms.katalon.core.logging.XmlKeywordLogger</class>
  <method>logMessage</method>
  <thread>1</thread>
  <message>0 hidden object(s)</message>
  <nestedLevel>1</nestedLevel>
  <escapedJava>false</escapedJava>
</record>
<record>
  <date>2026-01-06T15:28:02.575095Z</date>
  <millis>1767713282575</millis>
  <nanos>95000</nanos>
  <sequence>1275</sequence>
  <level>PASSED</level>
  <class>com.kms.katalon.core.logging.XmlKeywordLogger</class>
  <method>logMessage</method>
  <thread>1</thread>
  <message>Taking screenshot successfully</message>
  <nestedLevel>1</nestedLevel>
  <escapedJava>false</escapedJava>
  <property name="attachment">keyes/keyes-TC5-Transfer Balance and Logout from Dashboard_visual_checkpoint.png</property>
  <property name="testops-method-name">com.kms.katalon.core.webui.keyword.builtin.TakeFullPageScreenshotKeyword.takeScreenshot</property>
  <property name="testops-execution-stacktrace"></property>
</record>
<record>
  <date>2026-01-06T15:28:02.575248Z</date>
  <millis>1767713282575</millis>
  <nanos>248000</nanos>
  <sequence>1276</sequence>
  <level>END</level>
  <class>com.kms.katalon.core.logging.XmlKeywordLogger</class>
  <method>endKeyword</method>
  <thread>1</thread>
  <message>End action : takeFullPageScreenshotAsCheckpoint(&amp;quot;TC5-Transfer Balance and Logout from Dashboard_visual_checkpoint&amp;quot;)</message>
  <nestedLevel>1</nestedLevel>
  <escapedJava>false</escapedJava>
</record>
<record>
  <date>2026-01-06T15:28:02.575301Z</date>
  <millis>1767713282575</millis>
  <nanos>301000</nanos>
  <sequence>1278</sequence>
  <level>START</level>
  <class>com.kms.katalon.core.logging.XmlKeywordLogger</class>
  <method>startKeyword</method>
  <thread>1</thread>
  <message>Start tear down : teardown</message>
  <nestedLevel>1</nestedLevel>
  <escapedJava>false</escapedJava>
  <property name="stepIndex">1</property>
  <property name="isIgnoredIfFailed">true</property>
</record>
<record>
  <date>2026-01-06T15:28:02.576162Z</date>
  <millis>1767713282576</millis>
  <nanos>162000</nanos>
  <sequence>1279</sequence>
  <level>START</level>
  <class>com.kms.katalon.core.logging.XmlKeywordLogger</class>
  <method>startKeyword</method>
  <thread>1</thread>
  <message>Start action : closeBrowser()</message>
  <nestedLevel>1</nestedLevel>
  <escapedJava>false</escapedJava>
  <property name="startLine">70</property>
  <property name="stepIndex">1</property>
</record>
<record>
  <date>2026-01-06T15:28:02.672849Z</date>
  <millis>1767713282672</millis>
  <nanos>849000</nanos>
  <sequence>1282</sequence>
  <level>PASSED</level>
  <class>com.kms.katalon.core.logging.XmlKeywordLogger</class>
  <method>logMessage</method>
  <thread>1</thread>
  <message>Browser is closed</message>
  <nestedLevel>1</nestedLevel>
  <escapedJava>false</escapedJava>
</record>
<record>
  <date>2026-01-06T15:28:02.673126Z</date>
  <millis>1767713282673</millis>
  <nanos>126000</nanos>
  <sequence>1283</sequence>
  <level>END</level>
  <class>com.kms.katalon.core.logging.XmlKeywordLogger</class>
  <method>endKeyword</method>
  <thread>1</thread>
  <message>End action : closeBrowser()</message>
  <nestedLevel>1</nestedLevel>
  <escapedJava>false</escapedJava>
</record>
<record>
  <date>2026-01-06T15:28:02.673208Z</date>
  <millis>1767713282673</millis>
  <nanos>208000</nanos>
  <sequence>1284</sequence>
  <level>PASSED</level>
  <class>com.kms.katalon.core.logging.XmlKeywordLogger</class>
  <method>logMessage</method>
  <thread>1</thread>
  <message>Method &amp;apos;teardown&amp;apos; complete successfully</message>
  <nestedLevel>1</nestedLevel>
  <escapedJava>false</escapedJava>
</record>
<record>
  <date>2026-01-06T15:28:02.673360Z</date>
  <millis>1767713282673</millis>
  <nanos>360000</nanos>
  <sequence>1285</sequence>
  <level>END</level>
  <class>com.kms.katalon.core.logging.XmlKeywordLogger</class>
  <method>endKeyword</method>
  <thread>1</thread>
  <message>End tear down : teardown</message>
  <nestedLevel>1</nestedLevel>
  <escapedJava>false</escapedJava>
</record>
<record>
  <date>2026-01-06T15:28:02.673408Z</date>
  <millis>1767713282673</millis>
  <nanos>408000</nanos>
  <sequence>1286</sequence>
  <level>PASSED</level>
  <class>com.kms.katalon.core.logging.XmlKeywordLogger</class>
  <method>logMessage</method>
  <thread>1</thread>
  <message>Test Cases/AI-Generated/Katalian Banking Production/TC5-Transfer Balance and Logout from Dashboard</message>
  <nestedLevel>1</nestedLevel>
  <escapedJava>false</escapedJava>
</record>
<record>
  <date>2026-01-06T15:28:02.673544Z</date>
  <millis>1767713282673</millis>
  <nanos>544000</nanos>
  <sequence>1287</sequence>
  <level>START</level>
  <class>com.kms.katalon.core.logging.XmlKeywordLogger</class>
  <method>startKeyword</method>
  <thread>1</thread>
  <message>Start listener action : autoUpdateJobStatus</message>
  <nestedLevel>1</nestedLevel>
  <escapedJava>false</escapedJava>
</record>
<record>
  <date>2026-01-06T15:28:02.673738Z</date>
  <millis>1767713282673</millis>
  <nanos>738000</nanos>
  <sequence>1289</sequence>
  <level>INFO</level>
  <class>com.kms.katalon.core.logging.XmlKeywordLogger</class>
  <method>logMessage</method>
  <thread>1</thread>
  <message>[SAUCELABS] Current run configuration: Chrome</message>
  <nestedLevel>1</nestedLevel>
  <escapedJava>false</escapedJava>
</record>
<record>
  <date>2026-01-06T15:28:02.673789Z</date>
  <millis>1767713282673</millis>
  <nanos>789000</nanos>
  <sequence>1291</sequence>
  <level>END</level>
  <class>com.kms.katalon.core.logging.XmlKeywordLogger</class>
  <method>endKeyword</method>
  <thread>1</thread>
  <message>End listener action : autoUpdateJobStatus</message>
  <nestedLevel>1</nestedLevel>
  <escapedJava>false</escapedJava>
</record>
<record>
  <date>2026-01-06T15:28:02.674022Z</date>
  <millis>1767713282674</millis>
  <nanos>22000</nanos>
  <sequence>1292</sequence>
  <level>END</level>
  <class>com.kms.katalon.core.logging.XmlKeywordLogger</class>
  <method>endTest</method>
  <thread>1</thread>
  <message>End Test Case : Test Cases/AI-Generated/Katalian Banking Production/TC5-Transfer Balance and Logout from Dashboard</message>
  <nestedLevel>0</nestedLevel>
  <escapedJava>false</escapedJava>
  <property name="executionBindingVariables">[
  {
    &quot;value&quot;: &quot;5000&quot;,
    &quot;isDefault&quot;: true,
    &quot;name&quot;: &quot;input_amount&quot;,
    &quot;masked&quot;: false
  }
]</property>
  <property name="applitools">false</property>
  <property name="remainingRetryCount">3</property>
  <property name="executedKeywords">{
  &quot;WebUI.navigateToUrl&quot;: 1,
  &quot;BuiltIn.callTestCase&quot;: 1,
  &quot;WebUI.openBrowser&quot;: 1,
  &quot;BuiltIn.delay&quot;: 1,
  &quot;WebUI.verifyElementPresent&quot;: 1,
  &quot;WebUI.closeBrowser&quot;: 1,
  &quot;WebUI.setEncryptedText&quot;: 1,
  &quot;WebUI.click&quot;: 1,
  &quot;WebUI.setViewPortSize&quot;: 1,
  &quot;WebUI.enhancedClick&quot;: 5,
  &quot;WebUI.takeFullPageScreenshot&quot;: 1,
  &quot;WebUI.setText&quot;: 2
}</property>
  <property name="currentRetryCount">0</property>
  <property name="keywordsUsage">{
  &quot;web_ui&quot;: true,
  &quot;web_service&quot;: false,
  &quot;cucumber&quot;: false,
  &quot;builtin&quot;: true,
  &quot;mobile&quot;: false,
  &quot;windows&quot;: false,
  &quot;testng&quot;: false
}</property>
</record>
<record>
  <date>2026-01-06T15:28:02.675541Z</date>
  <millis>1767713282675</millis>
  <nanos>541000</nanos>
  <sequence>1293</sequence>
  <level>START</level>
  <class>com.kms.katalon.core.logging.XmlKeywordLogger</class>
  <method>startTest</method>
  <thread>1</thread>
  <message>Start Test Case : Test Cases/AI-Generated/Katalian Banking Production/TC4-Apply for Checking Account and Transfer Balance</message>
  <nestedLevel>1</nestedLevel>
  <escapedJava>false</escapedJava>
  <property name="remainingRetryCount">3</property>
  <property name="origin">TRUETEST</property>
  <property name="name">Test Cases/AI-Generated/Katalian Banking Production/TC4-Apply for Checking Account and Transfer Balance</property>
  <property name="description">Login, apply for a checking account, fill in personal and address details, submit the application, and transfer balance. Verify the home page.</property>
  <property name="iteration"></property>
  <property name="id">Test Cases/AI-Generated/Katalian Banking Production/TC4-Apply for Checking Account and Transfer Balance</property>
  <property name="source">\Users\gia\Downloads\Katalian_Banking_2.0-main\Test Cases\AI-Generated\Katalian Banking Production\TC4-Apply for Checking Account and Transfer Balance.tc</property>
  <property name="tag"></property>
  <property name="isOptional">false</property>
  <property name="currentRetryCount">0</property>
</record>
<record>
  <date>2026-01-06T15:28:02.702396Z</date>
  <millis>1767713282702</millis>
  <nanos>396000</nanos>
  <sequence>1295</sequence>
  <level>INFO</level>
  <class>com.kms.katalon.core.logging.XmlKeywordLogger</class>
  <method>logMessage</method>
  <thread>1</thread>
  <message>(Default) input_addressLine = 456 Liden Lane</message>
  <nestedLevel>1</nestedLevel>
  <escapedJava>false</escapedJava>
</record>
<record>
  <date>2026-01-06T15:28:02.707152Z</date>
  <millis>1767713282707</millis>
  <nanos>152000</nanos>
  <sequence>1296</sequence>
  <level>INFO</level>
  <class>com.kms.katalon.core.logging.XmlKeywordLogger</class>
  <method>logMessage</method>
  <thread>1</thread>
  <message>(Default) input_amount = 500</message>
  <nestedLevel>1</nestedLevel>
  <escapedJava>false</escapedJava>
</record>
<record>
  <date>2026-01-06T15:28:02.711436Z</date>
  <millis>1767713282711</millis>
  <nanos>436000</nanos>
  <sequence>1297</sequence>
  <level>INFO</level>
  <class>com.kms.katalon.core.logging.XmlKeywordLogger</class>
  <method>logMessage</method>
  <thread>1</thread>
  <message>(Default) input_city = Cincinnati</message>
  <nestedLevel>1</nestedLevel>
  <escapedJava>false</escapedJava>
</record>
<record>
  <date>2026-01-06T15:28:02.717875Z</date>
  <millis>1767713282717</millis>
  <nanos>875000</nanos>
  <sequence>1298</sequence>
  <level>INFO</level>
  <class>com.kms.katalon.core.logging.XmlKeywordLogger</class>
  <method>logMessage</method>
  <thread>1</thread>
  <message>(Default) input_dateOfBirth = 11/11/2000</message>
  <nestedLevel>1</nestedLevel>
  <escapedJava>false</escapedJava>
</record>
<record>
  <date>2026-01-06T15:28:02.723191Z</date>
  <millis>1767713282723</millis>
  <nanos>191000</nanos>
  <sequence>1299</sequence>
  <level>INFO</level>
  <class>com.kms.katalon.core.logging.XmlKeywordLogger</class>
  <method>logMessage</method>
  <thread>1</thread>
  <message>(Default) input_firstName = Carol</message>
  <nestedLevel>1</nestedLevel>
  <escapedJava>false</escapedJava>
</record>
<record>
  <date>2026-01-06T15:28:02.729218Z</date>
  <millis>1767713282729</millis>
  <nanos>218000</nanos>
  <sequence>1300</sequence>
  <level>INFO</level>
  <class>com.kms.katalon.core.logging.XmlKeywordLogger</class>
  <method>logMessage</method>
  <thread>1</thread>
  <message>(Default) input_lastName = Jones</message>
  <nestedLevel>1</nestedLevel>
  <escapedJava>false</escapedJava>
</record>
<record>
  <date>2026-01-06T15:28:02.735902Z</date>
  <millis>1767713282735</millis>
  <nanos>902000</nanos>
  <sequence>1301</sequence>
  <level>INFO</level>
  <class>com.kms.katalon.core.logging.XmlKeywordLogger</class>
  <method>logMessage</method>
  <thread>1</thread>
  <message>(Default) input_zipCode = 43221</message>
  <nestedLevel>1</nestedLevel>
  <escapedJava>false</escapedJava>
</record>
<record>
  <date>2026-01-06T15:28:02.742441Z</date>
  <millis>1767713282742</millis>
  <nanos>441000</nanos>
  <sequence>1302</sequence>
  <level>INFO</level>
  <class>com.kms.katalon.core.logging.XmlKeywordLogger</class>
  <method>logMessage</method>
  <thread>1</thread>
  <message>(Default) select_state = Ohio</message>
  <nestedLevel>1</nestedLevel>
  <escapedJava>false</escapedJava>
</record>
<record>
  <date>2026-01-06T15:28:02.826818Z</date>
  <millis>1767713282826</millis>
  <nanos>818000</nanos>
  <sequence>1303</sequence>
  <level>INFO</level>
  <class>com.kms.katalon.core.logging.XmlKeywordLogger</class>
  <method>logMessage</method>
  <thread>1</thread>
  <message>(Default) select_transferFrom = Checking (...7890)</message>
  <nestedLevel>1</nestedLevel>
  <escapedJava>false</escapedJava>
</record>
<record>
  <date>2026-01-06T15:28:02.827088Z</date>
  <millis>1767713282827</millis>
  <nanos>88000</nanos>
  <sequence>1304</sequence>
  <level>START</level>
  <class>com.kms.katalon.core.logging.XmlKeywordLogger</class>
  <method>startKeyword</method>
  <thread>1</thread>
  <message>Start listener action : enableSauceLabs</message>
  <nestedLevel>1</nestedLevel>
  <escapedJava>false</escapedJava>
</record>
<record>
  <date>2026-01-06T15:28:02.827416Z</date>
  <millis>1767713282827</millis>
  <nanos>416000</nanos>
  <sequence>1306</sequence>
  <level>INFO</level>
  <class>com.kms.katalon.core.logging.XmlKeywordLogger</class>
  <method>logMessage</method>
  <thread>1</thread>
  <message>[SAUCELABS] Current run configuration: Chrome</message>
  <nestedLevel>1</nestedLevel>
  <escapedJava>false</escapedJava>
</record>
<record>
  <date>2026-01-06T15:28:02.827651Z</date>
  <millis>1767713282827</millis>
  <nanos>651000</nanos>
  <sequence>1307</sequence>
  <level>INFO</level>
  <class>com.kms.katalon.core.logging.XmlKeywordLogger</class>
  <method>logMessage</method>
  <thread>1</thread>
  <message>[SAUCELABS] Saucelabs Plugin will not attempt to auto update job status and information !</message>
  <nestedLevel>1</nestedLevel>
  <escapedJava>false</escapedJava>
</record>
<record>
  <date>2026-01-06T15:28:02.827739Z</date>
  <millis>1767713282827</millis>
  <nanos>739000</nanos>
  <sequence>1309</sequence>
  <level>END</level>
  <class>com.kms.katalon.core.logging.XmlKeywordLogger</class>
  <method>endKeyword</method>
  <thread>1</thread>
  <message>End listener action : enableSauceLabs</message>
  <nestedLevel>1</nestedLevel>
  <escapedJava>false</escapedJava>
</record>
<record>
  <date>2026-01-06T15:28:02.827866Z</date>
  <millis>1767713282827</millis>
  <nanos>866000</nanos>
  <sequence>1311</sequence>
  <level>START</level>
  <class>com.kms.katalon.core.logging.XmlKeywordLogger</class>
  <method>startKeyword</method>
  <thread>1</thread>
  <message>Start setup action : setup</message>
  <nestedLevel>1</nestedLevel>
  <escapedJava>false</escapedJava>
  <property name="stepIndex">1</property>
</record>
<record>
  <date>2026-01-06T15:28:02.881046Z</date>
  <millis>1767713282881</millis>
  <nanos>46000</nanos>
  <sequence>1312</sequence>
  <level>START</level>
  <class>com.kms.katalon.core.logging.XmlKeywordLogger</class>
  <method>startKeyword</method>
  <thread>1</thread>
  <message>Start action : openBrowser(&amp;quot;&amp;quot;)</message>
  <nestedLevel>1</nestedLevel>
  <escapedJava>false</escapedJava>
  <property name="startLine">13</property>
  <property name="stepIndex">1</property>
</record>
<record>
  <date>2026-01-06T15:28:02.882955Z</date>
  <millis>1767713282882</millis>
  <nanos>955000</nanos>
  <sequence>1315</sequence>
  <level>INFO</level>
  <class>com.kms.katalon.core.logging.XmlKeywordLogger</class>
  <method>logMessage</method>
  <thread>1</thread>
  <message>Starting &amp;apos;Chrome&amp;apos; driver</message>
  <nestedLevel>1</nestedLevel>
  <escapedJava>false</escapedJava>
</record>
<record>
  <date>2026-01-06T15:28:02.883466Z</date>
  <millis>1767713282883</millis>
  <nanos>466000</nanos>
  <sequence>1316</sequence>
  <level>INFO</level>
  <class>com.kms.katalon.core.logging.XmlKeywordLogger</class>
  <method>logMessage</method>
  <thread>1</thread>
  <message>Action delay is set to 0 milliseconds</message>
  <nestedLevel>1</nestedLevel>
  <escapedJava>false</escapedJava>
</record>
<record>
  <date>2026-01-06T15:28:03.954458Z</date>
  <millis>1767713283954</millis>
  <nanos>458000</nanos>
  <sequence>1319</sequence>
  <level>RUN_DATA</level>
  <class>com.kms.katalon.core.logging.XmlKeywordLogger</class>
  <method>logMessage</method>
  <thread>1</thread>
  <message>sessionId = b112b134385902f0a4d1ce968e587168</message>
  <nestedLevel>1</nestedLevel>
  <escapedJava>false</escapedJava>
  <property name="sessionId">b112b134385902f0a4d1ce968e587168</property>
</record>
<record>
  <date>2026-01-06T15:28:03.954732Z</date>
  <millis>1767713283954</millis>
  <nanos>732000</nanos>
  <sequence>1320</sequence>
  <level>RUN_DATA</level>
  <class>com.kms.katalon.core.logging.XmlKeywordLogger</class>
  <method>logMessage</method>
  <thread>1</thread>
  <message>browser = Chrome 143.0.7499.147</message>
  <nestedLevel>1</nestedLevel>
  <escapedJava>false</escapedJava>
  <property name="browser">Chrome 143.0.7499.147</property>
</record>
<record>
  <date>2026-01-06T15:28:03.954783Z</date>
  <millis>1767713283954</millis>
  <nanos>783000</nanos>
  <sequence>1321</sequence>
  <level>RUN_DATA</level>
  <class>com.kms.katalon.core.logging.XmlKeywordLogger</class>
  <method>logMessage</method>
  <thread>1</thread>
  <message>platform = Mac OS X</message>
  <nestedLevel>1</nestedLevel>
  <escapedJava>false</escapedJava>
  <property name="platform">Mac OS X</property>
</record>
<record>
  <date>2026-01-06T15:28:03.954822Z</date>
  <millis>1767713283954</millis>
  <nanos>822000</nanos>
  <sequence>1322</sequence>
  <level>RUN_DATA</level>
  <class>com.kms.katalon.core.logging.XmlKeywordLogger</class>
  <method>logMessage</method>
  <thread>1</thread>
  <message>seleniumVersion = 4.34.0</message>
  <nestedLevel>1</nestedLevel>
  <escapedJava>false</escapedJava>
  <property name="seleniumVersion">4.34.0</property>
</record>
<record>
  <date>2026-01-06T15:28:03.955013Z</date>
  <millis>1767713283955</millis>
  <nanos>13000</nanos>
  <sequence>1323</sequence>
  <level>RUN_DATA</level>
  <class>com.kms.katalon.core.logging.XmlKeywordLogger</class>
  <method>logMessage</method>
  <thread>1</thread>
  <message>proxyInformation = ProxyInformation { proxyOption=NO_PROXY, proxyServerType=HTTP, username=, password=********, proxyServerAddress=, proxyServerPort=0, executionList=&amp;quot;&amp;quot;, isApplyToDesiredCapabilities=true }</message>
  <nestedLevel>1</nestedLevel>
  <escapedJava>false</escapedJava>
  <property name="proxyInformation">ProxyInformation { proxyOption=NO_PROXY, proxyServerType=HTTP, username=, password=********, proxyServerAddress=, proxyServerPort=0, executionList=&quot;&quot;, isApplyToDesiredCapabilities=true }</property>
</record>
<record>
  <date>2026-01-06T15:28:03.960958Z</date>
  <millis>1767713283960</millis>
  <nanos>958000</nanos>
  <sequence>1324</sequence>
  <level>PASSED</level>
  <class>com.kms.katalon.core.logging.XmlKeywordLogger</class>
  <method>logMessage</method>
  <thread>1</thread>
  <message>Browser is opened with url: &amp;apos;&amp;apos;</message>
  <nestedLevel>1</nestedLevel>
  <escapedJava>false</escapedJava>
  <property name="testops-method-name">com.kms.katalon.core.webui.keyword.builtin.OpenBrowserKeyword.openBrowser</property>
  <property name="testops-execution-stacktrace"></property>
</record>
<record>
  <date>2026-01-06T15:28:03.961543Z</date>
  <millis>1767713283961</millis>
  <nanos>543000</nanos>
  <sequence>1325</sequence>
  <level>END</level>
  <class>com.kms.katalon.core.logging.XmlKeywordLogger</class>
  <method>endKeyword</method>
  <thread>1</thread>
  <message>End action : openBrowser(&amp;quot;&amp;quot;)</message>
  <nestedLevel>1</nestedLevel>
  <escapedJava>false</escapedJava>
</record>
<record>
  <date>2026-01-06T15:28:03.961596Z</date>
  <millis>1767713283961</millis>
  <nanos>596000</nanos>
  <sequence>1326</sequence>
  <level>START</level>
  <class>com.kms.katalon.core.logging.XmlKeywordLogger</class>
  <method>startKeyword</method>
  <thread>1</thread>
  <message>Start action : setViewPortSize(1512, 823)</message>
  <nestedLevel>1</nestedLevel>
  <escapedJava>false</escapedJava>
  <property name="startLine">14</property>
  <property name="stepIndex">2</property>
</record>
<record>
  <date>2026-01-06T15:28:03.991047Z</date>
  <millis>1767713283991</millis>
  <nanos>47000</nanos>
  <sequence>1330</sequence>
  <level>PASSED</level>
  <class>com.kms.katalon.core.logging.XmlKeywordLogger</class>
  <method>logMessage</method>
  <thread>1</thread>
  <message>Viewport is set to new size with width = 1512 and height = 823</message>
  <nestedLevel>1</nestedLevel>
  <escapedJava>false</escapedJava>
  <property name="testops-method-name">com.kms.katalon.core.webui.keyword.builtin.SetViewPortSizeKeyword.setViewPortSize</property>
  <property name="testops-execution-stacktrace"></property>
</record>
<record>
  <date>2026-01-06T15:28:03.991180Z</date>
  <millis>1767713283991</millis>
  <nanos>180000</nanos>
  <sequence>1331</sequence>
  <level>END</level>
  <class>com.kms.katalon.core.logging.XmlKeywordLogger</class>
  <method>endKeyword</method>
  <thread>1</thread>
  <message>End action : setViewPortSize(1512, 823)</message>
  <nestedLevel>1</nestedLevel>
  <escapedJava>false</escapedJava>
</record>
<record>
  <date>2026-01-06T15:28:03.991324Z</date>
  <millis>1767713283991</millis>
  <nanos>324000</nanos>
  <sequence>1333</sequence>
  <level>PASSED</level>
  <class>com.kms.katalon.core.logging.XmlKeywordLogger</class>
  <method>logMessage</method>
  <thread>1</thread>
  <message>Method &amp;apos;setup&amp;apos; complete successfully</message>
  <nestedLevel>1</nestedLevel>
  <escapedJava>false</escapedJava>
  <property name="testops-execution-stacktrace">com.kms.katalon.core.logging.KeywordLogger.logPassed(KeywordLogger.java:332)
com.kms.katalon.core.logging.KeywordLogger.logPassed(KeywordLogger.java:346)
com.kms.katalon.core.main.TestCaseExecutor.runMethod(TestCaseExecutor.java:639)
com.kms.katalon.core.main.TestCaseExecutor.internallyRunMethods(TestCaseExecutor.java:622)
com.kms.katalon.core.main.TestCaseExecutor.processSetupPhase(TestCaseExecutor.java:234)
com.kms.katalon.core.main.TestCaseExecutor.accessMainPhase(TestCaseExecutor.java:448)
com.kms.katalon.core.main.TestCaseExecutor.execute(TestCaseExecutor.java:322)
com.kms.katalon.core.common.CommonExecutor.accessTestCaseMainPhase(CommonExecutor.java:71)
com.kms.katalon.core.main.TestSuiteExecutor.accessTestSuiteMainPhase(TestSuiteExecutor.java:153)
com.kms.katalon.core.main.TestSuiteExecutor.execute(TestSuiteExecutor.java:110)
com.kms.katalon.core.main.TestCaseMain.startTestSuite(TestCaseMain.java:205)
TempTestSuite1767713198027.run(TempTestSuite1767713198027.groovy:35)
java.base/jdk.internal.reflect.NativeMethodAccessorImpl.invoke0(Native Method)
java.base/jdk.internal.reflect.NativeMethodAccessorImpl.invoke(NativeMethodAccessorImpl.java:77)
java.base/jdk.internal.reflect.DelegatingMethodAccessorImpl.invoke(DelegatingMethodAccessorImpl.java:43)
</property>
</record>
<record>
  <date>2026-01-06T15:28:03.991391Z</date>
  <millis>1767713283991</millis>
  <nanos>391000</nanos>
  <sequence>1334</sequence>
  <level>END</level>
  <class>com.kms.katalon.core.logging.XmlKeywordLogger</class>
  <method>endKeyword</method>
  <thread>1</thread>
  <message>End setup action : setup</message>
  <nestedLevel>1</nestedLevel>
  <escapedJava>false</escapedJava>
</record>
<record>
  <date>2026-01-06T15:28:03.992277Z</date>
  <millis>1767713283992</millis>
  <nanos>277000</nanos>
  <sequence>1335</sequence>
  <level>START</level>
  <class>com.kms.katalon.core.logging.XmlKeywordLogger</class>
  <method>startKeyword</method>
  <thread>1</thread>
  <message>Start action : reportLocation = getReportFolder()</message>
  <nestedLevel>1</nestedLevel>
  <escapedJava>false</escapedJava>
  <property name="startLine">7</property>
  <property name="stepIndex">1</property>
</record>
<record>
  <date>2026-01-06T15:28:03.992596Z</date>
  <millis>1767713283992</millis>
  <nanos>596000</nanos>
  <sequence>1336</sequence>
  <level>END</level>
  <class>com.kms.katalon.core.logging.XmlKeywordLogger</class>
  <method>endKeyword</method>
  <thread>1</thread>
  <message>End action : reportLocation = getReportFolder()</message>
  <nestedLevel>1</nestedLevel>
  <escapedJava>false</escapedJava>
</record>
<record>
  <date>2026-01-06T15:28:03.992629Z</date>
  <millis>1767713283992</millis>
  <nanos>629000</nanos>
  <sequence>1337</sequence>
  <level>START</level>
  <class>com.kms.katalon.core.logging.XmlKeywordLogger</class>
  <method>startKeyword</method>
  <thread>1</thread>
  <message>Start action : &amp;quot;Initialize test session: Open browser and set view port&amp;quot;</message>
  <nestedLevel>1</nestedLevel>
  <escapedJava>false</escapedJava>
  <property name="startLine">9</property>
  <property name="stepIndex">2</property>
</record>
<record>
  <date>2026-01-06T15:28:03.993386Z</date>
  <millis>1767713283993</millis>
  <nanos>386000</nanos>
  <sequence>1338</sequence>
  <level>END</level>
  <class>com.kms.katalon.core.logging.XmlKeywordLogger</class>
  <method>endKeyword</method>
  <thread>1</thread>
  <message>End action : &amp;quot;Initialize test session: Open browser and set view port&amp;quot;</message>
  <nestedLevel>1</nestedLevel>
  <escapedJava>false</escapedJava>
</record>
<record>
  <date>2026-01-06T15:28:03.993465Z</date>
  <millis>1767713283993</millis>
  <nanos>465000</nanos>
  <sequence>1339</sequence>
  <level>START</level>
  <class>com.kms.katalon.core.logging.XmlKeywordLogger</class>
  <method>startKeyword</method>
  <thread>1</thread>
  <message>Start action : TrueTestScripts.navigate(&amp;quot;&amp;quot;)</message>
  <nestedLevel>1</nestedLevel>
  <escapedJava>false</escapedJava>
  <property name="startLine">20</property>
  <property name="stepIndex">3</property>
  <property name="description">Step 1: Navigate to /login</property>
</record>
<record>
  <date>2026-01-06T15:28:04.372848Z</date>
  <millis>1767713284372</millis>
  <nanos>848000</nanos>
  <sequence>1343</sequence>
  <level>PASSED</level>
  <class>com.kms.katalon.core.logging.XmlKeywordLogger</class>
  <method>logMessage</method>
  <thread>1</thread>
  <message>Navigate to &amp;apos;https://katalian-banking.vercel.app/&amp;apos; successfully</message>
  <nestedLevel>1</nestedLevel>
  <escapedJava>false</escapedJava>
  <property name="testops-method-name">com.kms.katalon.core.webui.keyword.builtin.NavigateToUrlKeyword.navigateToUrl</property>
  <property name="testops-execution-stacktrace"></property>
</record>
<record>
  <date>2026-01-06T15:28:07.379355Z</date>
  <millis>1767713287379</millis>
  <nanos>355000</nanos>
  <sequence>1346</sequence>
  <level>PASSED</level>
  <class>com.kms.katalon.core.logging.XmlKeywordLogger</class>
  <method>logMessage</method>
  <thread>1</thread>
  <message>Delayed 3 second(s)</message>
  <nestedLevel>1</nestedLevel>
  <escapedJava>false</escapedJava>
  <property name="testops-method-name">com.kms.katalon.core.keyword.builtin.DelayKeyword.delay</property>
  <property name="testops-execution-stacktrace"></property>
</record>
<record>
  <date>2026-01-06T15:28:07.380019Z</date>
  <millis>1767713287380</millis>
  <nanos>19000</nanos>
  <sequence>1347</sequence>
  <level>END</level>
  <class>com.kms.katalon.core.logging.XmlKeywordLogger</class>
  <method>endKeyword</method>
  <thread>1</thread>
  <message>End action : TrueTestScripts.navigate(&amp;quot;&amp;quot;)</message>
  <nestedLevel>1</nestedLevel>
  <escapedJava>false</escapedJava>
</record>
<record>
  <date>2026-01-06T15:28:07.380099Z</date>
  <millis>1767713287380</millis>
  <nanos>99000</nanos>
  <sequence>1348</sequence>
  <level>START</level>
  <class>com.kms.katalon.core.logging.XmlKeywordLogger</class>
  <method>startKeyword</method>
  <thread>1</thread>
  <message>Start action : enhancedClick(findTestObject(&amp;quot;AI-Generated/Katalian Banking Production/Page_login/div_username&amp;quot;))</message>
  <nestedLevel>1</nestedLevel>
  <escapedJava>false</escapedJava>
  <property name="startLine">24</property>
  <property name="stepIndex">4</property>
  <property name="description">Step 2: Click on div username</property>
</record>
<record>
  <date>2026-01-06T15:28:07.413630Z</date>
  <millis>1767713287413</millis>
  <nanos>630000</nanos>
  <sequence>1360</sequence>
  <level>PASSED</level>
  <class>com.kms.katalon.core.logging.XmlKeywordLogger</class>
  <method>logMessage</method>
  <thread>1</thread>
  <message>Object: &amp;apos;Object Repository/AI-Generated/Katalian Banking Production/Page_login/div_username&amp;apos; is clicked on</message>
  <nestedLevel>1</nestedLevel>
  <escapedJava>false</escapedJava>
  <property name="testops-method-name">com.kms.katalon.core.webui.keyword.internal.WebUIKeywordMain.runKeywordUntilTimeout</property>
  <property name="testops-execution-stacktrace">com.kms.katalon.core.logging.KeywordLogger.logPassed(KeywordLogger.java:332)
com.kms.katalon.core.logging.KeywordLogger.logPassed(KeywordLogger.java:327)
com.kms.katalon.core.webui.keyword.builtin.EnhancedClickKeyword$_click_closure1$_closure5.doCall(EnhancedClickKeyword.groovy:88)
jdk.internal.reflect.GeneratedMethodAccessor47.invoke(Unknown Source)
java.base/jdk.internal.reflect.DelegatingMethodAccessorImpl.invoke(DelegatingMethodAccessorImpl.java:43)
jdk.proxy2/jdk.proxy2.$Proxy54.accept(Unknown Source)
com.kms.katalon.core.trymonad.Success.onSuccess(Try.java:263)
com.kms.katalon.core.webui.keyword.builtin.EnhancedClickKeyword$_click_closure1.doCall(EnhancedClickKeyword.groovy:71)
jdk.internal.reflect.GeneratedMethodAccessor45.invoke(Unknown Source)
java.base/jdk.internal.reflect.DelegatingMethodAccessorImpl.invoke(DelegatingMethodAccessorImpl.java:43)
jdk.proxy2/jdk.proxy2.$Proxy51.execute(Unknown Source)
com.kms.katalon.core.webui.model.SeleniumActionRetryController.performAction(SeleniumActionRetryController.java:96)
com.kms.katalon.core.webui.model.SeleniumActionRetryController.performAction(SeleniumActionRetryController.java:83)
com.kms.katalon.core.webui.keyword.internal.WebUIKeywordMain$_runKeywordUntilTimeout_closure1.doCall(WebUIKeywordMain.groovy:135)
com.kms.katalon.core.webui.keyword.internal.WebUIKeywordMain$_runKeywordUntilTimeout_closure1.call(WebUIKeywordMain.groovy)
com.kms.katalon.core.webui.keyword.internal.WebUIKeywordMain.runKeyword(WebUIKeywordMain.groovy:41)
com.kms.katalon.core.webui.keyword.internal.WebUIKeywordMain.runKeywordUntilTimeout(WebUIKeywordMain.groovy:133)
com.kms.katalon.core.webui.keyword.builtin.EnhancedClickKeyword.click(EnhancedClickKeyword.groovy:95)
com.kms.katalon.core.webui.keyword.builtin.EnhancedClickKeyword.execute(EnhancedClickKeyword.groovy:41)
com.kms.katalon.core.keyword.internal.KeywordExecutor.executeKeywordForPlatform(KeywordExecutor.groovy:90)
com.kms.katalon.core.webui.keyword.WebUiBuiltInKeywords.enhancedClick(WebUiBuiltInKeywords.groovy:747)
TC4-Apply for Checking Account and Transfer Balance.run(TC4-Apply for Checking Account and Transfer Balance:24)
</property>
</record>
<record>
  <date>2026-01-06T15:28:07.414714Z</date>
  <millis>1767713287414</millis>
  <nanos>714000</nanos>
  <sequence>1361</sequence>
  <level>END</level>
  <class>com.kms.katalon.core.logging.XmlKeywordLogger</class>
  <method>endKeyword</method>
  <thread>1</thread>
  <message>End action : enhancedClick(findTestObject(&amp;quot;AI-Generated/Katalian Banking Production/Page_login/div_username&amp;quot;))</message>
  <nestedLevel>1</nestedLevel>
  <escapedJava>false</escapedJava>
</record>
<record>
  <date>2026-01-06T15:28:07.414788Z</date>
  <millis>1767713287414</millis>
  <nanos>788000</nanos>
  <sequence>1362</sequence>
  <level>START</level>
  <class>com.kms.katalon.core.logging.XmlKeywordLogger</class>
  <method>startKeyword</method>
  <thread>1</thread>
  <message>Start action : TrueTestScripts.login()</message>
  <nestedLevel>1</nestedLevel>
  <escapedJava>false</escapedJava>
  <property name="startLine">30</property>
  <property name="stepIndex">5</property>
  <property name="description">Step 3: Login into Application</property>
</record>
<record>
  <date>2026-01-06T15:28:07.472428Z</date>
  <millis>1767713287472</millis>
  <nanos>428000</nanos>
  <sequence>1366</sequence>
  <level>START</level>
  <class>com.kms.katalon.core.logging.XmlKeywordLogger</class>
  <method>startTest</method>
  <thread>1</thread>
  <message>Start Test Case : Test Cases/Login</message>
  <nestedLevel>2</nestedLevel>
  <escapedJava>false</escapedJava>
  <property name="origin"></property>
  <property name="name">Test Cases/Login</property>
  <property name="description"></property>
  <property name="iteration"></property>
  <property name="id">Test Cases/Login</property>
  <property name="source">\Users\gia\Downloads\Katalian_Banking_2.0-main\Test Cases\Login.tc</property>
  <property name="tag"></property>
  <property name="isOptional">false</property>
</record>
<record>
  <date>2026-01-06T15:28:07.475656Z</date>
  <millis>1767713287475</millis>
  <nanos>656000</nanos>
  <sequence>1368</sequence>
  <level>START</level>
  <class>com.kms.katalon.core.logging.XmlKeywordLogger</class>
  <method>startKeyword</method>
  <thread>1</thread>
  <message>Start action : setText(findTestObject(&amp;quot;Object Repository/Page_Katalian Bank/input_Username_username&amp;quot;), &amp;quot;bankinguser123&amp;quot;)</message>
  <nestedLevel>1</nestedLevel>
  <escapedJava>false</escapedJava>
  <property name="startLine">20</property>
  <property name="stepIndex">1</property>
</record>
<record>
  <date>2026-01-06T15:28:07.995906Z</date>
  <millis>1767713287995</millis>
  <nanos>906000</nanos>
  <sequence>1382</sequence>
  <level>PASSED</level>
  <class>com.kms.katalon.core.logging.XmlKeywordLogger</class>
  <method>logMessage</method>
  <thread>1</thread>
  <message>Text &amp;apos;bankinguser123&amp;apos; is set on object &amp;apos;Object Repository/Page_Katalian Bank/input_Username_username&amp;apos;</message>
  <nestedLevel>2</nestedLevel>
  <escapedJava>false</escapedJava>
  <property name="testops-method-name">com.kms.katalon.core.webui.keyword.internal.WebUIKeywordMain.runKeywordUntilTimeout</property>
  <property name="testops-execution-stacktrace">com.kms.katalon.core.logging.KeywordLogger.logPassed(KeywordLogger.java:332)
com.kms.katalon.core.logging.KeywordLogger.logPassed(KeywordLogger.java:327)
com.kms.katalon.core.webui.keyword.builtin.SetTextKeyword$_setText_closure1.doCall(SetTextKeyword.groovy:99)
java.base/jdk.internal.reflect.NativeMethodAccessorImpl.invoke0(Native Method)
java.base/jdk.internal.reflect.NativeMethodAccessorImpl.invoke(NativeMethodAccessorImpl.java:77)
java.base/jdk.internal.reflect.DelegatingMethodAccessorImpl.invoke(DelegatingMethodAccessorImpl.java:43)
jdk.proxy2/jdk.proxy2.$Proxy51.execute(Unknown Source)
com.kms.katalon.core.webui.model.SeleniumActionRetryController.performAction(SeleniumActionRetryController.java:96)
com.kms.katalon.core.webui.model.SeleniumActionRetryController.performAction(SeleniumActionRetryController.java:83)
com.kms.katalon.core.webui.keyword.internal.WebUIKeywordMain$_runKeywordUntilTimeout_closure1.doCall(WebUIKeywordMain.groovy:135)
com.kms.katalon.core.webui.keyword.internal.WebUIKeywordMain$_runKeywordUntilTimeout_closure1.call(WebUIKeywordMain.groovy)
com.kms.katalon.core.webui.keyword.internal.WebUIKeywordMain.runKeyword(WebUIKeywordMain.groovy:41)
com.kms.katalon.core.webui.keyword.internal.WebUIKeywordMain.runKeywordUntilTimeout(WebUIKeywordMain.groovy:133)
com.kms.katalon.core.webui.keyword.builtin.SetTextKeyword.setText(SetTextKeyword.groovy:106)
com.kms.katalon.core.webui.keyword.builtin.SetTextKeyword.execute(SetTextKeyword.groovy:49)
com.kms.katalon.core.keyword.internal.KeywordExecutor.executeKeywordForPlatform(KeywordExecutor.groovy:90)
com.kms.katalon.core.webui.keyword.WebUiBuiltInKeywords.setText(WebUiBuiltInKeywords.groovy:1081)
Login.run(Login:20)
</property>
</record>
<record>
  <date>2026-01-06T15:28:07.996256Z</date>
  <millis>1767713287996</millis>
  <nanos>256000</nanos>
  <sequence>1383</sequence>
  <level>END</level>
  <class>com.kms.katalon.core.logging.XmlKeywordLogger</class>
  <method>endKeyword</method>
  <thread>1</thread>
  <message>End action : setText(findTestObject(&amp;quot;Object Repository/Page_Katalian Bank/input_Username_username&amp;quot;), &amp;quot;bankinguser123&amp;quot;)</message>
  <nestedLevel>1</nestedLevel>
  <escapedJava>false</escapedJava>
</record>
<record>
  <date>2026-01-06T15:28:07.996313Z</date>
  <millis>1767713287996</millis>
  <nanos>313000</nanos>
  <sequence>1384</sequence>
  <level>START</level>
  <class>com.kms.katalon.core.logging.XmlKeywordLogger</class>
  <method>startKeyword</method>
  <thread>1</thread>
  <message>Start action : setEncryptedText(findTestObject(&amp;quot;Object Repository/Page_Katalian Bank/input_Password_password&amp;quot;), &amp;quot;CS9RmWxFPRFoMJc95WUBEN4WG8mxfTJo&amp;quot;)</message>
  <nestedLevel>1</nestedLevel>
  <escapedJava>false</escapedJava>
  <property name="startLine">22</property>
  <property name="stepIndex">2</property>
</record>
<record>
  <date>2026-01-06T15:28:08.246090Z</date>
  <millis>1767713288246</millis>
  <nanos>90000</nanos>
  <sequence>1397</sequence>
  <level>PASSED</level>
  <class>com.kms.katalon.core.logging.XmlKeywordLogger</class>
  <method>logMessage</method>
  <thread>1</thread>
  <message>Text ****** has been set on object &amp;apos;Object Repository/Page_Katalian Bank/input_Password_password&amp;apos;</message>
  <nestedLevel>2</nestedLevel>
  <escapedJava>false</escapedJava>
  <property name="testops-method-name">com.kms.katalon.core.webui.keyword.internal.WebUIKeywordMain.runKeywordUntilTimeout</property>
  <property name="testops-execution-stacktrace">com.kms.katalon.core.logging.KeywordLogger.logPassed(KeywordLogger.java:332)
com.kms.katalon.core.logging.KeywordLogger.logPassed(KeywordLogger.java:327)
com.kms.katalon.core.webui.keyword.builtin.SetEncryptedTextKeyword$_setEncryptedText_closure1.doCall(SetEncryptedTextKeyword.groovy:82)
java.base/jdk.internal.reflect.NativeMethodAccessorImpl.invoke0(Native Method)
java.base/jdk.internal.reflect.NativeMethodAccessorImpl.invoke(NativeMethodAccessorImpl.java:77)
java.base/jdk.internal.reflect.DelegatingMethodAccessorImpl.invoke(DelegatingMethodAccessorImpl.java:43)
jdk.proxy2/jdk.proxy2.$Proxy51.execute(Unknown Source)
com.kms.katalon.core.webui.model.SeleniumActionRetryController.performAction(SeleniumActionRetryController.java:96)
com.kms.katalon.core.webui.model.SeleniumActionRetryController.performAction(SeleniumActionRetryController.java:83)
com.kms.katalon.core.webui.keyword.internal.WebUIKeywordMain$_runKeywordUntilTimeout_closure1.doCall(WebUIKeywordMain.groovy:135)
com.kms.katalon.core.webui.keyword.internal.WebUIKeywordMain$_runKeywordUntilTimeout_closure1.call(WebUIKeywordMain.groovy)
com.kms.katalon.core.webui.keyword.internal.WebUIKeywordMain.runKeyword(WebUIKeywordMain.groovy:41)
com.kms.katalon.core.webui.keyword.internal.WebUIKeywordMain.runKeywordUntilTimeout(WebUIKeywordMain.groovy:133)
com.kms.katalon.core.webui.keyword.builtin.SetEncryptedTextKeyword.setEncryptedText(SetEncryptedTextKeyword.groovy:88)
com.kms.katalon.core.webui.keyword.builtin.SetEncryptedTextKeyword.execute(SetEncryptedTextKeyword.groovy:48)
com.kms.katalon.core.keyword.internal.KeywordExecutor.executeKeywordForPlatform(KeywordExecutor.groovy:90)
com.kms.katalon.core.webui.keyword.WebUiBuiltInKeywords.setEncryptedText(WebUiBuiltInKeywords.groovy:1112)
Login.run(Login:22)
</property>
</record>
<record>
  <date>2026-01-06T15:28:08.246445Z</date>
  <millis>1767713288246</millis>
  <nanos>445000</nanos>
  <sequence>1398</sequence>
  <level>END</level>
  <class>com.kms.katalon.core.logging.XmlKeywordLogger</class>
  <method>endKeyword</method>
  <thread>1</thread>
  <message>End action : setEncryptedText(findTestObject(&amp;quot;Object Repository/Page_Katalian Bank/input_Password_password&amp;quot;), &amp;quot;CS9RmWxFPRFoMJc95WUBEN4WG8mxfTJo&amp;quot;)</message>
  <nestedLevel>1</nestedLevel>
  <escapedJava>false</escapedJava>
</record>
<record>
  <date>2026-01-06T15:28:08.246495Z</date>
  <millis>1767713288246</millis>
  <nanos>495000</nanos>
  <sequence>1399</sequence>
  <level>START</level>
  <class>com.kms.katalon.core.logging.XmlKeywordLogger</class>
  <method>startKeyword</method>
  <thread>1</thread>
  <message>Start action : click(findTestObject(&amp;quot;Object Repository/Page_Katalian Bank/button_Sign in&amp;quot;))</message>
  <nestedLevel>1</nestedLevel>
  <escapedJava>false</escapedJava>
  <property name="startLine">24</property>
  <property name="stepIndex">3</property>
</record>
<record>
  <date>2026-01-06T15:28:08.500809Z</date>
  <millis>1767713288500</millis>
  <nanos>809000</nanos>
  <sequence>1410</sequence>
  <level>PASSED</level>
  <class>com.kms.katalon.core.logging.XmlKeywordLogger</class>
  <method>logMessage</method>
  <thread>1</thread>
  <message>Object: &amp;apos;Object Repository/Page_Katalian Bank/button_Sign in&amp;apos; is clicked on</message>
  <nestedLevel>2</nestedLevel>
  <escapedJava>false</escapedJava>
  <property name="testops-method-name">com.kms.katalon.core.webui.keyword.internal.WebUIKeywordMain.runKeywordUntilTimeout</property>
  <property name="testops-execution-stacktrace">com.kms.katalon.core.logging.KeywordLogger.logPassed(KeywordLogger.java:332)
com.kms.katalon.core.logging.KeywordLogger.logPassed(KeywordLogger.java:327)
com.kms.katalon.core.webui.keyword.builtin.ClickKeyword$_click_closure1.doCall(ClickKeyword.groovy:66)
java.base/jdk.internal.reflect.NativeMethodAccessorImpl.invoke0(Native Method)
java.base/jdk.internal.reflect.NativeMethodAccessorImpl.invoke(NativeMethodAccessorImpl.java:77)
java.base/jdk.internal.reflect.DelegatingMethodAccessorImpl.invoke(DelegatingMethodAccessorImpl.java:43)
jdk.proxy2/jdk.proxy2.$Proxy51.execute(Unknown Source)
com.kms.katalon.core.webui.model.SeleniumActionRetryController.performAction(SeleniumActionRetryController.java:96)
com.kms.katalon.core.webui.model.SeleniumActionRetryController.performAction(SeleniumActionRetryController.java:83)
com.kms.katalon.core.webui.keyword.internal.WebUIKeywordMain$_runKeywordUntilTimeout_closure1.doCall(WebUIKeywordMain.groovy:135)
com.kms.katalon.core.webui.keyword.internal.WebUIKeywordMain$_runKeywordUntilTimeout_closure1.call(WebUIKeywordMain.groovy)
com.kms.katalon.core.webui.keyword.internal.WebUIKeywordMain.runKeyword(WebUIKeywordMain.groovy:41)
com.kms.katalon.core.webui.keyword.internal.WebUIKeywordMain.runKeywordUntilTimeout(WebUIKeywordMain.groovy:133)
com.kms.katalon.core.webui.keyword.builtin.ClickKeyword.click(ClickKeyword.groovy:72)
com.kms.katalon.core.webui.keyword.builtin.ClickKeyword.execute(ClickKeyword.groovy:38)
com.kms.katalon.core.keyword.internal.KeywordExecutor.executeKeywordForPlatform(KeywordExecutor.groovy:90)
com.kms.katalon.core.webui.keyword.WebUiBuiltInKeywords.click(WebUiBuiltInKeywords.groovy:721)
Login.run(Login:24)
</property>
</record>
<record>
  <date>2026-01-06T15:28:08.501275Z</date>
  <millis>1767713288501</millis>
  <nanos>275000</nanos>
  <sequence>1411</sequence>
  <level>END</level>
  <class>com.kms.katalon.core.logging.XmlKeywordLogger</class>
  <method>endKeyword</method>
  <thread>1</thread>
  <message>End action : click(findTestObject(&amp;quot;Object Repository/Page_Katalian Bank/button_Sign in&amp;quot;))</message>
  <nestedLevel>1</nestedLevel>
  <escapedJava>false</escapedJava>
</record>
<record>
  <date>2026-01-06T15:28:08.501345Z</date>
  <millis>1767713288501</millis>
  <nanos>345000</nanos>
  <sequence>1412</sequence>
  <level>START</level>
  <class>com.kms.katalon.core.logging.XmlKeywordLogger</class>
  <method>startKeyword</method>
  <thread>1</thread>
  <message>Start action : verifyElementPresent(findTestObject(&amp;quot;Object Repository/Page_Katalian Bank/h1_Katalian Bank&amp;quot;), 0)</message>
  <nestedLevel>1</nestedLevel>
  <escapedJava>false</escapedJava>
  <property name="startLine">26</property>
  <property name="stepIndex">4</property>
</record>
<record>
  <date>2026-01-06T15:28:08.503788Z</date>
  <millis>1767713288503</millis>
  <nanos>788000</nanos>
  <sequence>1417</sequence>
  <level>WARNING</level>
  <class>com.kms.katalon.core.logging.XmlKeywordLogger</class>
  <method>logMessage</method>
  <thread>1</thread>
  <message>Timeout &amp;apos;0&amp;apos; is invalid. Using default page load timeout: &amp;apos;10&amp;apos;</message>
  <nestedLevel>2</nestedLevel>
  <escapedJava>false</escapedJava>
</record>
<record>
  <date>2026-01-06T15:28:08.917712Z</date>
  <millis>1767713288917</millis>
  <nanos>712000</nanos>
  <sequence>1420</sequence>
  <level>PASSED</level>
  <class>com.kms.katalon.core.logging.XmlKeywordLogger</class>
  <method>logMessage</method>
  <thread>1</thread>
  <message>Object &amp;apos;Object Repository/Page_Katalian Bank/h1_Katalian Bank&amp;apos; is present</message>
  <nestedLevel>2</nestedLevel>
  <escapedJava>false</escapedJava>
  <property name="testops-is-assertion">true</property>
  <property name="testops-method-name">com.kms.katalon.core.webui.keyword.builtin.VerifyElementPresentKeyword.verifyElementPresent</property>
  <property name="testops-execution-stacktrace"></property>
</record>
<record>
  <date>2026-01-06T15:28:08.917844Z</date>
  <millis>1767713288917</millis>
  <nanos>844000</nanos>
  <sequence>1421</sequence>
  <level>END</level>
  <class>com.kms.katalon.core.logging.XmlKeywordLogger</class>
  <method>endKeyword</method>
  <thread>1</thread>
  <message>End action : verifyElementPresent(findTestObject(&amp;quot;Object Repository/Page_Katalian Bank/h1_Katalian Bank&amp;quot;), 0)</message>
  <nestedLevel>1</nestedLevel>
  <escapedJava>false</escapedJava>
</record>
<record>
  <date>2026-01-06T15:28:08.917898Z</date>
  <millis>1767713288917</millis>
  <nanos>898000</nanos>
  <sequence>1422</sequence>
  <level>PASSED</level>
  <class>com.kms.katalon.core.logging.XmlKeywordLogger</class>
  <method>logMessage</method>
  <thread>1</thread>
  <message>Test Cases/Login</message>
  <nestedLevel>2</nestedLevel>
  <escapedJava>false</escapedJava>
</record>
<record>
  <date>2026-01-06T15:28:08.918032Z</date>
  <millis>1767713288918</millis>
  <nanos>32000</nanos>
  <sequence>1423</sequence>
  <level>END</level>
  <class>com.kms.katalon.core.logging.XmlKeywordLogger</class>
  <method>endTest</method>
  <thread>1</thread>
  <message>End Test Case : Test Cases/Login</message>
  <nestedLevel>1</nestedLevel>
  <escapedJava>false</escapedJava>
</record>
<record>
  <date>2026-01-06T15:28:08.918102Z</date>
  <millis>1767713288918</millis>
  <nanos>102000</nanos>
  <sequence>1424</sequence>
  <level>PASSED</level>
  <class>com.kms.katalon.core.logging.XmlKeywordLogger</class>
  <method>logMessage</method>
  <thread>1</thread>
  <message>Call Test Case &amp;apos;Test Cases/Login&amp;apos; successfully</message>
  <nestedLevel>1</nestedLevel>
  <escapedJava>false</escapedJava>
  <property name="testops-method-name">com.kms.katalon.core.keyword.builtin.CallTestCaseKeyword.callTestCase</property>
  <property name="testops-execution-stacktrace"></property>
</record>
<record>
  <date>2026-01-06T15:28:08.918731Z</date>
  <millis>1767713288918</millis>
  <nanos>731000</nanos>
  <sequence>1425</sequence>
  <level>END</level>
  <class>com.kms.katalon.core.logging.XmlKeywordLogger</class>
  <method>endKeyword</method>
  <thread>1</thread>
  <message>End action : TrueTestScripts.login()</message>
  <nestedLevel>1</nestedLevel>
  <escapedJava>false</escapedJava>
</record>
<record>
  <date>2026-01-06T15:28:08.918773Z</date>
  <millis>1767713288918</millis>
  <nanos>773000</nanos>
  <sequence>1426</sequence>
  <level>START</level>
  <class>com.kms.katalon.core.logging.XmlKeywordLogger</class>
  <method>startKeyword</method>
  <thread>1</thread>
  <message>Start action : enhancedClick(findTestObject(&amp;quot;AI-Generated/Katalian Banking Production/Page_dashboard/button_applyNow3&amp;quot;))</message>
  <nestedLevel>1</nestedLevel>
  <escapedJava>false</escapedJava>
  <property name="startLine">34</property>
  <property name="stepIndex">6</property>
  <property name="description">Step 4: Click on button applyNow3 -&gt; Navigate to page &apos;/apply/Checking&apos;</property>
</record>
<record>
  <date>2026-01-06T15:28:08.958345Z</date>
  <millis>1767713288958</millis>
  <nanos>345000</nanos>
  <sequence>1438</sequence>
  <level>PASSED</level>
  <class>com.kms.katalon.core.logging.XmlKeywordLogger</class>
  <method>logMessage</method>
  <thread>1</thread>
  <message>Object: &amp;apos;Object Repository/AI-Generated/Katalian Banking Production/Page_dashboard/button_applyNow3&amp;apos; is clicked on</message>
  <nestedLevel>1</nestedLevel>
  <escapedJava>false</escapedJava>
  <property name="testops-method-name">com.kms.katalon.core.webui.keyword.internal.WebUIKeywordMain.runKeywordUntilTimeout</property>
  <property name="testops-execution-stacktrace">com.kms.katalon.core.logging.KeywordLogger.logPassed(KeywordLogger.java:332)
com.kms.katalon.core.logging.KeywordLogger.logPassed(KeywordLogger.java:327)
com.kms.katalon.core.webui.keyword.builtin.EnhancedClickKeyword$_click_closure1$_closure5.doCall(EnhancedClickKeyword.groovy:88)
jdk.internal.reflect.GeneratedMethodAccessor47.invoke(Unknown Source)
java.base/jdk.internal.reflect.DelegatingMethodAccessorImpl.invoke(DelegatingMethodAccessorImpl.java:43)
jdk.proxy2/jdk.proxy2.$Proxy54.accept(Unknown Source)
com.kms.katalon.core.trymonad.Success.onSuccess(Try.java:263)
com.kms.katalon.core.webui.keyword.builtin.EnhancedClickKeyword$_click_closure1.doCall(EnhancedClickKeyword.groovy:71)
jdk.internal.reflect.GeneratedMethodAccessor45.invoke(Unknown Source)
java.base/jdk.internal.reflect.DelegatingMethodAccessorImpl.invoke(DelegatingMethodAccessorImpl.java:43)
jdk.proxy2/jdk.proxy2.$Proxy51.execute(Unknown Source)
com.kms.katalon.core.webui.model.SeleniumActionRetryController.performAction(SeleniumActionRetryController.java:96)
com.kms.katalon.core.webui.model.SeleniumActionRetryController.performAction(SeleniumActionRetryController.java:83)
com.kms.katalon.core.webui.keyword.internal.WebUIKeywordMain$_runKeywordUntilTimeout_closure1.doCall(WebUIKeywordMain.groovy:135)
com.kms.katalon.core.webui.keyword.internal.WebUIKeywordMain$_runKeywordUntilTimeout_closure1.call(WebUIKeywordMain.groovy)
com.kms.katalon.core.webui.keyword.internal.WebUIKeywordMain.runKeyword(WebUIKeywordMain.groovy:41)
com.kms.katalon.core.webui.keyword.internal.WebUIKeywordMain.runKeywordUntilTimeout(WebUIKeywordMain.groovy:133)
com.kms.katalon.core.webui.keyword.builtin.EnhancedClickKeyword.click(EnhancedClickKeyword.groovy:95)
com.kms.katalon.core.webui.keyword.builtin.EnhancedClickKeyword.execute(EnhancedClickKeyword.groovy:41)
com.kms.katalon.core.keyword.internal.KeywordExecutor.executeKeywordForPlatform(KeywordExecutor.groovy:90)
com.kms.katalon.core.webui.keyword.WebUiBuiltInKeywords.enhancedClick(WebUiBuiltInKeywords.groovy:747)
TC4-Apply for Checking Account and Transfer Balance.run(TC4-Apply for Checking Account and Transfer Balance:34)
</property>
</record>
<record>
  <date>2026-01-06T15:28:08.959190Z</date>
  <millis>1767713288959</millis>
  <nanos>190000</nanos>
  <sequence>1439</sequence>
  <level>END</level>
  <class>com.kms.katalon.core.logging.XmlKeywordLogger</class>
  <method>endKeyword</method>
  <thread>1</thread>
  <message>End action : enhancedClick(findTestObject(&amp;quot;AI-Generated/Katalian Banking Production/Page_dashboard/button_applyNow3&amp;quot;))</message>
  <nestedLevel>1</nestedLevel>
  <escapedJava>false</escapedJava>
</record>
<record>
  <date>2026-01-06T15:28:08.959263Z</date>
  <millis>1767713288959</millis>
  <nanos>263000</nanos>
  <sequence>1440</sequence>
  <level>START</level>
  <class>com.kms.katalon.core.logging.XmlKeywordLogger</class>
  <method>startKeyword</method>
  <thread>1</thread>
  <message>Start action : enhancedClick(findTestObject(&amp;quot;AI-Generated/Katalian Banking Production/Page_apply_Checking/input_firstName&amp;quot;))</message>
  <nestedLevel>1</nestedLevel>
  <escapedJava>false</escapedJava>
  <property name="startLine">40</property>
  <property name="stepIndex">7</property>
  <property name="description">Step 5: Click on input firstName</property>
</record>
<record>
  <date>2026-01-06T15:28:08.993676Z</date>
  <millis>1767713288993</millis>
  <nanos>676000</nanos>
  <sequence>1452</sequence>
  <level>PASSED</level>
  <class>com.kms.katalon.core.logging.XmlKeywordLogger</class>
  <method>logMessage</method>
  <thread>1</thread>
  <message>Object: &amp;apos;Object Repository/AI-Generated/Katalian Banking Production/Page_apply_Checking/input_firstName&amp;apos; is clicked on</message>
  <nestedLevel>1</nestedLevel>
  <escapedJava>false</escapedJava>
  <property name="testops-method-name">com.kms.katalon.core.webui.keyword.internal.WebUIKeywordMain.runKeywordUntilTimeout</property>
  <property name="testops-execution-stacktrace">com.kms.katalon.core.logging.KeywordLogger.logPassed(KeywordLogger.java:332)
com.kms.katalon.core.logging.KeywordLogger.logPassed(KeywordLogger.java:327)
com.kms.katalon.core.webui.keyword.builtin.EnhancedClickKeyword$_click_closure1$_closure5.doCall(EnhancedClickKeyword.groovy:88)
jdk.internal.reflect.GeneratedMethodAccessor47.invoke(Unknown Source)
java.base/jdk.internal.reflect.DelegatingMethodAccessorImpl.invoke(DelegatingMethodAccessorImpl.java:43)
jdk.proxy2/jdk.proxy2.$Proxy54.accept(Unknown Source)
com.kms.katalon.core.trymonad.Success.onSuccess(Try.java:263)
com.kms.katalon.core.webui.keyword.builtin.EnhancedClickKeyword$_click_closure1.doCall(EnhancedClickKeyword.groovy:71)
jdk.internal.reflect.GeneratedMethodAccessor45.invoke(Unknown Source)
java.base/jdk.internal.reflect.DelegatingMethodAccessorImpl.invoke(DelegatingMethodAccessorImpl.java:43)
jdk.proxy2/jdk.proxy2.$Proxy51.execute(Unknown Source)
com.kms.katalon.core.webui.model.SeleniumActionRetryController.performAction(SeleniumActionRetryController.java:96)
com.kms.katalon.core.webui.model.SeleniumActionRetryController.performAction(SeleniumActionRetryController.java:83)
com.kms.katalon.core.webui.keyword.internal.WebUIKeywordMain$_runKeywordUntilTimeout_closure1.doCall(WebUIKeywordMain.groovy:135)
com.kms.katalon.core.webui.keyword.internal.WebUIKeywordMain$_runKeywordUntilTimeout_closure1.call(WebUIKeywordMain.groovy)
com.kms.katalon.core.webui.keyword.internal.WebUIKeywordMain.runKeyword(WebUIKeywordMain.groovy:41)
com.kms.katalon.core.webui.keyword.internal.WebUIKeywordMain.runKeywordUntilTimeout(WebUIKeywordMain.groovy:133)
com.kms.katalon.core.webui.keyword.builtin.EnhancedClickKeyword.click(EnhancedClickKeyword.groovy:95)
com.kms.katalon.core.webui.keyword.builtin.EnhancedClickKeyword.execute(EnhancedClickKeyword.groovy:41)
com.kms.katalon.core.keyword.internal.KeywordExecutor.executeKeywordForPlatform(KeywordExecutor.groovy:90)
com.kms.katalon.core.webui.keyword.WebUiBuiltInKeywords.enhancedClick(WebUiBuiltInKeywords.groovy:747)
TC4-Apply for Checking Account and Transfer Balance.run(TC4-Apply for Checking Account and Transfer Balance:40)
</property>
</record>
<record>
  <date>2026-01-06T15:28:08.994391Z</date>
  <millis>1767713288994</millis>
  <nanos>391000</nanos>
  <sequence>1453</sequence>
  <level>END</level>
  <class>com.kms.katalon.core.logging.XmlKeywordLogger</class>
  <method>endKeyword</method>
  <thread>1</thread>
  <message>End action : enhancedClick(findTestObject(&amp;quot;AI-Generated/Katalian Banking Production/Page_apply_Checking/input_firstName&amp;quot;))</message>
  <nestedLevel>1</nestedLevel>
  <escapedJava>false</escapedJava>
</record>
<record>
  <date>2026-01-06T15:28:08.994470Z</date>
  <millis>1767713288994</millis>
  <nanos>470000</nanos>
  <sequence>1454</sequence>
  <level>START</level>
  <class>com.kms.katalon.core.logging.XmlKeywordLogger</class>
  <method>startKeyword</method>
  <thread>1</thread>
  <message>Start action : setText(findTestObject(&amp;quot;AI-Generated/Katalian Banking Production/Page_apply_Checking/input_firstName&amp;quot;), input_firstName)</message>
  <nestedLevel>1</nestedLevel>
  <escapedJava>false</escapedJava>
  <property name="startLine">46</property>
  <property name="stepIndex">8</property>
  <property name="description">Step 6: Enter input value in input firstName</property>
</record>
<record>
  <date>2026-01-06T15:28:09.041016Z</date>
  <millis>1767713289041</millis>
  <nanos>16000</nanos>
  <sequence>1468</sequence>
  <level>PASSED</level>
  <class>com.kms.katalon.core.logging.XmlKeywordLogger</class>
  <method>logMessage</method>
  <thread>1</thread>
  <message>Text &amp;apos;Carol&amp;apos; is set on object &amp;apos;Object Repository/AI-Generated/Katalian Banking Production/Page_apply_Checking/input_firstName&amp;apos;</message>
  <nestedLevel>1</nestedLevel>
  <escapedJava>false</escapedJava>
  <property name="testops-method-name">com.kms.katalon.core.webui.keyword.internal.WebUIKeywordMain.runKeywordUntilTimeout</property>
  <property name="testops-execution-stacktrace">com.kms.katalon.core.logging.KeywordLogger.logPassed(KeywordLogger.java:332)
com.kms.katalon.core.logging.KeywordLogger.logPassed(KeywordLogger.java:327)
com.kms.katalon.core.webui.keyword.builtin.SetTextKeyword$_setText_closure1.doCall(SetTextKeyword.groovy:99)
java.base/jdk.internal.reflect.NativeMethodAccessorImpl.invoke0(Native Method)
java.base/jdk.internal.reflect.NativeMethodAccessorImpl.invoke(NativeMethodAccessorImpl.java:77)
java.base/jdk.internal.reflect.DelegatingMethodAccessorImpl.invoke(DelegatingMethodAccessorImpl.java:43)
jdk.proxy2/jdk.proxy2.$Proxy51.execute(Unknown Source)
com.kms.katalon.core.webui.model.SeleniumActionRetryController.performAction(SeleniumActionRetryController.java:96)
com.kms.katalon.core.webui.model.SeleniumActionRetryController.performAction(SeleniumActionRetryController.java:83)
com.kms.katalon.core.webui.keyword.internal.WebUIKeywordMain$_runKeywordUntilTimeout_closure1.doCall(WebUIKeywordMain.groovy:135)
com.kms.katalon.core.webui.keyword.internal.WebUIKeywordMain$_runKeywordUntilTimeout_closure1.call(WebUIKeywordMain.groovy)
com.kms.katalon.core.webui.keyword.internal.WebUIKeywordMain.runKeyword(WebUIKeywordMain.groovy:41)
com.kms.katalon.core.webui.keyword.internal.WebUIKeywordMain.runKeywordUntilTimeout(WebUIKeywordMain.groovy:133)
com.kms.katalon.core.webui.keyword.builtin.SetTextKeyword.setText(SetTextKeyword.groovy:106)
com.kms.katalon.core.webui.keyword.builtin.SetTextKeyword.execute(SetTextKeyword.groovy:49)
com.kms.katalon.core.keyword.internal.KeywordExecutor.executeKeywordForPlatform(KeywordExecutor.groovy:90)
com.kms.katalon.core.webui.keyword.WebUiBuiltInKeywords.setText(WebUiBuiltInKeywords.groovy:1081)
TC4-Apply for Checking Account and Transfer Balance.run(TC4-Apply for Checking Account and Transfer Balance:46)
</property>
</record>
<record>
  <date>2026-01-06T15:28:09.041650Z</date>
  <millis>1767713289041</millis>
  <nanos>650000</nanos>
  <sequence>1469</sequence>
  <level>END</level>
  <class>com.kms.katalon.core.logging.XmlKeywordLogger</class>
  <method>endKeyword</method>
  <thread>1</thread>
  <message>End action : setText(findTestObject(&amp;quot;AI-Generated/Katalian Banking Production/Page_apply_Checking/input_firstName&amp;quot;), input_firstName)</message>
  <nestedLevel>1</nestedLevel>
  <escapedJava>false</escapedJava>
</record>
<record>
  <date>2026-01-06T15:28:09.041706Z</date>
  <millis>1767713289041</millis>
  <nanos>706000</nanos>
  <sequence>1470</sequence>
  <level>START</level>
  <class>com.kms.katalon.core.logging.XmlKeywordLogger</class>
  <method>startKeyword</method>
  <thread>1</thread>
  <message>Start action : enhancedClick(findTestObject(&amp;quot;AI-Generated/Katalian Banking Production/Page_apply_Checking/input_lastName&amp;quot;))</message>
  <nestedLevel>1</nestedLevel>
  <escapedJava>false</escapedJava>
  <property name="startLine">52</property>
  <property name="stepIndex">9</property>
  <property name="description">Step 7: Click on input lastName</property>
</record>
<record>
  <date>2026-01-06T15:28:09.067430Z</date>
  <millis>1767713289067</millis>
  <nanos>430000</nanos>
  <sequence>1482</sequence>
  <level>PASSED</level>
  <class>com.kms.katalon.core.logging.XmlKeywordLogger</class>
  <method>logMessage</method>
  <thread>1</thread>
  <message>Object: &amp;apos;Object Repository/AI-Generated/Katalian Banking Production/Page_apply_Checking/input_lastName&amp;apos; is clicked on</message>
  <nestedLevel>1</nestedLevel>
  <escapedJava>false</escapedJava>
  <property name="testops-method-name">com.kms.katalon.core.webui.keyword.internal.WebUIKeywordMain.runKeywordUntilTimeout</property>
  <property name="testops-execution-stacktrace">com.kms.katalon.core.logging.KeywordLogger.logPassed(KeywordLogger.java:332)
com.kms.katalon.core.logging.KeywordLogger.logPassed(KeywordLogger.java:327)
com.kms.katalon.core.webui.keyword.builtin.EnhancedClickKeyword$_click_closure1$_closure5.doCall(EnhancedClickKeyword.groovy:88)
jdk.internal.reflect.GeneratedMethodAccessor47.invoke(Unknown Source)
java.base/jdk.internal.reflect.DelegatingMethodAccessorImpl.invoke(DelegatingMethodAccessorImpl.java:43)
jdk.proxy2/jdk.proxy2.$Proxy54.accept(Unknown Source)
com.kms.katalon.core.trymonad.Success.onSuccess(Try.java:263)
com.kms.katalon.core.webui.keyword.builtin.EnhancedClickKeyword$_click_closure1.doCall(EnhancedClickKeyword.groovy:71)
jdk.internal.reflect.GeneratedMethodAccessor45.invoke(Unknown Source)
java.base/jdk.internal.reflect.DelegatingMethodAccessorImpl.invoke(DelegatingMethodAccessorImpl.java:43)
jdk.proxy2/jdk.proxy2.$Proxy51.execute(Unknown Source)
com.kms.katalon.core.webui.model.SeleniumActionRetryController.performAction(SeleniumActionRetryController.java:96)
com.kms.katalon.core.webui.model.SeleniumActionRetryController.performAction(SeleniumActionRetryController.java:83)
com.kms.katalon.core.webui.keyword.internal.WebUIKeywordMain$_runKeywordUntilTimeout_closure1.doCall(WebUIKeywordMain.groovy:135)
com.kms.katalon.core.webui.keyword.internal.WebUIKeywordMain$_runKeywordUntilTimeout_closure1.call(WebUIKeywordMain.groovy)
com.kms.katalon.core.webui.keyword.internal.WebUIKeywordMain.runKeyword(WebUIKeywordMain.groovy:41)
com.kms.katalon.core.webui.keyword.internal.WebUIKeywordMain.runKeywordUntilTimeout(WebUIKeywordMain.groovy:133)
com.kms.katalon.core.webui.keyword.builtin.EnhancedClickKeyword.click(EnhancedClickKeyword.groovy:95)
com.kms.katalon.core.webui.keyword.builtin.EnhancedClickKeyword.execute(EnhancedClickKeyword.groovy:41)
com.kms.katalon.core.keyword.internal.KeywordExecutor.executeKeywordForPlatform(KeywordExecutor.groovy:90)
com.kms.katalon.core.webui.keyword.WebUiBuiltInKeywords.enhancedClick(WebUiBuiltInKeywords.groovy:747)
TC4-Apply for Checking Account and Transfer Balance.run(TC4-Apply for Checking Account and Transfer Balance:52)
</property>
</record>
<record>
  <date>2026-01-06T15:28:09.068531Z</date>
  <millis>1767713289068</millis>
  <nanos>531000</nanos>
  <sequence>1483</sequence>
  <level>END</level>
  <class>com.kms.katalon.core.logging.XmlKeywordLogger</class>
  <method>endKeyword</method>
  <thread>1</thread>
  <message>End action : enhancedClick(findTestObject(&amp;quot;AI-Generated/Katalian Banking Production/Page_apply_Checking/input_lastName&amp;quot;))</message>
  <nestedLevel>1</nestedLevel>
  <escapedJava>false</escapedJava>
</record>
<record>
  <date>2026-01-06T15:28:09.068598Z</date>
  <millis>1767713289068</millis>
  <nanos>598000</nanos>
  <sequence>1484</sequence>
  <level>START</level>
  <class>com.kms.katalon.core.logging.XmlKeywordLogger</class>
  <method>startKeyword</method>
  <thread>1</thread>
  <message>Start action : setText(findTestObject(&amp;quot;AI-Generated/Katalian Banking Production/Page_apply_Checking/input_lastName&amp;quot;), input_lastName)</message>
  <nestedLevel>1</nestedLevel>
  <escapedJava>false</escapedJava>
  <property name="startLine">58</property>
  <property name="stepIndex">10</property>
  <property name="description">Step 8: Enter input value in input lastName</property>
</record>
<record>
  <date>2026-01-06T15:28:09.108293Z</date>
  <millis>1767713289108</millis>
  <nanos>293000</nanos>
  <sequence>1498</sequence>
  <level>PASSED</level>
  <class>com.kms.katalon.core.logging.XmlKeywordLogger</class>
  <method>logMessage</method>
  <thread>1</thread>
  <message>Text &amp;apos;Jones&amp;apos; is set on object &amp;apos;Object Repository/AI-Generated/Katalian Banking Production/Page_apply_Checking/input_lastName&amp;apos;</message>
  <nestedLevel>1</nestedLevel>
  <escapedJava>false</escapedJava>
  <property name="testops-method-name">com.kms.katalon.core.webui.keyword.internal.WebUIKeywordMain.runKeywordUntilTimeout</property>
  <property name="testops-execution-stacktrace">com.kms.katalon.core.logging.KeywordLogger.logPassed(KeywordLogger.java:332)
com.kms.katalon.core.logging.KeywordLogger.logPassed(KeywordLogger.java:327)
com.kms.katalon.core.webui.keyword.builtin.SetTextKeyword$_setText_closure1.doCall(SetTextKeyword.groovy:99)
java.base/jdk.internal.reflect.NativeMethodAccessorImpl.invoke0(Native Method)
java.base/jdk.internal.reflect.NativeMethodAccessorImpl.invoke(NativeMethodAccessorImpl.java:77)
java.base/jdk.internal.reflect.DelegatingMethodAccessorImpl.invoke(DelegatingMethodAccessorImpl.java:43)
jdk.proxy2/jdk.proxy2.$Proxy51.execute(Unknown Source)
com.kms.katalon.core.webui.model.SeleniumActionRetryController.performAction(SeleniumActionRetryController.java:96)
com.kms.katalon.core.webui.model.SeleniumActionRetryController.performAction(SeleniumActionRetryController.java:83)
com.kms.katalon.core.webui.keyword.internal.WebUIKeywordMain$_runKeywordUntilTimeout_closure1.doCall(WebUIKeywordMain.groovy:135)
com.kms.katalon.core.webui.keyword.internal.WebUIKeywordMain$_runKeywordUntilTimeout_closure1.call(WebUIKeywordMain.groovy)
com.kms.katalon.core.webui.keyword.internal.WebUIKeywordMain.runKeyword(WebUIKeywordMain.groovy:41)
com.kms.katalon.core.webui.keyword.internal.WebUIKeywordMain.runKeywordUntilTimeout(WebUIKeywordMain.groovy:133)
com.kms.katalon.core.webui.keyword.builtin.SetTextKeyword.setText(SetTextKeyword.groovy:106)
com.kms.katalon.core.webui.keyword.builtin.SetTextKeyword.execute(SetTextKeyword.groovy:49)
com.kms.katalon.core.keyword.internal.KeywordExecutor.executeKeywordForPlatform(KeywordExecutor.groovy:90)
com.kms.katalon.core.webui.keyword.WebUiBuiltInKeywords.setText(WebUiBuiltInKeywords.groovy:1081)
TC4-Apply for Checking Account and Transfer Balance.run(TC4-Apply for Checking Account and Transfer Balance:58)
</property>
</record>
<record>
  <date>2026-01-06T15:28:09.108964Z</date>
  <millis>1767713289108</millis>
  <nanos>964000</nanos>
  <sequence>1499</sequence>
  <level>END</level>
  <class>com.kms.katalon.core.logging.XmlKeywordLogger</class>
  <method>endKeyword</method>
  <thread>1</thread>
  <message>End action : setText(findTestObject(&amp;quot;AI-Generated/Katalian Banking Production/Page_apply_Checking/input_lastName&amp;quot;), input_lastName)</message>
  <nestedLevel>1</nestedLevel>
  <escapedJava>false</escapedJava>
</record>
<record>
  <date>2026-01-06T15:28:09.109034Z</date>
  <millis>1767713289109</millis>
  <nanos>34000</nanos>
  <sequence>1500</sequence>
  <level>START</level>
  <class>com.kms.katalon.core.logging.XmlKeywordLogger</class>
  <method>startKeyword</method>
  <thread>1</thread>
  <message>Start action : setText(findTestObject(&amp;quot;AI-Generated/Katalian Banking Production/Page_apply_Checking/input_dateOfBirth&amp;quot;), input_dateOfBirth)</message>
  <nestedLevel>1</nestedLevel>
  <escapedJava>false</escapedJava>
  <property name="startLine">64</property>
  <property name="stepIndex">11</property>
  <property name="description">Step 9: Enter input value in input dateOfBirth</property>
</record>
<record>
  <date>2026-01-06T15:28:09.154311Z</date>
  <millis>1767713289154</millis>
  <nanos>311000</nanos>
  <sequence>1514</sequence>
  <level>PASSED</level>
  <class>com.kms.katalon.core.logging.XmlKeywordLogger</class>
  <method>logMessage</method>
  <thread>1</thread>
  <message>Text &amp;apos;11/11/2000&amp;apos; is set on object &amp;apos;Object Repository/AI-Generated/Katalian Banking Production/Page_apply_Checking/input_dateOfBirth&amp;apos;</message>
  <nestedLevel>1</nestedLevel>
  <escapedJava>false</escapedJava>
  <property name="testops-method-name">com.kms.katalon.core.webui.keyword.internal.WebUIKeywordMain.runKeywordUntilTimeout</property>
  <property name="testops-execution-stacktrace">com.kms.katalon.core.logging.KeywordLogger.logPassed(KeywordLogger.java:332)
com.kms.katalon.core.logging.KeywordLogger.logPassed(KeywordLogger.java:327)
com.kms.katalon.core.webui.keyword.builtin.SetTextKeyword$_setText_closure1.doCall(SetTextKeyword.groovy:99)
java.base/jdk.internal.reflect.NativeMethodAccessorImpl.invoke0(Native Method)
java.base/jdk.internal.reflect.NativeMethodAccessorImpl.invoke(NativeMethodAccessorImpl.java:77)
java.base/jdk.internal.reflect.DelegatingMethodAccessorImpl.invoke(DelegatingMethodAccessorImpl.java:43)
jdk.proxy2/jdk.proxy2.$Proxy51.execute(Unknown Source)
com.kms.katalon.core.webui.model.SeleniumActionRetryController.performAction(SeleniumActionRetryController.java:96)
com.kms.katalon.core.webui.model.SeleniumActionRetryController.performAction(SeleniumActionRetryController.java:83)
com.kms.katalon.core.webui.keyword.internal.WebUIKeywordMain$_runKeywordUntilTimeout_closure1.doCall(WebUIKeywordMain.groovy:135)
com.kms.katalon.core.webui.keyword.internal.WebUIKeywordMain$_runKeywordUntilTimeout_closure1.call(WebUIKeywordMain.groovy)
com.kms.katalon.core.webui.keyword.internal.WebUIKeywordMain.runKeyword(WebUIKeywordMain.groovy:41)
com.kms.katalon.core.webui.keyword.internal.WebUIKeywordMain.runKeywordUntilTimeout(WebUIKeywordMain.groovy:133)
com.kms.katalon.core.webui.keyword.builtin.SetTextKeyword.setText(SetTextKeyword.groovy:106)
com.kms.katalon.core.webui.keyword.builtin.SetTextKeyword.execute(SetTextKeyword.groovy:49)
com.kms.katalon.core.keyword.internal.KeywordExecutor.executeKeywordForPlatform(KeywordExecutor.groovy:90)
com.kms.katalon.core.webui.keyword.WebUiBuiltInKeywords.setText(WebUiBuiltInKeywords.groovy:1081)
TC4-Apply for Checking Account and Transfer Balance.run(TC4-Apply for Checking Account and Transfer Balance:64)
</property>
</record>
<record>
  <date>2026-01-06T15:28:09.154993Z</date>
  <millis>1767713289154</millis>
  <nanos>993000</nanos>
  <sequence>1515</sequence>
  <level>END</level>
  <class>com.kms.katalon.core.logging.XmlKeywordLogger</class>
  <method>endKeyword</method>
  <thread>1</thread>
  <message>End action : setText(findTestObject(&amp;quot;AI-Generated/Katalian Banking Production/Page_apply_Checking/input_dateOfBirth&amp;quot;), input_dateOfBirth)</message>
  <nestedLevel>1</nestedLevel>
  <escapedJava>false</escapedJava>
</record>
<record>
  <date>2026-01-06T15:28:09.155199Z</date>
  <millis>1767713289155</millis>
  <nanos>199000</nanos>
  <sequence>1516</sequence>
  <level>START</level>
  <class>com.kms.katalon.core.logging.XmlKeywordLogger</class>
  <method>startKeyword</method>
  <thread>1</thread>
  <message>Start action : enhancedClick(findTestObject(&amp;quot;AI-Generated/Katalian Banking Production/Page_apply_Checking/button_next&amp;quot;))</message>
  <nestedLevel>1</nestedLevel>
  <escapedJava>false</escapedJava>
  <property name="startLine">70</property>
  <property name="stepIndex">12</property>
  <property name="description">Step 10: Click on button next</property>
</record>
<record>
  <date>2026-01-06T15:28:09.180813Z</date>
  <millis>1767713289180</millis>
  <nanos>813000</nanos>
  <sequence>1528</sequence>
  <level>PASSED</level>
  <class>com.kms.katalon.core.logging.XmlKeywordLogger</class>
  <method>logMessage</method>
  <thread>1</thread>
  <message>Object: &amp;apos;Object Repository/AI-Generated/Katalian Banking Production/Page_apply_Checking/button_next&amp;apos; is clicked on</message>
  <nestedLevel>1</nestedLevel>
  <escapedJava>false</escapedJava>
  <property name="testops-method-name">com.kms.katalon.core.webui.keyword.internal.WebUIKeywordMain.runKeywordUntilTimeout</property>
  <property name="testops-execution-stacktrace">com.kms.katalon.core.logging.KeywordLogger.logPassed(KeywordLogger.java:332)
com.kms.katalon.core.logging.KeywordLogger.logPassed(KeywordLogger.java:327)
com.kms.katalon.core.webui.keyword.builtin.EnhancedClickKeyword$_click_closure1$_closure5.doCall(EnhancedClickKeyword.groovy:88)
jdk.internal.reflect.GeneratedMethodAccessor47.invoke(Unknown Source)
java.base/jdk.internal.reflect.DelegatingMethodAccessorImpl.invoke(DelegatingMethodAccessorImpl.java:43)
jdk.proxy2/jdk.proxy2.$Proxy54.accept(Unknown Source)
com.kms.katalon.core.trymonad.Success.onSuccess(Try.java:263)
com.kms.katalon.core.webui.keyword.builtin.EnhancedClickKeyword$_click_closure1.doCall(EnhancedClickKeyword.groovy:71)
jdk.internal.reflect.GeneratedMethodAccessor45.invoke(Unknown Source)
java.base/jdk.internal.reflect.DelegatingMethodAccessorImpl.invoke(DelegatingMethodAccessorImpl.java:43)
jdk.proxy2/jdk.proxy2.$Proxy51.execute(Unknown Source)
com.kms.katalon.core.webui.model.SeleniumActionRetryController.performAction(SeleniumActionRetryController.java:96)
com.kms.katalon.core.webui.model.SeleniumActionRetryController.performAction(SeleniumActionRetryController.java:83)
com.kms.katalon.core.webui.keyword.internal.WebUIKeywordMain$_runKeywordUntilTimeout_closure1.doCall(WebUIKeywordMain.groovy:135)
com.kms.katalon.core.webui.keyword.internal.WebUIKeywordMain$_runKeywordUntilTimeout_closure1.call(WebUIKeywordMain.groovy)
com.kms.katalon.core.webui.keyword.internal.WebUIKeywordMain.runKeyword(WebUIKeywordMain.groovy:41)
com.kms.katalon.core.webui.keyword.internal.WebUIKeywordMain.runKeywordUntilTimeout(WebUIKeywordMain.groovy:133)
com.kms.katalon.core.webui.keyword.builtin.EnhancedClickKeyword.click(EnhancedClickKeyword.groovy:95)
com.kms.katalon.core.webui.keyword.builtin.EnhancedClickKeyword.execute(EnhancedClickKeyword.groovy:41)
com.kms.katalon.core.keyword.internal.KeywordExecutor.executeKeywordForPlatform(KeywordExecutor.groovy:90)
com.kms.katalon.core.webui.keyword.WebUiBuiltInKeywords.enhancedClick(WebUiBuiltInKeywords.groovy:747)
TC4-Apply for Checking Account and Transfer Balance.run(TC4-Apply for Checking Account and Transfer Balance:70)
</property>
</record>
<record>
  <date>2026-01-06T15:28:09.181589Z</date>
  <millis>1767713289181</millis>
  <nanos>589000</nanos>
  <sequence>1529</sequence>
  <level>END</level>
  <class>com.kms.katalon.core.logging.XmlKeywordLogger</class>
  <method>endKeyword</method>
  <thread>1</thread>
  <message>End action : enhancedClick(findTestObject(&amp;quot;AI-Generated/Katalian Banking Production/Page_apply_Checking/button_next&amp;quot;))</message>
  <nestedLevel>1</nestedLevel>
  <escapedJava>false</escapedJava>
</record>
<record>
  <date>2026-01-06T15:28:09.181664Z</date>
  <millis>1767713289181</millis>
  <nanos>664000</nanos>
  <sequence>1530</sequence>
  <level>START</level>
  <class>com.kms.katalon.core.logging.XmlKeywordLogger</class>
  <method>startKeyword</method>
  <thread>1</thread>
  <message>Start action : enhancedClick(findTestObject(&amp;quot;AI-Generated/Katalian Banking Production/Page_apply_Checking/input_addressLine&amp;quot;))</message>
  <nestedLevel>1</nestedLevel>
  <escapedJava>false</escapedJava>
  <property name="startLine">76</property>
  <property name="stepIndex">13</property>
  <property name="description">Step 11: Click on input addressLine</property>
</record>
<record>
  <date>2026-01-06T15:28:09.205762Z</date>
  <millis>1767713289205</millis>
  <nanos>762000</nanos>
  <sequence>1542</sequence>
  <level>PASSED</level>
  <class>com.kms.katalon.core.logging.XmlKeywordLogger</class>
  <method>logMessage</method>
  <thread>1</thread>
  <message>Object: &amp;apos;Object Repository/AI-Generated/Katalian Banking Production/Page_apply_Checking/input_addressLine&amp;apos; is clicked on</message>
  <nestedLevel>1</nestedLevel>
  <escapedJava>false</escapedJava>
  <property name="testops-method-name">com.kms.katalon.core.webui.keyword.internal.WebUIKeywordMain.runKeywordUntilTimeout</property>
  <property name="testops-execution-stacktrace">com.kms.katalon.core.logging.KeywordLogger.logPassed(KeywordLogger.java:332)
com.kms.katalon.core.logging.KeywordLogger.logPassed(KeywordLogger.java:327)
com.kms.katalon.core.webui.keyword.builtin.EnhancedClickKeyword$_click_closure1$_closure5.doCall(EnhancedClickKeyword.groovy:88)
jdk.internal.reflect.GeneratedMethodAccessor47.invoke(Unknown Source)
java.base/jdk.internal.reflect.DelegatingMethodAccessorImpl.invoke(DelegatingMethodAccessorImpl.java:43)
jdk.proxy2/jdk.proxy2.$Proxy54.accept(Unknown Source)
com.kms.katalon.core.trymonad.Success.onSuccess(Try.java:263)
com.kms.katalon.core.webui.keyword.builtin.EnhancedClickKeyword$_click_closure1.doCall(EnhancedClickKeyword.groovy:71)
jdk.internal.reflect.GeneratedMethodAccessor45.invoke(Unknown Source)
java.base/jdk.internal.reflect.DelegatingMethodAccessorImpl.invoke(DelegatingMethodAccessorImpl.java:43)
jdk.proxy2/jdk.proxy2.$Proxy51.execute(Unknown Source)
com.kms.katalon.core.webui.model.SeleniumActionRetryController.performAction(SeleniumActionRetryController.java:96)
com.kms.katalon.core.webui.model.SeleniumActionRetryController.performAction(SeleniumActionRetryController.java:83)
com.kms.katalon.core.webui.keyword.internal.WebUIKeywordMain$_runKeywordUntilTimeout_closure1.doCall(WebUIKeywordMain.groovy:135)
com.kms.katalon.core.webui.keyword.internal.WebUIKeywordMain$_runKeywordUntilTimeout_closure1.call(WebUIKeywordMain.groovy)
com.kms.katalon.core.webui.keyword.internal.WebUIKeywordMain.runKeyword(WebUIKeywordMain.groovy:41)
com.kms.katalon.core.webui.keyword.internal.WebUIKeywordMain.runKeywordUntilTimeout(WebUIKeywordMain.groovy:133)
com.kms.katalon.core.webui.keyword.builtin.EnhancedClickKeyword.click(EnhancedClickKeyword.groovy:95)
com.kms.katalon.core.webui.keyword.builtin.EnhancedClickKeyword.execute(EnhancedClickKeyword.groovy:41)
com.kms.katalon.core.keyword.internal.KeywordExecutor.executeKeywordForPlatform(KeywordExecutor.groovy:90)
com.kms.katalon.core.webui.keyword.WebUiBuiltInKeywords.enhancedClick(WebUiBuiltInKeywords.groovy:747)
TC4-Apply for Checking Account and Transfer Balance.run(TC4-Apply for Checking Account and Transfer Balance:76)
</property>
</record>
<record>
  <date>2026-01-06T15:28:09.206418Z</date>
  <millis>1767713289206</millis>
  <nanos>418000</nanos>
  <sequence>1543</sequence>
  <level>END</level>
  <class>com.kms.katalon.core.logging.XmlKeywordLogger</class>
  <method>endKeyword</method>
  <thread>1</thread>
  <message>End action : enhancedClick(findTestObject(&amp;quot;AI-Generated/Katalian Banking Production/Page_apply_Checking/input_addressLine&amp;quot;))</message>
  <nestedLevel>1</nestedLevel>
  <escapedJava>false</escapedJava>
</record>
<record>
  <date>2026-01-06T15:28:09.206471Z</date>
  <millis>1767713289206</millis>
  <nanos>471000</nanos>
  <sequence>1544</sequence>
  <level>START</level>
  <class>com.kms.katalon.core.logging.XmlKeywordLogger</class>
  <method>startKeyword</method>
  <thread>1</thread>
  <message>Start action : setText(findTestObject(&amp;quot;AI-Generated/Katalian Banking Production/Page_apply_Checking/input_addressLine&amp;quot;), input_addressLine)</message>
  <nestedLevel>1</nestedLevel>
  <escapedJava>false</escapedJava>
  <property name="startLine">82</property>
  <property name="stepIndex">14</property>
  <property name="description">Step 12: Enter input value in input addressLine</property>
</record>
<record>
  <date>2026-01-06T15:28:09.250444Z</date>
  <millis>1767713289250</millis>
  <nanos>444000</nanos>
  <sequence>1558</sequence>
  <level>PASSED</level>
  <class>com.kms.katalon.core.logging.XmlKeywordLogger</class>
  <method>logMessage</method>
  <thread>1</thread>
  <message>Text &amp;apos;456 Liden Lane&amp;apos; is set on object &amp;apos;Object Repository/AI-Generated/Katalian Banking Production/Page_apply_Checking/input_addressLine&amp;apos;</message>
  <nestedLevel>1</nestedLevel>
  <escapedJava>false</escapedJava>
  <property name="testops-method-name">com.kms.katalon.core.webui.keyword.internal.WebUIKeywordMain.runKeywordUntilTimeout</property>
  <property name="testops-execution-stacktrace">com.kms.katalon.core.logging.KeywordLogger.logPassed(KeywordLogger.java:332)
com.kms.katalon.core.logging.KeywordLogger.logPassed(KeywordLogger.java:327)
com.kms.katalon.core.webui.keyword.builtin.SetTextKeyword$_setText_closure1.doCall(SetTextKeyword.groovy:99)
java.base/jdk.internal.reflect.NativeMethodAccessorImpl.invoke0(Native Method)
java.base/jdk.internal.reflect.NativeMethodAccessorImpl.invoke(NativeMethodAccessorImpl.java:77)
java.base/jdk.internal.reflect.DelegatingMethodAccessorImpl.invoke(DelegatingMethodAccessorImpl.java:43)
jdk.proxy2/jdk.proxy2.$Proxy51.execute(Unknown Source)
com.kms.katalon.core.webui.model.SeleniumActionRetryController.performAction(SeleniumActionRetryController.java:96)
com.kms.katalon.core.webui.model.SeleniumActionRetryController.performAction(SeleniumActionRetryController.java:83)
com.kms.katalon.core.webui.keyword.internal.WebUIKeywordMain$_runKeywordUntilTimeout_closure1.doCall(WebUIKeywordMain.groovy:135)
com.kms.katalon.core.webui.keyword.internal.WebUIKeywordMain$_runKeywordUntilTimeout_closure1.call(WebUIKeywordMain.groovy)
com.kms.katalon.core.webui.keyword.internal.WebUIKeywordMain.runKeyword(WebUIKeywordMain.groovy:41)
com.kms.katalon.core.webui.keyword.internal.WebUIKeywordMain.runKeywordUntilTimeout(WebUIKeywordMain.groovy:133)
com.kms.katalon.core.webui.keyword.builtin.SetTextKeyword.setText(SetTextKeyword.groovy:106)
com.kms.katalon.core.webui.keyword.builtin.SetTextKeyword.execute(SetTextKeyword.groovy:49)
com.kms.katalon.core.keyword.internal.KeywordExecutor.executeKeywordForPlatform(KeywordExecutor.groovy:90)
com.kms.katalon.core.webui.keyword.WebUiBuiltInKeywords.setText(WebUiBuiltInKeywords.groovy:1081)
TC4-Apply for Checking Account and Transfer Balance.run(TC4-Apply for Checking Account and Transfer Balance:82)
</property>
</record>
<record>
  <date>2026-01-06T15:28:09.251080Z</date>
  <millis>1767713289251</millis>
  <nanos>80000</nanos>
  <sequence>1559</sequence>
  <level>END</level>
  <class>com.kms.katalon.core.logging.XmlKeywordLogger</class>
  <method>endKeyword</method>
  <thread>1</thread>
  <message>End action : setText(findTestObject(&amp;quot;AI-Generated/Katalian Banking Production/Page_apply_Checking/input_addressLine&amp;quot;), input_addressLine)</message>
  <nestedLevel>1</nestedLevel>
  <escapedJava>false</escapedJava>
</record>
<record>
  <date>2026-01-06T15:28:09.251129Z</date>
  <millis>1767713289251</millis>
  <nanos>129000</nanos>
  <sequence>1560</sequence>
  <level>START</level>
  <class>com.kms.katalon.core.logging.XmlKeywordLogger</class>
  <method>startKeyword</method>
  <thread>1</thread>
  <message>Start action : enhancedClick(findTestObject(&amp;quot;AI-Generated/Katalian Banking Production/Page_apply_Checking/input_city&amp;quot;))</message>
  <nestedLevel>1</nestedLevel>
  <escapedJava>false</escapedJava>
  <property name="startLine">88</property>
  <property name="stepIndex">15</property>
  <property name="description">Step 13: Click on input city</property>
</record>
<record>
  <date>2026-01-06T15:28:09.274154Z</date>
  <millis>1767713289274</millis>
  <nanos>154000</nanos>
  <sequence>1572</sequence>
  <level>PASSED</level>
  <class>com.kms.katalon.core.logging.XmlKeywordLogger</class>
  <method>logMessage</method>
  <thread>1</thread>
  <message>Object: &amp;apos;Object Repository/AI-Generated/Katalian Banking Production/Page_apply_Checking/input_city&amp;apos; is clicked on</message>
  <nestedLevel>1</nestedLevel>
  <escapedJava>false</escapedJava>
  <property name="testops-method-name">com.kms.katalon.core.webui.keyword.internal.WebUIKeywordMain.runKeywordUntilTimeout</property>
  <property name="testops-execution-stacktrace">com.kms.katalon.core.logging.KeywordLogger.logPassed(KeywordLogger.java:332)
com.kms.katalon.core.logging.KeywordLogger.logPassed(KeywordLogger.java:327)
com.kms.katalon.core.webui.keyword.builtin.EnhancedClickKeyword$_click_closure1$_closure5.doCall(EnhancedClickKeyword.groovy:88)
jdk.internal.reflect.GeneratedMethodAccessor47.invoke(Unknown Source)
java.base/jdk.internal.reflect.DelegatingMethodAccessorImpl.invoke(DelegatingMethodAccessorImpl.java:43)
jdk.proxy2/jdk.proxy2.$Proxy54.accept(Unknown Source)
com.kms.katalon.core.trymonad.Success.onSuccess(Try.java:263)
com.kms.katalon.core.webui.keyword.builtin.EnhancedClickKeyword$_click_closure1.doCall(EnhancedClickKeyword.groovy:71)
jdk.internal.reflect.GeneratedMethodAccessor45.invoke(Unknown Source)
java.base/jdk.internal.reflect.DelegatingMethodAccessorImpl.invoke(DelegatingMethodAccessorImpl.java:43)
jdk.proxy2/jdk.proxy2.$Proxy51.execute(Unknown Source)
com.kms.katalon.core.webui.model.SeleniumActionRetryController.performAction(SeleniumActionRetryController.java:96)
com.kms.katalon.core.webui.model.SeleniumActionRetryController.performAction(SeleniumActionRetryController.java:83)
com.kms.katalon.core.webui.keyword.internal.WebUIKeywordMain$_runKeywordUntilTimeout_closure1.doCall(WebUIKeywordMain.groovy:135)
com.kms.katalon.core.webui.keyword.internal.WebUIKeywordMain$_runKeywordUntilTimeout_closure1.call(WebUIKeywordMain.groovy)
com.kms.katalon.core.webui.keyword.internal.WebUIKeywordMain.runKeyword(WebUIKeywordMain.groovy:41)
com.kms.katalon.core.webui.keyword.internal.WebUIKeywordMain.runKeywordUntilTimeout(WebUIKeywordMain.groovy:133)
com.kms.katalon.core.webui.keyword.builtin.EnhancedClickKeyword.click(EnhancedClickKeyword.groovy:95)
com.kms.katalon.core.webui.keyword.builtin.EnhancedClickKeyword.execute(EnhancedClickKeyword.groovy:41)
com.kms.katalon.core.keyword.internal.KeywordExecutor.executeKeywordForPlatform(KeywordExecutor.groovy:90)
com.kms.katalon.core.webui.keyword.WebUiBuiltInKeywords.enhancedClick(WebUiBuiltInKeywords.groovy:747)
TC4-Apply for Checking Account and Transfer Balance.run(TC4-Apply for Checking Account and Transfer Balance:88)
</property>
</record>
<record>
  <date>2026-01-06T15:28:09.275313Z</date>
  <millis>1767713289275</millis>
  <nanos>313000</nanos>
  <sequence>1573</sequence>
  <level>END</level>
  <class>com.kms.katalon.core.logging.XmlKeywordLogger</class>
  <method>endKeyword</method>
  <thread>1</thread>
  <message>End action : enhancedClick(findTestObject(&amp;quot;AI-Generated/Katalian Banking Production/Page_apply_Checking/input_city&amp;quot;))</message>
  <nestedLevel>1</nestedLevel>
  <escapedJava>false</escapedJava>
</record>
<record>
  <date>2026-01-06T15:28:09.275429Z</date>
  <millis>1767713289275</millis>
  <nanos>429000</nanos>
  <sequence>1574</sequence>
  <level>START</level>
  <class>com.kms.katalon.core.logging.XmlKeywordLogger</class>
  <method>startKeyword</method>
  <thread>1</thread>
  <message>Start action : setText(findTestObject(&amp;quot;AI-Generated/Katalian Banking Production/Page_apply_Checking/input_city&amp;quot;), input_city)</message>
  <nestedLevel>1</nestedLevel>
  <escapedJava>false</escapedJava>
  <property name="startLine">94</property>
  <property name="stepIndex">16</property>
  <property name="description">Step 14: Enter input value in input city</property>
</record>
<record>
  <date>2026-01-06T15:28:09.315698Z</date>
  <millis>1767713289315</millis>
  <nanos>698000</nanos>
  <sequence>1588</sequence>
  <level>PASSED</level>
  <class>com.kms.katalon.core.logging.XmlKeywordLogger</class>
  <method>logMessage</method>
  <thread>1</thread>
  <message>Text &amp;apos;Cincinnati&amp;apos; is set on object &amp;apos;Object Repository/AI-Generated/Katalian Banking Production/Page_apply_Checking/input_city&amp;apos;</message>
  <nestedLevel>1</nestedLevel>
  <escapedJava>false</escapedJava>
  <property name="testops-method-name">com.kms.katalon.core.webui.keyword.internal.WebUIKeywordMain.runKeywordUntilTimeout</property>
  <property name="testops-execution-stacktrace">com.kms.katalon.core.logging.KeywordLogger.logPassed(KeywordLogger.java:332)
com.kms.katalon.core.logging.KeywordLogger.logPassed(KeywordLogger.java:327)
com.kms.katalon.core.webui.keyword.builtin.SetTextKeyword$_setText_closure1.doCall(SetTextKeyword.groovy:99)
jdk.internal.reflect.GeneratedMethodAccessor62.invoke(Unknown Source)
java.base/jdk.internal.reflect.DelegatingMethodAccessorImpl.invoke(DelegatingMethodAccessorImpl.java:43)
jdk.proxy2/jdk.proxy2.$Proxy51.execute(Unknown Source)
com.kms.katalon.core.webui.model.SeleniumActionRetryController.performAction(SeleniumActionRetryController.java:96)
com.kms.katalon.core.webui.model.SeleniumActionRetryController.performAction(SeleniumActionRetryController.java:83)
com.kms.katalon.core.webui.keyword.internal.WebUIKeywordMain$_runKeywordUntilTimeout_closure1.doCall(WebUIKeywordMain.groovy:135)
com.kms.katalon.core.webui.keyword.internal.WebUIKeywordMain$_runKeywordUntilTimeout_closure1.call(WebUIKeywordMain.groovy)
com.kms.katalon.core.webui.keyword.internal.WebUIKeywordMain.runKeyword(WebUIKeywordMain.groovy:41)
com.kms.katalon.core.webui.keyword.internal.WebUIKeywordMain.runKeywordUntilTimeout(WebUIKeywordMain.groovy:133)
com.kms.katalon.core.webui.keyword.builtin.SetTextKeyword.setText(SetTextKeyword.groovy:106)
com.kms.katalon.core.webui.keyword.builtin.SetTextKeyword.execute(SetTextKeyword.groovy:49)
com.kms.katalon.core.keyword.internal.KeywordExecutor.executeKeywordForPlatform(KeywordExecutor.groovy:90)
com.kms.katalon.core.webui.keyword.WebUiBuiltInKeywords.setText(WebUiBuiltInKeywords.groovy:1081)
TC4-Apply for Checking Account and Transfer Balance.run(TC4-Apply for Checking Account and Transfer Balance:94)
</property>
</record>
<record>
  <date>2026-01-06T15:28:09.317917Z</date>
  <millis>1767713289317</millis>
  <nanos>917000</nanos>
  <sequence>1589</sequence>
  <level>END</level>
  <class>com.kms.katalon.core.logging.XmlKeywordLogger</class>
  <method>endKeyword</method>
  <thread>1</thread>
  <message>End action : setText(findTestObject(&amp;quot;AI-Generated/Katalian Banking Production/Page_apply_Checking/input_city&amp;quot;), input_city)</message>
  <nestedLevel>1</nestedLevel>
  <escapedJava>false</escapedJava>
</record>
<record>
  <date>2026-01-06T15:28:09.318208Z</date>
  <millis>1767713289318</millis>
  <nanos>208000</nanos>
  <sequence>1590</sequence>
  <level>START</level>
  <class>com.kms.katalon.core.logging.XmlKeywordLogger</class>
  <method>startKeyword</method>
  <thread>1</thread>
  <message>Start action : TrueTestScripts.selectOption(findTestObject(&amp;quot;AI-Generated/Katalian Banking Production/Page_apply_Checking/select_state&amp;quot;), select_state, &amp;quot;label&amp;quot;, false)</message>
  <nestedLevel>1</nestedLevel>
  <escapedJava>false</escapedJava>
  <property name="startLine">100</property>
  <property name="stepIndex">17</property>
  <property name="description">Step 15: Select option with input value from select state</property>
</record>
<record>
  <date>2026-01-06T15:28:10.017365Z</date>
  <millis>1767713290017</millis>
  <nanos>365000</nanos>
  <sequence>1601</sequence>
  <level>PASSED</level>
  <class>com.kms.katalon.core.logging.XmlKeywordLogger</class>
  <method>logMessage</method>
  <thread>1</thread>
  <message>All options with label &amp;apos;\QOhio\E&amp;apos; are selected in object &amp;apos;Object Repository/AI-Generated/Katalian Banking Production/Page_apply_Checking/select_state&amp;apos;  using regular expression</message>
  <nestedLevel>1</nestedLevel>
  <escapedJava>false</escapedJava>
  <property name="testops-method-name">com.kms.katalon.core.webui.keyword.builtin.SelectOptionByLabelKeyword.selectOptionByLabel</property>
  <property name="testops-execution-stacktrace"></property>
</record>
<record>
  <date>2026-01-06T15:28:11.066623Z</date>
  <millis>1767713291066</millis>
  <nanos>623000</nanos>
  <sequence>1613</sequence>
  <level>PASSED</level>
  <class>com.kms.katalon.core.logging.XmlKeywordLogger</class>
  <method>logMessage</method>
  <thread>1</thread>
  <message>All options with label &amp;apos;\QOhio\E&amp;apos; are selected in object &amp;apos;Object Repository/AI-Generated/Katalian Banking Production/Page_apply_Checking/select_state&amp;apos;  using regular expression</message>
  <nestedLevel>1</nestedLevel>
  <escapedJava>false</escapedJava>
  <property name="testops-method-name">com.kms.katalon.core.webui.keyword.internal.WebUIKeywordMain.runKeywordUntilTimeout</property>
  <property name="testops-execution-stacktrace">com.kms.katalon.core.logging.KeywordLogger.logPassed(KeywordLogger.java:332)
com.kms.katalon.core.logging.KeywordLogger.logPassed(KeywordLogger.java:327)
com.kms.katalon.core.webui.keyword.builtin.VerifyOptionSelectedByLabelKeyword$_verifyOptionSelectedByLabel_closure1.doCall(VerifyOptionSelectedByLabelKeyword.groovy:76)
java.base/jdk.internal.reflect.NativeMethodAccessorImpl.invoke0(Native Method)
java.base/jdk.internal.reflect.NativeMethodAccessorImpl.invoke(NativeMethodAccessorImpl.java:77)
java.base/jdk.internal.reflect.DelegatingMethodAccessorImpl.invoke(DelegatingMethodAccessorImpl.java:43)
jdk.proxy2/jdk.proxy2.$Proxy51.execute(Unknown Source)
com.kms.katalon.core.webui.model.SeleniumActionRetryController.performAction(SeleniumActionRetryController.java:96)
com.kms.katalon.core.webui.model.SeleniumActionRetryController.performAction(SeleniumActionRetryController.java:83)
com.kms.katalon.core.webui.keyword.internal.WebUIKeywordMain$_runKeywordUntilTimeout_closure2.doCall(WebUIKeywordMain.groovy:155)
com.kms.katalon.core.webui.keyword.internal.WebUIKeywordMain$_runKeywordUntilTimeout_closure2.call(WebUIKeywordMain.groovy)
com.kms.katalon.core.webui.keyword.internal.WebUIKeywordMain.runKeyword(WebUIKeywordMain.groovy:41)
com.kms.katalon.core.webui.keyword.internal.WebUIKeywordMain.runKeywordUntilTimeout(WebUIKeywordMain.groovy:152)
com.kms.katalon.core.webui.keyword.builtin.VerifyOptionSelectedByLabelKeyword.verifyOptionSelectedByLabel(VerifyOptionSelectedByLabelKeyword.groovy:86)
com.kms.katalon.core.webui.keyword.builtin.VerifyOptionSelectedByLabelKeyword.execute(VerifyOptionSelectedByLabelKeyword.groovy:43)
com.kms.katalon.core.keyword.internal.KeywordExecutor.executeKeywordForPlatform(KeywordExecutor.groovy:90)
com.kms.katalon.core.webui.keyword.WebUiBuiltInKeywords.verifyOptionSelectedByLabel(WebUiBuiltInKeywords.groovy:2284)
truetest.Katalian_Banking_Production.custom.TrueTestScripts.selectOption(TrueTestScripts.groovy:126)
TC4-Apply for Checking Account and Transfer Balance.run(TC4-Apply for Checking Account and Transfer Balance:100)
</property>
</record>
<record>
  <date>2026-01-06T15:28:11.067243Z</date>
  <millis>1767713291067</millis>
  <nanos>243000</nanos>
  <sequence>1614</sequence>
  <level>END</level>
  <class>com.kms.katalon.core.logging.XmlKeywordLogger</class>
  <method>endKeyword</method>
  <thread>1</thread>
  <message>End action : TrueTestScripts.selectOption(findTestObject(&amp;quot;AI-Generated/Katalian Banking Production/Page_apply_Checking/select_state&amp;quot;), select_state, &amp;quot;label&amp;quot;, false)</message>
  <nestedLevel>1</nestedLevel>
  <escapedJava>false</escapedJava>
</record>
<record>
  <date>2026-01-06T15:28:11.067300Z</date>
  <millis>1767713291067</millis>
  <nanos>300000</nanos>
  <sequence>1615</sequence>
  <level>START</level>
  <class>com.kms.katalon.core.logging.XmlKeywordLogger</class>
  <method>startKeyword</method>
  <thread>1</thread>
  <message>Start action : enhancedClick(findTestObject(&amp;quot;AI-Generated/Katalian Banking Production/Page_apply_Checking/input_zipCode&amp;quot;))</message>
  <nestedLevel>1</nestedLevel>
  <escapedJava>false</escapedJava>
  <property name="startLine">106</property>
  <property name="stepIndex">18</property>
  <property name="description">Step 16: Click on input zipCode</property>
</record>
<record>
  <date>2026-01-06T15:28:11.090649Z</date>
  <millis>1767713291090</millis>
  <nanos>649000</nanos>
  <sequence>1627</sequence>
  <level>PASSED</level>
  <class>com.kms.katalon.core.logging.XmlKeywordLogger</class>
  <method>logMessage</method>
  <thread>1</thread>
  <message>Object: &amp;apos;Object Repository/AI-Generated/Katalian Banking Production/Page_apply_Checking/input_zipCode&amp;apos; is clicked on</message>
  <nestedLevel>1</nestedLevel>
  <escapedJava>false</escapedJava>
  <property name="testops-method-name">com.kms.katalon.core.webui.keyword.internal.WebUIKeywordMain.runKeywordUntilTimeout</property>
  <property name="testops-execution-stacktrace">com.kms.katalon.core.logging.KeywordLogger.logPassed(KeywordLogger.java:332)
com.kms.katalon.core.logging.KeywordLogger.logPassed(KeywordLogger.java:327)
com.kms.katalon.core.webui.keyword.builtin.EnhancedClickKeyword$_click_closure1$_closure5.doCall(EnhancedClickKeyword.groovy:88)
jdk.internal.reflect.GeneratedMethodAccessor47.invoke(Unknown Source)
java.base/jdk.internal.reflect.DelegatingMethodAccessorImpl.invoke(DelegatingMethodAccessorImpl.java:43)
jdk.proxy2/jdk.proxy2.$Proxy54.accept(Unknown Source)
com.kms.katalon.core.trymonad.Success.onSuccess(Try.java:263)
com.kms.katalon.core.webui.keyword.builtin.EnhancedClickKeyword$_click_closure1.doCall(EnhancedClickKeyword.groovy:71)
jdk.internal.reflect.GeneratedMethodAccessor45.invoke(Unknown Source)
java.base/jdk.internal.reflect.DelegatingMethodAccessorImpl.invoke(DelegatingMethodAccessorImpl.java:43)
jdk.proxy2/jdk.proxy2.$Proxy51.execute(Unknown Source)
com.kms.katalon.core.webui.model.SeleniumActionRetryController.performAction(SeleniumActionRetryController.java:96)
com.kms.katalon.core.webui.model.SeleniumActionRetryController.performAction(SeleniumActionRetryController.java:83)
com.kms.katalon.core.webui.keyword.internal.WebUIKeywordMain$_runKeywordUntilTimeout_closure1.doCall(WebUIKeywordMain.groovy:135)
com.kms.katalon.core.webui.keyword.internal.WebUIKeywordMain$_runKeywordUntilTimeout_closure1.call(WebUIKeywordMain.groovy)
com.kms.katalon.core.webui.keyword.internal.WebUIKeywordMain.runKeyword(WebUIKeywordMain.groovy:41)
com.kms.katalon.core.webui.keyword.internal.WebUIKeywordMain.runKeywordUntilTimeout(WebUIKeywordMain.groovy:133)
com.kms.katalon.core.webui.keyword.builtin.EnhancedClickKeyword.click(EnhancedClickKeyword.groovy:95)
com.kms.katalon.core.webui.keyword.builtin.EnhancedClickKeyword.execute(EnhancedClickKeyword.groovy:41)
com.kms.katalon.core.keyword.internal.KeywordExecutor.executeKeywordForPlatform(KeywordExecutor.groovy:90)
com.kms.katalon.core.webui.keyword.WebUiBuiltInKeywords.enhancedClick(WebUiBuiltInKeywords.groovy:747)
TC4-Apply for Checking Account and Transfer Balance.run(TC4-Apply for Checking Account and Transfer Balance:106)
</property>
</record>
<record>
  <date>2026-01-06T15:28:11.091371Z</date>
  <millis>1767713291091</millis>
  <nanos>371000</nanos>
  <sequence>1628</sequence>
  <level>END</level>
  <class>com.kms.katalon.core.logging.XmlKeywordLogger</class>
  <method>endKeyword</method>
  <thread>1</thread>
  <message>End action : enhancedClick(findTestObject(&amp;quot;AI-Generated/Katalian Banking Production/Page_apply_Checking/input_zipCode&amp;quot;))</message>
  <nestedLevel>1</nestedLevel>
  <escapedJava>false</escapedJava>
</record>
<record>
  <date>2026-01-06T15:28:11.091423Z</date>
  <millis>1767713291091</millis>
  <nanos>423000</nanos>
  <sequence>1629</sequence>
  <level>START</level>
  <class>com.kms.katalon.core.logging.XmlKeywordLogger</class>
  <method>startKeyword</method>
  <thread>1</thread>
  <message>Start action : setText(findTestObject(&amp;quot;AI-Generated/Katalian Banking Production/Page_apply_Checking/input_zipCode&amp;quot;), input_zipCode)</message>
  <nestedLevel>1</nestedLevel>
  <escapedJava>false</escapedJava>
  <property name="startLine">112</property>
  <property name="stepIndex">19</property>
  <property name="description">Step 17: Enter input value in input zipCode</property>
</record>
<record>
  <date>2026-01-06T15:28:11.133569Z</date>
  <millis>1767713291133</millis>
  <nanos>569000</nanos>
  <sequence>1643</sequence>
  <level>PASSED</level>
  <class>com.kms.katalon.core.logging.XmlKeywordLogger</class>
  <method>logMessage</method>
  <thread>1</thread>
  <message>Text &amp;apos;43221&amp;apos; is set on object &amp;apos;Object Repository/AI-Generated/Katalian Banking Production/Page_apply_Checking/input_zipCode&amp;apos;</message>
  <nestedLevel>1</nestedLevel>
  <escapedJava>false</escapedJava>
  <property name="testops-method-name">com.kms.katalon.core.webui.keyword.internal.WebUIKeywordMain.runKeywordUntilTimeout</property>
  <property name="testops-execution-stacktrace">com.kms.katalon.core.logging.KeywordLogger.logPassed(KeywordLogger.java:332)
com.kms.katalon.core.logging.KeywordLogger.logPassed(KeywordLogger.java:327)
com.kms.katalon.core.webui.keyword.builtin.SetTextKeyword$_setText_closure1.doCall(SetTextKeyword.groovy:99)
jdk.internal.reflect.GeneratedMethodAccessor62.invoke(Unknown Source)
java.base/jdk.internal.reflect.DelegatingMethodAccessorImpl.invoke(DelegatingMethodAccessorImpl.java:43)
jdk.proxy2/jdk.proxy2.$Proxy51.execute(Unknown Source)
com.kms.katalon.core.webui.model.SeleniumActionRetryController.performAction(SeleniumActionRetryController.java:96)
com.kms.katalon.core.webui.model.SeleniumActionRetryController.performAction(SeleniumActionRetryController.java:83)
com.kms.katalon.core.webui.keyword.internal.WebUIKeywordMain$_runKeywordUntilTimeout_closure1.doCall(WebUIKeywordMain.groovy:135)
com.kms.katalon.core.webui.keyword.internal.WebUIKeywordMain$_runKeywordUntilTimeout_closure1.call(WebUIKeywordMain.groovy)
com.kms.katalon.core.webui.keyword.internal.WebUIKeywordMain.runKeyword(WebUIKeywordMain.groovy:41)
com.kms.katalon.core.webui.keyword.internal.WebUIKeywordMain.runKeywordUntilTimeout(WebUIKeywordMain.groovy:133)
com.kms.katalon.core.webui.keyword.builtin.SetTextKeyword.setText(SetTextKeyword.groovy:106)
com.kms.katalon.core.webui.keyword.builtin.SetTextKeyword.execute(SetTextKeyword.groovy:49)
com.kms.katalon.core.keyword.internal.KeywordExecutor.executeKeywordForPlatform(KeywordExecutor.groovy:90)
com.kms.katalon.core.webui.keyword.WebUiBuiltInKeywords.setText(WebUiBuiltInKeywords.groovy:1081)
TC4-Apply for Checking Account and Transfer Balance.run(TC4-Apply for Checking Account and Transfer Balance:112)
</property>
</record>
<record>
  <date>2026-01-06T15:28:11.134695Z</date>
  <millis>1767713291134</millis>
  <nanos>695000</nanos>
  <sequence>1644</sequence>
  <level>END</level>
  <class>com.kms.katalon.core.logging.XmlKeywordLogger</class>
  <method>endKeyword</method>
  <thread>1</thread>
  <message>End action : setText(findTestObject(&amp;quot;AI-Generated/Katalian Banking Production/Page_apply_Checking/input_zipCode&amp;quot;), input_zipCode)</message>
  <nestedLevel>1</nestedLevel>
  <escapedJava>false</escapedJava>
</record>
<record>
  <date>2026-01-06T15:28:11.134798Z</date>
  <millis>1767713291134</millis>
  <nanos>798000</nanos>
  <sequence>1645</sequence>
  <level>START</level>
  <class>com.kms.katalon.core.logging.XmlKeywordLogger</class>
  <method>startKeyword</method>
  <thread>1</thread>
  <message>Start action : enhancedClick(findTestObject(&amp;quot;AI-Generated/Katalian Banking Production/Page_apply_Checking/button_next&amp;quot;))</message>
  <nestedLevel>1</nestedLevel>
  <escapedJava>false</escapedJava>
  <property name="startLine">118</property>
  <property name="stepIndex">20</property>
  <property name="description">Step 18: Click on button next</property>
</record>
<record>
  <date>2026-01-06T15:28:11.159988Z</date>
  <millis>1767713291159</millis>
  <nanos>988000</nanos>
  <sequence>1657</sequence>
  <level>PASSED</level>
  <class>com.kms.katalon.core.logging.XmlKeywordLogger</class>
  <method>logMessage</method>
  <thread>1</thread>
  <message>Object: &amp;apos;Object Repository/AI-Generated/Katalian Banking Production/Page_apply_Checking/button_next&amp;apos; is clicked on</message>
  <nestedLevel>1</nestedLevel>
  <escapedJava>false</escapedJava>
  <property name="testops-method-name">com.kms.katalon.core.webui.keyword.internal.WebUIKeywordMain.runKeywordUntilTimeout</property>
  <property name="testops-execution-stacktrace">com.kms.katalon.core.logging.KeywordLogger.logPassed(KeywordLogger.java:332)
com.kms.katalon.core.logging.KeywordLogger.logPassed(KeywordLogger.java:327)
com.kms.katalon.core.webui.keyword.builtin.EnhancedClickKeyword$_click_closure1$_closure5.doCall(EnhancedClickKeyword.groovy:88)
jdk.internal.reflect.GeneratedMethodAccessor47.invoke(Unknown Source)
java.base/jdk.internal.reflect.DelegatingMethodAccessorImpl.invoke(DelegatingMethodAccessorImpl.java:43)
jdk.proxy2/jdk.proxy2.$Proxy54.accept(Unknown Source)
com.kms.katalon.core.trymonad.Success.onSuccess(Try.java:263)
com.kms.katalon.core.webui.keyword.builtin.EnhancedClickKeyword$_click_closure1.doCall(EnhancedClickKeyword.groovy:71)
jdk.internal.reflect.GeneratedMethodAccessor45.invoke(Unknown Source)
java.base/jdk.internal.reflect.DelegatingMethodAccessorImpl.invoke(DelegatingMethodAccessorImpl.java:43)
jdk.proxy2/jdk.proxy2.$Proxy51.execute(Unknown Source)
com.kms.katalon.core.webui.model.SeleniumActionRetryController.performAction(SeleniumActionRetryController.java:96)
com.kms.katalon.core.webui.model.SeleniumActionRetryController.performAction(SeleniumActionRetryController.java:83)
com.kms.katalon.core.webui.keyword.internal.WebUIKeywordMain$_runKeywordUntilTimeout_closure1.doCall(WebUIKeywordMain.groovy:135)
com.kms.katalon.core.webui.keyword.internal.WebUIKeywordMain$_runKeywordUntilTimeout_closure1.call(WebUIKeywordMain.groovy)
com.kms.katalon.core.webui.keyword.internal.WebUIKeywordMain.runKeyword(WebUIKeywordMain.groovy:41)
com.kms.katalon.core.webui.keyword.internal.WebUIKeywordMain.runKeywordUntilTimeout(WebUIKeywordMain.groovy:133)
com.kms.katalon.core.webui.keyword.builtin.EnhancedClickKeyword.click(EnhancedClickKeyword.groovy:95)
com.kms.katalon.core.webui.keyword.builtin.EnhancedClickKeyword.execute(EnhancedClickKeyword.groovy:41)
com.kms.katalon.core.keyword.internal.KeywordExecutor.executeKeywordForPlatform(KeywordExecutor.groovy:90)
com.kms.katalon.core.webui.keyword.WebUiBuiltInKeywords.enhancedClick(WebUiBuiltInKeywords.groovy:747)
TC4-Apply for Checking Account and Transfer Balance.run(TC4-Apply for Checking Account and Transfer Balance:118)
</property>
</record>
<record>
  <date>2026-01-06T15:28:11.160968Z</date>
  <millis>1767713291160</millis>
  <nanos>968000</nanos>
  <sequence>1658</sequence>
  <level>END</level>
  <class>com.kms.katalon.core.logging.XmlKeywordLogger</class>
  <method>endKeyword</method>
  <thread>1</thread>
  <message>End action : enhancedClick(findTestObject(&amp;quot;AI-Generated/Katalian Banking Production/Page_apply_Checking/button_next&amp;quot;))</message>
  <nestedLevel>1</nestedLevel>
  <escapedJava>false</escapedJava>
</record>
<record>
  <date>2026-01-06T15:28:11.161101Z</date>
  <millis>1767713291161</millis>
  <nanos>101000</nanos>
  <sequence>1659</sequence>
  <level>START</level>
  <class>com.kms.katalon.core.logging.XmlKeywordLogger</class>
  <method>startKeyword</method>
  <thread>1</thread>
  <message>Start action : enhancedClick(findTestObject(&amp;quot;AI-Generated/Katalian Banking Production/Page_apply_Checking/input_amount&amp;quot;))</message>
  <nestedLevel>1</nestedLevel>
  <escapedJava>false</escapedJava>
  <property name="startLine">124</property>
  <property name="stepIndex">21</property>
  <property name="description">Step 19: Click on input amount</property>
</record>
<record>
  <date>2026-01-06T15:28:11.184569Z</date>
  <millis>1767713291184</millis>
  <nanos>569000</nanos>
  <sequence>1671</sequence>
  <level>PASSED</level>
  <class>com.kms.katalon.core.logging.XmlKeywordLogger</class>
  <method>logMessage</method>
  <thread>1</thread>
  <message>Object: &amp;apos;Object Repository/AI-Generated/Katalian Banking Production/Page_apply_Checking/input_amount&amp;apos; is clicked on</message>
  <nestedLevel>1</nestedLevel>
  <escapedJava>false</escapedJava>
  <property name="testops-method-name">com.kms.katalon.core.webui.keyword.internal.WebUIKeywordMain.runKeywordUntilTimeout</property>
  <property name="testops-execution-stacktrace">com.kms.katalon.core.logging.KeywordLogger.logPassed(KeywordLogger.java:332)
com.kms.katalon.core.logging.KeywordLogger.logPassed(KeywordLogger.java:327)
com.kms.katalon.core.webui.keyword.builtin.EnhancedClickKeyword$_click_closure1$_closure5.doCall(EnhancedClickKeyword.groovy:88)
jdk.internal.reflect.GeneratedMethodAccessor47.invoke(Unknown Source)
java.base/jdk.internal.reflect.DelegatingMethodAccessorImpl.invoke(DelegatingMethodAccessorImpl.java:43)
jdk.proxy2/jdk.proxy2.$Proxy54.accept(Unknown Source)
com.kms.katalon.core.trymonad.Success.onSuccess(Try.java:263)
com.kms.katalon.core.webui.keyword.builtin.EnhancedClickKeyword$_click_closure1.doCall(EnhancedClickKeyword.groovy:71)
jdk.internal.reflect.GeneratedMethodAccessor45.invoke(Unknown Source)
java.base/jdk.internal.reflect.DelegatingMethodAccessorImpl.invoke(DelegatingMethodAccessorImpl.java:43)
jdk.proxy2/jdk.proxy2.$Proxy51.execute(Unknown Source)
com.kms.katalon.core.webui.model.SeleniumActionRetryController.performAction(SeleniumActionRetryController.java:96)
com.kms.katalon.core.webui.model.SeleniumActionRetryController.performAction(SeleniumActionRetryController.java:83)
com.kms.katalon.core.webui.keyword.internal.WebUIKeywordMain$_runKeywordUntilTimeout_closure1.doCall(WebUIKeywordMain.groovy:135)
com.kms.katalon.core.webui.keyword.internal.WebUIKeywordMain$_runKeywordUntilTimeout_closure1.call(WebUIKeywordMain.groovy)
com.kms.katalon.core.webui.keyword.internal.WebUIKeywordMain.runKeyword(WebUIKeywordMain.groovy:41)
com.kms.katalon.core.webui.keyword.internal.WebUIKeywordMain.runKeywordUntilTimeout(WebUIKeywordMain.groovy:133)
com.kms.katalon.core.webui.keyword.builtin.EnhancedClickKeyword.click(EnhancedClickKeyword.groovy:95)
com.kms.katalon.core.webui.keyword.builtin.EnhancedClickKeyword.execute(EnhancedClickKeyword.groovy:41)
com.kms.katalon.core.keyword.internal.KeywordExecutor.executeKeywordForPlatform(KeywordExecutor.groovy:90)
com.kms.katalon.core.webui.keyword.WebUiBuiltInKeywords.enhancedClick(WebUiBuiltInKeywords.groovy:747)
TC4-Apply for Checking Account and Transfer Balance.run(TC4-Apply for Checking Account and Transfer Balance:124)
</property>
</record>
<record>
  <date>2026-01-06T15:28:11.185396Z</date>
  <millis>1767713291185</millis>
  <nanos>396000</nanos>
  <sequence>1672</sequence>
  <level>END</level>
  <class>com.kms.katalon.core.logging.XmlKeywordLogger</class>
  <method>endKeyword</method>
  <thread>1</thread>
  <message>End action : enhancedClick(findTestObject(&amp;quot;AI-Generated/Katalian Banking Production/Page_apply_Checking/input_amount&amp;quot;))</message>
  <nestedLevel>1</nestedLevel>
  <escapedJava>false</escapedJava>
</record>
<record>
  <date>2026-01-06T15:28:11.185478Z</date>
  <millis>1767713291185</millis>
  <nanos>478000</nanos>
  <sequence>1673</sequence>
  <level>START</level>
  <class>com.kms.katalon.core.logging.XmlKeywordLogger</class>
  <method>startKeyword</method>
  <thread>1</thread>
  <message>Start action : setText(findTestObject(&amp;quot;AI-Generated/Katalian Banking Production/Page_apply_Checking/input_amount&amp;quot;), input_amount)</message>
  <nestedLevel>1</nestedLevel>
  <escapedJava>false</escapedJava>
  <property name="startLine">130</property>
  <property name="stepIndex">22</property>
  <property name="description">Step 20: Enter input value in input amount</property>
</record>
<record>
  <date>2026-01-06T15:28:11.229103Z</date>
  <millis>1767713291229</millis>
  <nanos>103000</nanos>
  <sequence>1687</sequence>
  <level>PASSED</level>
  <class>com.kms.katalon.core.logging.XmlKeywordLogger</class>
  <method>logMessage</method>
  <thread>1</thread>
  <message>Text &amp;apos;500&amp;apos; is set on object &amp;apos;Object Repository/AI-Generated/Katalian Banking Production/Page_apply_Checking/input_amount&amp;apos;</message>
  <nestedLevel>1</nestedLevel>
  <escapedJava>false</escapedJava>
  <property name="testops-method-name">com.kms.katalon.core.webui.keyword.internal.WebUIKeywordMain.runKeywordUntilTimeout</property>
  <property name="testops-execution-stacktrace">com.kms.katalon.core.logging.KeywordLogger.logPassed(KeywordLogger.java:332)
com.kms.katalon.core.logging.KeywordLogger.logPassed(KeywordLogger.java:327)
com.kms.katalon.core.webui.keyword.builtin.SetTextKeyword$_setText_closure1.doCall(SetTextKeyword.groovy:99)
jdk.internal.reflect.GeneratedMethodAccessor62.invoke(Unknown Source)
java.base/jdk.internal.reflect.DelegatingMethodAccessorImpl.invoke(DelegatingMethodAccessorImpl.java:43)
jdk.proxy2/jdk.proxy2.$Proxy51.execute(Unknown Source)
com.kms.katalon.core.webui.model.SeleniumActionRetryController.performAction(SeleniumActionRetryController.java:96)
com.kms.katalon.core.webui.model.SeleniumActionRetryController.performAction(SeleniumActionRetryController.java:83)
com.kms.katalon.core.webui.keyword.internal.WebUIKeywordMain$_runKeywordUntilTimeout_closure1.doCall(WebUIKeywordMain.groovy:135)
com.kms.katalon.core.webui.keyword.internal.WebUIKeywordMain$_runKeywordUntilTimeout_closure1.call(WebUIKeywordMain.groovy)
com.kms.katalon.core.webui.keyword.internal.WebUIKeywordMain.runKeyword(WebUIKeywordMain.groovy:41)
com.kms.katalon.core.webui.keyword.internal.WebUIKeywordMain.runKeywordUntilTimeout(WebUIKeywordMain.groovy:133)
com.kms.katalon.core.webui.keyword.builtin.SetTextKeyword.setText(SetTextKeyword.groovy:106)
com.kms.katalon.core.webui.keyword.builtin.SetTextKeyword.execute(SetTextKeyword.groovy:49)
com.kms.katalon.core.keyword.internal.KeywordExecutor.executeKeywordForPlatform(KeywordExecutor.groovy:90)
com.kms.katalon.core.webui.keyword.WebUiBuiltInKeywords.setText(WebUiBuiltInKeywords.groovy:1081)
TC4-Apply for Checking Account and Transfer Balance.run(TC4-Apply for Checking Account and Transfer Balance:130)
</property>
</record>
<record>
  <date>2026-01-06T15:28:11.230034Z</date>
  <millis>1767713291230</millis>
  <nanos>34000</nanos>
  <sequence>1688</sequence>
  <level>END</level>
  <class>com.kms.katalon.core.logging.XmlKeywordLogger</class>
  <method>endKeyword</method>
  <thread>1</thread>
  <message>End action : setText(findTestObject(&amp;quot;AI-Generated/Katalian Banking Production/Page_apply_Checking/input_amount&amp;quot;), input_amount)</message>
  <nestedLevel>1</nestedLevel>
  <escapedJava>false</escapedJava>
</record>
<record>
  <date>2026-01-06T15:28:11.230101Z</date>
  <millis>1767713291230</millis>
  <nanos>101000</nanos>
  <sequence>1689</sequence>
  <level>START</level>
  <class>com.kms.katalon.core.logging.XmlKeywordLogger</class>
  <method>startKeyword</method>
  <thread>1</thread>
  <message>Start action : TrueTestScripts.selectOption(findTestObject(&amp;quot;AI-Generated/Katalian Banking Production/Page_apply_Checking/select_transferFrom&amp;quot;), select_transferFrom, &amp;quot;label&amp;quot;, false)</message>
  <nestedLevel>1</nestedLevel>
  <escapedJava>false</escapedJava>
  <property name="startLine">136</property>
  <property name="stepIndex">23</property>
  <property name="description">Step 21: Select option with input value from select transferFrom</property>
</record>
<record>
  <date>2026-01-06T15:28:11.879020Z</date>
  <millis>1767713291879</millis>
  <nanos>20000</nanos>
  <sequence>1700</sequence>
  <level>PASSED</level>
  <class>com.kms.katalon.core.logging.XmlKeywordLogger</class>
  <method>logMessage</method>
  <thread>1</thread>
  <message>All options with label &amp;apos;\QChecking (...7890)\E&amp;apos; are selected in object &amp;apos;Object Repository/AI-Generated/Katalian Banking Production/Page_apply_Checking/select_transferFrom&amp;apos;  using regular expression</message>
  <nestedLevel>1</nestedLevel>
  <escapedJava>false</escapedJava>
  <property name="testops-method-name">com.kms.katalon.core.webui.keyword.builtin.SelectOptionByLabelKeyword.selectOptionByLabel</property>
  <property name="testops-execution-stacktrace"></property>
</record>
<record>
  <date>2026-01-06T15:28:12.639350Z</date>
  <millis>1767713292639</millis>
  <nanos>350000</nanos>
  <sequence>1712</sequence>
  <level>PASSED</level>
  <class>com.kms.katalon.core.logging.XmlKeywordLogger</class>
  <method>logMessage</method>
  <thread>1</thread>
  <message>All options with label &amp;apos;\QChecking (...7890)\E&amp;apos; are selected in object &amp;apos;Object Repository/AI-Generated/Katalian Banking Production/Page_apply_Checking/select_transferFrom&amp;apos;  using regular expression</message>
  <nestedLevel>1</nestedLevel>
  <escapedJava>false</escapedJava>
  <property name="testops-method-name">com.kms.katalon.core.webui.keyword.internal.WebUIKeywordMain.runKeywordUntilTimeout</property>
  <property name="testops-execution-stacktrace">com.kms.katalon.core.logging.KeywordLogger.logPassed(KeywordLogger.java:332)
com.kms.katalon.core.logging.KeywordLogger.logPassed(KeywordLogger.java:327)
com.kms.katalon.core.webui.keyword.builtin.VerifyOptionSelectedByLabelKeyword$_verifyOptionSelectedByLabel_closure1.doCall(VerifyOptionSelectedByLabelKeyword.groovy:76)
java.base/jdk.internal.reflect.NativeMethodAccessorImpl.invoke0(Native Method)
java.base/jdk.internal.reflect.NativeMethodAccessorImpl.invoke(NativeMethodAccessorImpl.java:77)
java.base/jdk.internal.reflect.DelegatingMethodAccessorImpl.invoke(DelegatingMethodAccessorImpl.java:43)
jdk.proxy2/jdk.proxy2.$Proxy51.execute(Unknown Source)
com.kms.katalon.core.webui.model.SeleniumActionRetryController.performAction(SeleniumActionRetryController.java:96)
com.kms.katalon.core.webui.model.SeleniumActionRetryController.performAction(SeleniumActionRetryController.java:83)
com.kms.katalon.core.webui.keyword.internal.WebUIKeywordMain$_runKeywordUntilTimeout_closure2.doCall(WebUIKeywordMain.groovy:155)
com.kms.katalon.core.webui.keyword.internal.WebUIKeywordMain$_runKeywordUntilTimeout_closure2.call(WebUIKeywordMain.groovy)
com.kms.katalon.core.webui.keyword.internal.WebUIKeywordMain.runKeyword(WebUIKeywordMain.groovy:41)
com.kms.katalon.core.webui.keyword.internal.WebUIKeywordMain.runKeywordUntilTimeout(WebUIKeywordMain.groovy:152)
com.kms.katalon.core.webui.keyword.builtin.VerifyOptionSelectedByLabelKeyword.verifyOptionSelectedByLabel(VerifyOptionSelectedByLabelKeyword.groovy:86)
com.kms.katalon.core.webui.keyword.builtin.VerifyOptionSelectedByLabelKeyword.execute(VerifyOptionSelectedByLabelKeyword.groovy:43)
com.kms.katalon.core.keyword.internal.KeywordExecutor.executeKeywordForPlatform(KeywordExecutor.groovy:90)
com.kms.katalon.core.webui.keyword.WebUiBuiltInKeywords.verifyOptionSelectedByLabel(WebUiBuiltInKeywords.groovy:2284)
truetest.Katalian_Banking_Production.custom.TrueTestScripts.selectOption(TrueTestScripts.groovy:126)
TC4-Apply for Checking Account and Transfer Balance.run(TC4-Apply for Checking Account and Transfer Balance:136)
</property>
</record>
<record>
  <date>2026-01-06T15:28:12.639968Z</date>
  <millis>1767713292639</millis>
  <nanos>968000</nanos>
  <sequence>1713</sequence>
  <level>END</level>
  <class>com.kms.katalon.core.logging.XmlKeywordLogger</class>
  <method>endKeyword</method>
  <thread>1</thread>
  <message>End action : TrueTestScripts.selectOption(findTestObject(&amp;quot;AI-Generated/Katalian Banking Production/Page_apply_Checking/select_transferFrom&amp;quot;), select_transferFrom, &amp;quot;label&amp;quot;, false)</message>
  <nestedLevel>1</nestedLevel>
  <escapedJava>false</escapedJava>
</record>
<record>
  <date>2026-01-06T15:28:12.640015Z</date>
  <millis>1767713292640</millis>
  <nanos>15000</nanos>
  <sequence>1714</sequence>
  <level>START</level>
  <class>com.kms.katalon.core.logging.XmlKeywordLogger</class>
  <method>startKeyword</method>
  <thread>1</thread>
  <message>Start action : enhancedClick(findTestObject(&amp;quot;AI-Generated/Katalian Banking Production/Page_apply_Checking/button_submitApplication&amp;quot;))</message>
  <nestedLevel>1</nestedLevel>
  <escapedJava>false</escapedJava>
  <property name="startLine">142</property>
  <property name="stepIndex">24</property>
  <property name="description">Step 22: Click on button submitApplication</property>
</record>
<record>
  <date>2026-01-06T15:28:12.666112Z</date>
  <millis>1767713292666</millis>
  <nanos>112000</nanos>
  <sequence>1726</sequence>
  <level>PASSED</level>
  <class>com.kms.katalon.core.logging.XmlKeywordLogger</class>
  <method>logMessage</method>
  <thread>1</thread>
  <message>Object: &amp;apos;Object Repository/AI-Generated/Katalian Banking Production/Page_apply_Checking/button_submitApplication&amp;apos; is clicked on</message>
  <nestedLevel>1</nestedLevel>
  <escapedJava>false</escapedJava>
  <property name="testops-method-name">com.kms.katalon.core.webui.keyword.internal.WebUIKeywordMain.runKeywordUntilTimeout</property>
  <property name="testops-execution-stacktrace">com.kms.katalon.core.logging.KeywordLogger.logPassed(KeywordLogger.java:332)
com.kms.katalon.core.logging.KeywordLogger.logPassed(KeywordLogger.java:327)
com.kms.katalon.core.webui.keyword.builtin.EnhancedClickKeyword$_click_closure1$_closure5.doCall(EnhancedClickKeyword.groovy:88)
jdk.internal.reflect.GeneratedMethodAccessor47.invoke(Unknown Source)
java.base/jdk.internal.reflect.DelegatingMethodAccessorImpl.invoke(DelegatingMethodAccessorImpl.java:43)
jdk.proxy2/jdk.proxy2.$Proxy54.accept(Unknown Source)
com.kms.katalon.core.trymonad.Success.onSuccess(Try.java:263)
com.kms.katalon.core.webui.keyword.builtin.EnhancedClickKeyword$_click_closure1.doCall(EnhancedClickKeyword.groovy:71)
jdk.internal.reflect.GeneratedMethodAccessor45.invoke(Unknown Source)
java.base/jdk.internal.reflect.DelegatingMethodAccessorImpl.invoke(DelegatingMethodAccessorImpl.java:43)
jdk.proxy2/jdk.proxy2.$Proxy51.execute(Unknown Source)
com.kms.katalon.core.webui.model.SeleniumActionRetryController.performAction(SeleniumActionRetryController.java:96)
com.kms.katalon.core.webui.model.SeleniumActionRetryController.performAction(SeleniumActionRetryController.java:83)
com.kms.katalon.core.webui.keyword.internal.WebUIKeywordMain$_runKeywordUntilTimeout_closure1.doCall(WebUIKeywordMain.groovy:135)
com.kms.katalon.core.webui.keyword.internal.WebUIKeywordMain$_runKeywordUntilTimeout_closure1.call(WebUIKeywordMain.groovy)
com.kms.katalon.core.webui.keyword.internal.WebUIKeywordMain.runKeyword(WebUIKeywordMain.groovy:41)
com.kms.katalon.core.webui.keyword.internal.WebUIKeywordMain.runKeywordUntilTimeout(WebUIKeywordMain.groovy:133)
com.kms.katalon.core.webui.keyword.builtin.EnhancedClickKeyword.click(EnhancedClickKeyword.groovy:95)
com.kms.katalon.core.webui.keyword.builtin.EnhancedClickKeyword.execute(EnhancedClickKeyword.groovy:41)
com.kms.katalon.core.keyword.internal.KeywordExecutor.executeKeywordForPlatform(KeywordExecutor.groovy:90)
com.kms.katalon.core.webui.keyword.WebUiBuiltInKeywords.enhancedClick(WebUiBuiltInKeywords.groovy:747)
TC4-Apply for Checking Account and Transfer Balance.run(TC4-Apply for Checking Account and Transfer Balance:142)
</property>
</record>
<record>
  <date>2026-01-06T15:28:12.666986Z</date>
  <millis>1767713292666</millis>
  <nanos>986000</nanos>
  <sequence>1727</sequence>
  <level>END</level>
  <class>com.kms.katalon.core.logging.XmlKeywordLogger</class>
  <method>endKeyword</method>
  <thread>1</thread>
  <message>End action : enhancedClick(findTestObject(&amp;quot;AI-Generated/Katalian Banking Production/Page_apply_Checking/button_submitApplication&amp;quot;))</message>
  <nestedLevel>1</nestedLevel>
  <escapedJava>false</escapedJava>
</record>
<record>
  <date>2026-01-06T15:28:12.667078Z</date>
  <millis>1767713292667</millis>
  <nanos>78000</nanos>
  <sequence>1728</sequence>
  <level>START</level>
  <class>com.kms.katalon.core.logging.XmlKeywordLogger</class>
  <method>startKeyword</method>
  <thread>1</thread>
  <message>Start action : enhancedClick(findTestObject(&amp;quot;AI-Generated/Katalian Banking Production/Page_apply_Checking/button_returnToDashboard&amp;quot;))</message>
  <nestedLevel>1</nestedLevel>
  <escapedJava>false</escapedJava>
  <property name="startLine">148</property>
  <property name="stepIndex">25</property>
  <property name="description">Step 23: Click on button returnToDashboard -&gt; Navigate to page &apos;/dashboard&apos;</property>
</record>
<record>
  <date>2026-01-06T15:28:15.192837Z</date>
  <millis>1767713295192</millis>
  <nanos>837000</nanos>
  <sequence>1740</sequence>
  <level>PASSED</level>
  <class>com.kms.katalon.core.logging.XmlKeywordLogger</class>
  <method>logMessage</method>
  <thread>1</thread>
  <message>Object: &amp;apos;Object Repository/AI-Generated/Katalian Banking Production/Page_apply_Checking/button_returnToDashboard&amp;apos; is clicked on</message>
  <nestedLevel>1</nestedLevel>
  <escapedJava>false</escapedJava>
  <property name="testops-method-name">com.kms.katalon.core.webui.keyword.internal.WebUIKeywordMain.runKeywordUntilTimeout</property>
  <property name="testops-execution-stacktrace">com.kms.katalon.core.logging.KeywordLogger.logPassed(KeywordLogger.java:332)
com.kms.katalon.core.logging.KeywordLogger.logPassed(KeywordLogger.java:327)
com.kms.katalon.core.webui.keyword.builtin.EnhancedClickKeyword$_click_closure1$_closure5.doCall(EnhancedClickKeyword.groovy:88)
jdk.internal.reflect.GeneratedMethodAccessor47.invoke(Unknown Source)
java.base/jdk.internal.reflect.DelegatingMethodAccessorImpl.invoke(DelegatingMethodAccessorImpl.java:43)
jdk.proxy2/jdk.proxy2.$Proxy54.accept(Unknown Source)
com.kms.katalon.core.trymonad.Success.onSuccess(Try.java:263)
com.kms.katalon.core.webui.keyword.builtin.EnhancedClickKeyword$_click_closure1.doCall(EnhancedClickKeyword.groovy:71)
jdk.internal.reflect.GeneratedMethodAccessor45.invoke(Unknown Source)
java.base/jdk.internal.reflect.DelegatingMethodAccessorImpl.invoke(DelegatingMethodAccessorImpl.java:43)
jdk.proxy2/jdk.proxy2.$Proxy51.execute(Unknown Source)
com.kms.katalon.core.webui.model.SeleniumActionRetryController.performAction(SeleniumActionRetryController.java:96)
com.kms.katalon.core.webui.model.SeleniumActionRetryController.performAction(SeleniumActionRetryController.java:83)
com.kms.katalon.core.webui.keyword.internal.WebUIKeywordMain$_runKeywordUntilTimeout_closure1.doCall(WebUIKeywordMain.groovy:135)
com.kms.katalon.core.webui.keyword.internal.WebUIKeywordMain$_runKeywordUntilTimeout_closure1.call(WebUIKeywordMain.groovy)
com.kms.katalon.core.webui.keyword.internal.WebUIKeywordMain.runKeyword(WebUIKeywordMain.groovy:41)
com.kms.katalon.core.webui.keyword.internal.WebUIKeywordMain.runKeywordUntilTimeout(WebUIKeywordMain.groovy:133)
com.kms.katalon.core.webui.keyword.builtin.EnhancedClickKeyword.click(EnhancedClickKeyword.groovy:95)
com.kms.katalon.core.webui.keyword.builtin.EnhancedClickKeyword.execute(EnhancedClickKeyword.groovy:41)
com.kms.katalon.core.keyword.internal.KeywordExecutor.executeKeywordForPlatform(KeywordExecutor.groovy:90)
com.kms.katalon.core.webui.keyword.WebUiBuiltInKeywords.enhancedClick(WebUiBuiltInKeywords.groovy:747)
TC4-Apply for Checking Account and Transfer Balance.run(TC4-Apply for Checking Account and Transfer Balance:148)
</property>
</record>
<record>
  <date>2026-01-06T15:28:15.193599Z</date>
  <millis>1767713295193</millis>
  <nanos>599000</nanos>
  <sequence>1741</sequence>
  <level>END</level>
  <class>com.kms.katalon.core.logging.XmlKeywordLogger</class>
  <method>endKeyword</method>
  <thread>1</thread>
  <message>End action : enhancedClick(findTestObject(&amp;quot;AI-Generated/Katalian Banking Production/Page_apply_Checking/button_returnToDashboard&amp;quot;))</message>
  <nestedLevel>1</nestedLevel>
  <escapedJava>false</escapedJava>
</record>
<record>
  <date>2026-01-06T15:28:15.193677Z</date>
  <millis>1767713295193</millis>
  <nanos>677000</nanos>
  <sequence>1742</sequence>
  <level>START</level>
  <class>com.kms.katalon.core.logging.XmlKeywordLogger</class>
  <method>startKeyword</method>
  <thread>1</thread>
  <message>Start action : enhancedClick(findTestObject(&amp;quot;AI-Generated/Katalian Banking Production/Page_dashboard/button_transferBalance&amp;quot;))</message>
  <nestedLevel>1</nestedLevel>
  <escapedJava>false</escapedJava>
  <property name="startLine">154</property>
  <property name="stepIndex">26</property>
  <property name="description">Step 24: Click on button transferBalance -&gt; Navigate to page &apos;&apos;</property>
</record>
<record>
  <date>2026-01-06T15:28:15.229459Z</date>
  <millis>1767713295229</millis>
  <nanos>459000</nanos>
  <sequence>1754</sequence>
  <level>PASSED</level>
  <class>com.kms.katalon.core.logging.XmlKeywordLogger</class>
  <method>logMessage</method>
  <thread>1</thread>
  <message>Object: &amp;apos;Object Repository/AI-Generated/Katalian Banking Production/Page_dashboard/button_transferBalance&amp;apos; is clicked on</message>
  <nestedLevel>1</nestedLevel>
  <escapedJava>false</escapedJava>
  <property name="testops-method-name">com.kms.katalon.core.webui.keyword.internal.WebUIKeywordMain.runKeywordUntilTimeout</property>
  <property name="testops-execution-stacktrace">com.kms.katalon.core.logging.KeywordLogger.logPassed(KeywordLogger.java:332)
com.kms.katalon.core.logging.KeywordLogger.logPassed(KeywordLogger.java:327)
com.kms.katalon.core.webui.keyword.builtin.EnhancedClickKeyword$_click_closure1$_closure5.doCall(EnhancedClickKeyword.groovy:88)
jdk.internal.reflect.GeneratedMethodAccessor47.invoke(Unknown Source)
java.base/jdk.internal.reflect.DelegatingMethodAccessorImpl.invoke(DelegatingMethodAccessorImpl.java:43)
jdk.proxy2/jdk.proxy2.$Proxy54.accept(Unknown Source)
com.kms.katalon.core.trymonad.Success.onSuccess(Try.java:263)
com.kms.katalon.core.webui.keyword.builtin.EnhancedClickKeyword$_click_closure1.doCall(EnhancedClickKeyword.groovy:71)
jdk.internal.reflect.GeneratedMethodAccessor45.invoke(Unknown Source)
java.base/jdk.internal.reflect.DelegatingMethodAccessorImpl.invoke(DelegatingMethodAccessorImpl.java:43)
jdk.proxy2/jdk.proxy2.$Proxy51.execute(Unknown Source)
com.kms.katalon.core.webui.model.SeleniumActionRetryController.performAction(SeleniumActionRetryController.java:96)
com.kms.katalon.core.webui.model.SeleniumActionRetryController.performAction(SeleniumActionRetryController.java:83)
com.kms.katalon.core.webui.keyword.internal.WebUIKeywordMain$_runKeywordUntilTimeout_closure1.doCall(WebUIKeywordMain.groovy:135)
com.kms.katalon.core.webui.keyword.internal.WebUIKeywordMain$_runKeywordUntilTimeout_closure1.call(WebUIKeywordMain.groovy)
com.kms.katalon.core.webui.keyword.internal.WebUIKeywordMain.runKeyword(WebUIKeywordMain.groovy:41)
com.kms.katalon.core.webui.keyword.internal.WebUIKeywordMain.runKeywordUntilTimeout(WebUIKeywordMain.groovy:133)
com.kms.katalon.core.webui.keyword.builtin.EnhancedClickKeyword.click(EnhancedClickKeyword.groovy:95)
com.kms.katalon.core.webui.keyword.builtin.EnhancedClickKeyword.execute(EnhancedClickKeyword.groovy:41)
com.kms.katalon.core.keyword.internal.KeywordExecutor.executeKeywordForPlatform(KeywordExecutor.groovy:90)
com.kms.katalon.core.webui.keyword.WebUiBuiltInKeywords.enhancedClick(WebUiBuiltInKeywords.groovy:747)
TC4-Apply for Checking Account and Transfer Balance.run(TC4-Apply for Checking Account and Transfer Balance:154)
</property>
</record>
<record>
  <date>2026-01-06T15:28:15.230124Z</date>
  <millis>1767713295230</millis>
  <nanos>124000</nanos>
  <sequence>1755</sequence>
  <level>END</level>
  <class>com.kms.katalon.core.logging.XmlKeywordLogger</class>
  <method>endKeyword</method>
  <thread>1</thread>
  <message>End action : enhancedClick(findTestObject(&amp;quot;AI-Generated/Katalian Banking Production/Page_dashboard/button_transferBalance&amp;quot;))</message>
  <nestedLevel>1</nestedLevel>
  <escapedJava>false</escapedJava>
</record>
<record>
  <date>2026-01-06T15:28:15.230220Z</date>
  <millis>1767713295230</millis>
  <nanos>220000</nanos>
  <sequence>1756</sequence>
  <level>START</level>
  <class>com.kms.katalon.core.logging.XmlKeywordLogger</class>
  <method>startKeyword</method>
  <thread>1</thread>
  <message>Start action : takeFullPageScreenshotAsCheckpoint(&amp;quot;TC4-Apply for Checking Account and Transfer Balance_visual_checkpoint&amp;quot;)</message>
  <nestedLevel>1</nestedLevel>
  <escapedJava>false</escapedJava>
  <property name="startLine">160</property>
  <property name="stepIndex">27</property>
  <property name="description">Step 25: Take full page screenshot as checkpoint</property>
</record>
<record>
  <date>2026-01-06T15:28:15.279465Z</date>
  <millis>1767713295279</millis>
  <nanos>465000</nanos>
  <sequence>1758</sequence>
  <level>INFO</level>
  <class>com.kms.katalon.core.logging.XmlKeywordLogger</class>
  <method>logMessage</method>
  <thread>1</thread>
  <message>0 hidden object(s)</message>
  <nestedLevel>1</nestedLevel>
  <escapedJava>false</escapedJava>
</record>
<record>
  <date>2026-01-06T15:28:15.303970Z</date>
  <millis>1767713295303</millis>
  <nanos>970000</nanos>
  <sequence>1759</sequence>
  <level>PASSED</level>
  <class>com.kms.katalon.core.logging.XmlKeywordLogger</class>
  <method>logMessage</method>
  <thread>1</thread>
  <message>Taking screenshot successfully</message>
  <nestedLevel>1</nestedLevel>
  <escapedJava>false</escapedJava>
  <property name="attachment">keyes/keyes-TC4-Apply for Checking Account and Transfer Balance_visual_checkpoint.png</property>
  <property name="testops-method-name">com.kms.katalon.core.webui.keyword.builtin.TakeFullPageScreenshotKeyword.takeScreenshot</property>
  <property name="testops-execution-stacktrace"></property>
</record>
<record>
  <date>2026-01-06T15:28:15.304112Z</date>
  <millis>1767713295304</millis>
  <nanos>112000</nanos>
  <sequence>1760</sequence>
  <level>END</level>
  <class>com.kms.katalon.core.logging.XmlKeywordLogger</class>
  <method>endKeyword</method>
  <thread>1</thread>
  <message>End action : takeFullPageScreenshotAsCheckpoint(&amp;quot;TC4-Apply for Checking Account and Transfer Balance_visual_checkpoint&amp;quot;)</message>
  <nestedLevel>1</nestedLevel>
  <escapedJava>false</escapedJava>
</record>
<record>
  <date>2026-01-06T15:28:15.304164Z</date>
  <millis>1767713295304</millis>
  <nanos>164000</nanos>
  <sequence>1762</sequence>
  <level>START</level>
  <class>com.kms.katalon.core.logging.XmlKeywordLogger</class>
  <method>startKeyword</method>
  <thread>1</thread>
  <message>Start tear down : teardown</message>
  <nestedLevel>1</nestedLevel>
  <escapedJava>false</escapedJava>
  <property name="stepIndex">1</property>
  <property name="isIgnoredIfFailed">true</property>
</record>
<record>
  <date>2026-01-06T15:28:15.305074Z</date>
  <millis>1767713295305</millis>
  <nanos>74000</nanos>
  <sequence>1763</sequence>
  <level>START</level>
  <class>com.kms.katalon.core.logging.XmlKeywordLogger</class>
  <method>startKeyword</method>
  <thread>1</thread>
  <message>Start action : closeBrowser()</message>
  <nestedLevel>1</nestedLevel>
  <escapedJava>false</escapedJava>
  <property name="startLine">166</property>
  <property name="stepIndex">1</property>
</record>
<record>
  <date>2026-01-06T15:28:15.392307Z</date>
  <millis>1767713295392</millis>
  <nanos>307000</nanos>
  <sequence>1766</sequence>
  <level>PASSED</level>
  <class>com.kms.katalon.core.logging.XmlKeywordLogger</class>
  <method>logMessage</method>
  <thread>1</thread>
  <message>Browser is closed</message>
  <nestedLevel>1</nestedLevel>
  <escapedJava>false</escapedJava>
</record>
<record>
  <date>2026-01-06T15:28:15.392416Z</date>
  <millis>1767713295392</millis>
  <nanos>416000</nanos>
  <sequence>1767</sequence>
  <level>END</level>
  <class>com.kms.katalon.core.logging.XmlKeywordLogger</class>
  <method>endKeyword</method>
  <thread>1</thread>
  <message>End action : closeBrowser()</message>
  <nestedLevel>1</nestedLevel>
  <escapedJava>false</escapedJava>
</record>
<record>
  <date>2026-01-06T15:28:15.392459Z</date>
  <millis>1767713295392</millis>
  <nanos>459000</nanos>
  <sequence>1768</sequence>
  <level>PASSED</level>
  <class>com.kms.katalon.core.logging.XmlKeywordLogger</class>
  <method>logMessage</method>
  <thread>1</thread>
  <message>Method &amp;apos;teardown&amp;apos; complete successfully</message>
  <nestedLevel>1</nestedLevel>
  <escapedJava>false</escapedJava>
</record>
<record>
  <date>2026-01-06T15:28:15.392489Z</date>
  <millis>1767713295392</millis>
  <nanos>489000</nanos>
  <sequence>1769</sequence>
  <level>END</level>
  <class>com.kms.katalon.core.logging.XmlKeywordLogger</class>
  <method>endKeyword</method>
  <thread>1</thread>
  <message>End tear down : teardown</message>
  <nestedLevel>1</nestedLevel>
  <escapedJava>false</escapedJava>
</record>
<record>
  <date>2026-01-06T15:28:15.392518Z</date>
  <millis>1767713295392</millis>
  <nanos>518000</nanos>
  <sequence>1770</sequence>
  <level>PASSED</level>
  <class>com.kms.katalon.core.logging.XmlKeywordLogger</class>
  <method>logMessage</method>
  <thread>1</thread>
  <message>Test Cases/AI-Generated/Katalian Banking Production/TC4-Apply for Checking Account and Transfer Balance</message>
  <nestedLevel>1</nestedLevel>
  <escapedJava>false</escapedJava>
</record>
<record>
  <date>2026-01-06T15:28:15.392599Z</date>
  <millis>1767713295392</millis>
  <nanos>599000</nanos>
  <sequence>1771</sequence>
  <level>START</level>
  <class>com.kms.katalon.core.logging.XmlKeywordLogger</class>
  <method>startKeyword</method>
  <thread>1</thread>
  <message>Start listener action : autoUpdateJobStatus</message>
  <nestedLevel>1</nestedLevel>
  <escapedJava>false</escapedJava>
</record>
<record>
  <date>2026-01-06T15:28:15.392746Z</date>
  <millis>1767713295392</millis>
  <nanos>746000</nanos>
  <sequence>1773</sequence>
  <level>INFO</level>
  <class>com.kms.katalon.core.logging.XmlKeywordLogger</class>
  <method>logMessage</method>
  <thread>1</thread>
  <message>[SAUCELABS] Current run configuration: Chrome</message>
  <nestedLevel>1</nestedLevel>
  <escapedJava>false</escapedJava>
</record>
<record>
  <date>2026-01-06T15:28:15.392778Z</date>
  <millis>1767713295392</millis>
  <nanos>778000</nanos>
  <sequence>1775</sequence>
  <level>END</level>
  <class>com.kms.katalon.core.logging.XmlKeywordLogger</class>
  <method>endKeyword</method>
  <thread>1</thread>
  <message>End listener action : autoUpdateJobStatus</message>
  <nestedLevel>1</nestedLevel>
  <escapedJava>false</escapedJava>
</record>
<record>
  <date>2026-01-06T15:28:15.392980Z</date>
  <millis>1767713295392</millis>
  <nanos>980000</nanos>
  <sequence>1776</sequence>
  <level>END</level>
  <class>com.kms.katalon.core.logging.XmlKeywordLogger</class>
  <method>endTest</method>
  <thread>1</thread>
  <message>End Test Case : Test Cases/AI-Generated/Katalian Banking Production/TC4-Apply for Checking Account and Transfer Balance</message>
  <nestedLevel>0</nestedLevel>
  <escapedJava>false</escapedJava>
  <property name="executionBindingVariables">[
  {
    &quot;value&quot;: &quot;456 Liden Lane&quot;,
    &quot;isDefault&quot;: true,
    &quot;name&quot;: &quot;input_addressLine&quot;,
    &quot;masked&quot;: false
  },
  {
    &quot;value&quot;: &quot;500&quot;,
    &quot;isDefault&quot;: true,
    &quot;name&quot;: &quot;input_amount&quot;,
    &quot;masked&quot;: false
  },
  {
    &quot;value&quot;: &quot;Cincinnati&quot;,
    &quot;isDefault&quot;: true,
    &quot;name&quot;: &quot;input_city&quot;,
    &quot;masked&quot;: false
  },
  {
    &quot;value&quot;: &quot;11/11/2000&quot;,
    &quot;isDefault&quot;: true,
    &quot;name&quot;: &quot;input_dateOfBirth&quot;,
    &quot;masked&quot;: false
  },
  {
    &quot;value&quot;: &quot;Carol&quot;,
    &quot;isDefault&quot;: true,
    &quot;name&quot;: &quot;input_firstName&quot;,
    &quot;masked&quot;: false
  },
  {
    &quot;value&quot;: &quot;Jones&quot;,
    &quot;isDefault&quot;: true,
    &quot;name&quot;: &quot;input_lastName&quot;,
    &quot;masked&quot;: false
  },
  {
    &quot;value&quot;: &quot;43221&quot;,
    &quot;isDefault&quot;: true,
    &quot;name&quot;: &quot;input_zipCode&quot;,
    &quot;masked&quot;: false
  },
  {
    &quot;value&quot;: &quot;Ohio&quot;,
    &quot;isDefault&quot;: true,
    &quot;name&quot;: &quot;select_state&quot;,
    &quot;masked&quot;: false
  },
  {
    &quot;value&quot;: &quot;Checking (...7890)&quot;,
    &quot;isDefault&quot;: true,
    &quot;name&quot;: &quot;select_transferFrom&quot;,
    &quot;masked&quot;: false
  }
]</property>
  <property name="applitools">false</property>
  <property name="remainingRetryCount">3</property>
  <property name="executedKeywords">{
  &quot;WebUI.navigateToUrl&quot;: 1,
  &quot;WebUI.selectOptionByLabel&quot;: 2,
  &quot;BuiltIn.callTestCase&quot;: 1,
  &quot;WebUI.openBrowser&quot;: 1,
  &quot;BuiltIn.delay&quot;: 1,
  &quot;WebUI.verifyElementPresent&quot;: 1,
  &quot;WebUI.closeBrowser&quot;: 1,
  &quot;WebUI.setEncryptedText&quot;: 1,
  &quot;WebUI.verifyOptionSelectedByLabel&quot;: 2,
  &quot;WebUI.click&quot;: 1,
  &quot;WebUI.setViewPortSize&quot;: 1,
  &quot;WebUI.enhancedClick&quot;: 13,
  &quot;WebUI.takeFullPageScreenshot&quot;: 1,
  &quot;WebUI.setText&quot;: 8
}</property>
  <property name="currentRetryCount">0</property>
  <property name="keywordsUsage">{
  &quot;web_ui&quot;: true,
  &quot;web_service&quot;: false,
  &quot;cucumber&quot;: false,
  &quot;builtin&quot;: true,
  &quot;mobile&quot;: false,
  &quot;windows&quot;: false,
  &quot;testng&quot;: false
}</property>
</record>
<record>
  <date>2026-01-06T15:28:15.394201Z</date>
  <millis>1767713295394</millis>
  <nanos>201000</nanos>
  <sequence>1777</sequence>
  <level>START</level>
  <class>com.kms.katalon.core.logging.XmlKeywordLogger</class>
  <method>startTest</method>
  <thread>1</thread>
  <message>Start Test Case : Test Cases/AI-Generated/Katalian Banking Production/TC1-Verify Balance Transfer Between Accounts</message>
  <nestedLevel>1</nestedLevel>
  <escapedJava>false</escapedJava>
  <property name="remainingRetryCount">3</property>
  <property name="origin">TRUETEST</property>
  <property name="name">Test Cases/AI-Generated/Katalian Banking Production/TC1-Verify Balance Transfer Between Accounts</property>
  <property name="description">Login to the application, transfer balance between accounts, confirm the transfer, and verify that the home page displays correctly.</property>
  <property name="iteration"></property>
  <property name="id">Test Cases/AI-Generated/Katalian Banking Production/TC1-Verify Balance Transfer Between Accounts</property>
  <property name="source">\Users\gia\Downloads\Katalian_Banking_2.0-main\Test Cases\AI-Generated\Katalian Banking Production\TC1-Verify Balance Transfer Between Accounts.tc</property>
  <property name="tag"></property>
  <property name="isOptional">false</property>
  <property name="currentRetryCount">0</property>
</record>
<record>
  <date>2026-01-06T15:28:15.397597Z</date>
  <millis>1767713295397</millis>
  <nanos>597000</nanos>
  <sequence>1779</sequence>
  <level>INFO</level>
  <class>com.kms.katalon.core.logging.XmlKeywordLogger</class>
  <method>logMessage</method>
  <thread>1</thread>
  <message>(Default) input_amount = 500</message>
  <nestedLevel>1</nestedLevel>
  <escapedJava>false</escapedJava>
</record>
<record>
  <date>2026-01-06T15:28:15.397739Z</date>
  <millis>1767713295397</millis>
  <nanos>739000</nanos>
  <sequence>1780</sequence>
  <level>INFO</level>
  <class>com.kms.katalon.core.logging.XmlKeywordLogger</class>
  <method>logMessage</method>
  <thread>1</thread>
  <message>(Default) select_fromAccount = Checking (...7890) - Balance: $5345.54</message>
  <nestedLevel>1</nestedLevel>
  <escapedJava>false</escapedJava>
</record>
<record>
  <date>2026-01-06T15:28:15.397793Z</date>
  <millis>1767713295397</millis>
  <nanos>793000</nanos>
  <sequence>1781</sequence>
  <level>START</level>
  <class>com.kms.katalon.core.logging.XmlKeywordLogger</class>
  <method>startKeyword</method>
  <thread>1</thread>
  <message>Start listener action : enableSauceLabs</message>
  <nestedLevel>1</nestedLevel>
  <escapedJava>false</escapedJava>
</record>
<record>
  <date>2026-01-06T15:28:15.397865Z</date>
  <millis>1767713295397</millis>
  <nanos>865000</nanos>
  <sequence>1783</sequence>
  <level>INFO</level>
  <class>com.kms.katalon.core.logging.XmlKeywordLogger</class>
  <method>logMessage</method>
  <thread>1</thread>
  <message>[SAUCELABS] Current run configuration: Chrome</message>
  <nestedLevel>1</nestedLevel>
  <escapedJava>false</escapedJava>
</record>
<record>
  <date>2026-01-06T15:28:15.397900Z</date>
  <millis>1767713295397</millis>
  <nanos>900000</nanos>
  <sequence>1784</sequence>
  <level>INFO</level>
  <class>com.kms.katalon.core.logging.XmlKeywordLogger</class>
  <method>logMessage</method>
  <thread>1</thread>
  <message>[SAUCELABS] Saucelabs Plugin will not attempt to auto update job status and information !</message>
  <nestedLevel>1</nestedLevel>
  <escapedJava>false</escapedJava>
</record>
<record>
  <date>2026-01-06T15:28:15.397921Z</date>
  <millis>1767713295397</millis>
  <nanos>921000</nanos>
  <sequence>1786</sequence>
  <level>END</level>
  <class>com.kms.katalon.core.logging.XmlKeywordLogger</class>
  <method>endKeyword</method>
  <thread>1</thread>
  <message>End listener action : enableSauceLabs</message>
  <nestedLevel>1</nestedLevel>
  <escapedJava>false</escapedJava>
</record>
<record>
  <date>2026-01-06T15:28:15.397962Z</date>
  <millis>1767713295397</millis>
  <nanos>962000</nanos>
  <sequence>1788</sequence>
  <level>START</level>
  <class>com.kms.katalon.core.logging.XmlKeywordLogger</class>
  <method>startKeyword</method>
  <thread>1</thread>
  <message>Start setup action : setup</message>
  <nestedLevel>1</nestedLevel>
  <escapedJava>false</escapedJava>
  <property name="stepIndex">1</property>
</record>
<record>
  <date>2026-01-06T15:28:15.412116Z</date>
  <millis>1767713295412</millis>
  <nanos>116000</nanos>
  <sequence>1789</sequence>
  <level>START</level>
  <class>com.kms.katalon.core.logging.XmlKeywordLogger</class>
  <method>startKeyword</method>
  <thread>1</thread>
  <message>Start action : openBrowser(&amp;quot;&amp;quot;)</message>
  <nestedLevel>1</nestedLevel>
  <escapedJava>false</escapedJava>
  <property name="startLine">14</property>
  <property name="stepIndex">1</property>
</record>
<record>
  <date>2026-01-06T15:28:15.413197Z</date>
  <millis>1767713295413</millis>
  <nanos>197000</nanos>
  <sequence>1792</sequence>
  <level>INFO</level>
  <class>com.kms.katalon.core.logging.XmlKeywordLogger</class>
  <method>logMessage</method>
  <thread>1</thread>
  <message>Starting &amp;apos;Chrome&amp;apos; driver</message>
  <nestedLevel>1</nestedLevel>
  <escapedJava>false</escapedJava>
</record>
<record>
  <date>2026-01-06T15:28:15.413599Z</date>
  <millis>1767713295413</millis>
  <nanos>599000</nanos>
  <sequence>1793</sequence>
  <level>INFO</level>
  <class>com.kms.katalon.core.logging.XmlKeywordLogger</class>
  <method>logMessage</method>
  <thread>1</thread>
  <message>Action delay is set to 0 milliseconds</message>
  <nestedLevel>1</nestedLevel>
  <escapedJava>false</escapedJava>
</record>
<record>
  <date>2026-01-06T15:28:16.513278Z</date>
  <millis>1767713296513</millis>
  <nanos>278000</nanos>
  <sequence>1796</sequence>
  <level>RUN_DATA</level>
  <class>com.kms.katalon.core.logging.XmlKeywordLogger</class>
  <method>logMessage</method>
  <thread>1</thread>
  <message>sessionId = 449cddb01ca8e511aa4086a40b722746</message>
  <nestedLevel>1</nestedLevel>
  <escapedJava>false</escapedJava>
  <property name="sessionId">449cddb01ca8e511aa4086a40b722746</property>
</record>
<record>
  <date>2026-01-06T15:28:16.513475Z</date>
  <millis>1767713296513</millis>
  <nanos>475000</nanos>
  <sequence>1797</sequence>
  <level>RUN_DATA</level>
  <class>com.kms.katalon.core.logging.XmlKeywordLogger</class>
  <method>logMessage</method>
  <thread>1</thread>
  <message>browser = Chrome 143.0.7499.147</message>
  <nestedLevel>1</nestedLevel>
  <escapedJava>false</escapedJava>
  <property name="browser">Chrome 143.0.7499.147</property>
</record>
<record>
  <date>2026-01-06T15:28:16.513525Z</date>
  <millis>1767713296513</millis>
  <nanos>525000</nanos>
  <sequence>1798</sequence>
  <level>RUN_DATA</level>
  <class>com.kms.katalon.core.logging.XmlKeywordLogger</class>
  <method>logMessage</method>
  <thread>1</thread>
  <message>platform = Mac OS X</message>
  <nestedLevel>1</nestedLevel>
  <escapedJava>false</escapedJava>
  <property name="platform">Mac OS X</property>
</record>
<record>
  <date>2026-01-06T15:28:16.513558Z</date>
  <millis>1767713296513</millis>
  <nanos>558000</nanos>
  <sequence>1799</sequence>
  <level>RUN_DATA</level>
  <class>com.kms.katalon.core.logging.XmlKeywordLogger</class>
  <method>logMessage</method>
  <thread>1</thread>
  <message>seleniumVersion = 4.34.0</message>
  <nestedLevel>1</nestedLevel>
  <escapedJava>false</escapedJava>
  <property name="seleniumVersion">4.34.0</property>
</record>
<record>
  <date>2026-01-06T15:28:16.513883Z</date>
  <millis>1767713296513</millis>
  <nanos>883000</nanos>
  <sequence>1800</sequence>
  <level>RUN_DATA</level>
  <class>com.kms.katalon.core.logging.XmlKeywordLogger</class>
  <method>logMessage</method>
  <thread>1</thread>
  <message>proxyInformation = ProxyInformation { proxyOption=NO_PROXY, proxyServerType=HTTP, username=, password=********, proxyServerAddress=, proxyServerPort=0, executionList=&amp;quot;&amp;quot;, isApplyToDesiredCapabilities=true }</message>
  <nestedLevel>1</nestedLevel>
  <escapedJava>false</escapedJava>
  <property name="proxyInformation">ProxyInformation { proxyOption=NO_PROXY, proxyServerType=HTTP, username=, password=********, proxyServerAddress=, proxyServerPort=0, executionList=&quot;&quot;, isApplyToDesiredCapabilities=true }</property>
</record>
<record>
  <date>2026-01-06T15:28:16.517520Z</date>
  <millis>1767713296517</millis>
  <nanos>520000</nanos>
  <sequence>1801</sequence>
  <level>PASSED</level>
  <class>com.kms.katalon.core.logging.XmlKeywordLogger</class>
  <method>logMessage</method>
  <thread>1</thread>
  <message>Browser is opened with url: &amp;apos;&amp;apos;</message>
  <nestedLevel>1</nestedLevel>
  <escapedJava>false</escapedJava>
  <property name="testops-method-name">com.kms.katalon.core.webui.keyword.builtin.OpenBrowserKeyword.openBrowser</property>
  <property name="testops-execution-stacktrace"></property>
</record>
<record>
  <date>2026-01-06T15:28:16.518110Z</date>
  <millis>1767713296518</millis>
  <nanos>110000</nanos>
  <sequence>1802</sequence>
  <level>END</level>
  <class>com.kms.katalon.core.logging.XmlKeywordLogger</class>
  <method>endKeyword</method>
  <thread>1</thread>
  <message>End action : openBrowser(&amp;quot;&amp;quot;)</message>
  <nestedLevel>1</nestedLevel>
  <escapedJava>false</escapedJava>
</record>
<record>
  <date>2026-01-06T15:28:16.518186Z</date>
  <millis>1767713296518</millis>
  <nanos>186000</nanos>
  <sequence>1803</sequence>
  <level>START</level>
  <class>com.kms.katalon.core.logging.XmlKeywordLogger</class>
  <method>startKeyword</method>
  <thread>1</thread>
  <message>Start action : setViewPortSize(1512, 823)</message>
  <nestedLevel>1</nestedLevel>
  <escapedJava>false</escapedJava>
  <property name="startLine">15</property>
  <property name="stepIndex">2</property>
</record>
<record>
  <date>2026-01-06T15:28:16.545186Z</date>
  <millis>1767713296545</millis>
  <nanos>186000</nanos>
  <sequence>1807</sequence>
  <level>PASSED</level>
  <class>com.kms.katalon.core.logging.XmlKeywordLogger</class>
  <method>logMessage</method>
  <thread>1</thread>
  <message>Viewport is set to new size with width = 1512 and height = 823</message>
  <nestedLevel>1</nestedLevel>
  <escapedJava>false</escapedJava>
  <property name="testops-method-name">com.kms.katalon.core.webui.keyword.builtin.SetViewPortSizeKeyword.setViewPortSize</property>
  <property name="testops-execution-stacktrace"></property>
</record>
<record>
  <date>2026-01-06T15:28:16.545316Z</date>
  <millis>1767713296545</millis>
  <nanos>316000</nanos>
  <sequence>1808</sequence>
  <level>END</level>
  <class>com.kms.katalon.core.logging.XmlKeywordLogger</class>
  <method>endKeyword</method>
  <thread>1</thread>
  <message>End action : setViewPortSize(1512, 823)</message>
  <nestedLevel>1</nestedLevel>
  <escapedJava>false</escapedJava>
</record>
<record>
  <date>2026-01-06T15:28:16.545409Z</date>
  <millis>1767713296545</millis>
  <nanos>409000</nanos>
  <sequence>1810</sequence>
  <level>PASSED</level>
  <class>com.kms.katalon.core.logging.XmlKeywordLogger</class>
  <method>logMessage</method>
  <thread>1</thread>
  <message>Method &amp;apos;setup&amp;apos; complete successfully</message>
  <nestedLevel>1</nestedLevel>
  <escapedJava>false</escapedJava>
  <property name="testops-execution-stacktrace">com.kms.katalon.core.logging.KeywordLogger.logPassed(KeywordLogger.java:332)
com.kms.katalon.core.logging.KeywordLogger.logPassed(KeywordLogger.java:346)
com.kms.katalon.core.main.TestCaseExecutor.runMethod(TestCaseExecutor.java:639)
com.kms.katalon.core.main.TestCaseExecutor.internallyRunMethods(TestCaseExecutor.java:622)
com.kms.katalon.core.main.TestCaseExecutor.processSetupPhase(TestCaseExecutor.java:234)
com.kms.katalon.core.main.TestCaseExecutor.accessMainPhase(TestCaseExecutor.java:448)
com.kms.katalon.core.main.TestCaseExecutor.execute(TestCaseExecutor.java:322)
com.kms.katalon.core.common.CommonExecutor.accessTestCaseMainPhase(CommonExecutor.java:71)
com.kms.katalon.core.main.TestSuiteExecutor.accessTestSuiteMainPhase(TestSuiteExecutor.java:153)
com.kms.katalon.core.main.TestSuiteExecutor.execute(TestSuiteExecutor.java:110)
com.kms.katalon.core.main.TestCaseMain.startTestSuite(TestCaseMain.java:205)
TempTestSuite1767713198027.run(TempTestSuite1767713198027.groovy:35)
java.base/jdk.internal.reflect.NativeMethodAccessorImpl.invoke0(Native Method)
java.base/jdk.internal.reflect.NativeMethodAccessorImpl.invoke(NativeMethodAccessorImpl.java:77)
java.base/jdk.internal.reflect.DelegatingMethodAccessorImpl.invoke(DelegatingMethodAccessorImpl.java:43)
</property>
</record>
<record>
  <date>2026-01-06T15:28:16.545492Z</date>
  <millis>1767713296545</millis>
  <nanos>492000</nanos>
  <sequence>1811</sequence>
  <level>END</level>
  <class>com.kms.katalon.core.logging.XmlKeywordLogger</class>
  <method>endKeyword</method>
  <thread>1</thread>
  <message>End setup action : setup</message>
  <nestedLevel>1</nestedLevel>
  <escapedJava>false</escapedJava>
</record>
<record>
  <date>2026-01-06T15:28:16.547093Z</date>
  <millis>1767713296547</millis>
  <nanos>93000</nanos>
  <sequence>1812</sequence>
  <level>START</level>
  <class>com.kms.katalon.core.logging.XmlKeywordLogger</class>
  <method>startKeyword</method>
  <thread>1</thread>
  <message>Start action : reportLocation = getReportFolder()</message>
  <nestedLevel>1</nestedLevel>
  <escapedJava>false</escapedJava>
  <property name="startLine">8</property>
  <property name="stepIndex">1</property>
</record>
<record>
  <date>2026-01-06T15:28:16.547316Z</date>
  <millis>1767713296547</millis>
  <nanos>316000</nanos>
  <sequence>1813</sequence>
  <level>END</level>
  <class>com.kms.katalon.core.logging.XmlKeywordLogger</class>
  <method>endKeyword</method>
  <thread>1</thread>
  <message>End action : reportLocation = getReportFolder()</message>
  <nestedLevel>1</nestedLevel>
  <escapedJava>false</escapedJava>
</record>
<record>
  <date>2026-01-06T15:28:16.547344Z</date>
  <millis>1767713296547</millis>
  <nanos>344000</nanos>
  <sequence>1814</sequence>
  <level>START</level>
  <class>com.kms.katalon.core.logging.XmlKeywordLogger</class>
  <method>startKeyword</method>
  <thread>1</thread>
  <message>Start action : &amp;quot;Initialize test session: Open browser and set view port&amp;quot;</message>
  <nestedLevel>1</nestedLevel>
  <escapedJava>false</escapedJava>
  <property name="startLine">10</property>
  <property name="stepIndex">2</property>
</record>
<record>
  <date>2026-01-06T15:28:16.547496Z</date>
  <millis>1767713296547</millis>
  <nanos>496000</nanos>
  <sequence>1815</sequence>
  <level>END</level>
  <class>com.kms.katalon.core.logging.XmlKeywordLogger</class>
  <method>endKeyword</method>
  <thread>1</thread>
  <message>End action : &amp;quot;Initialize test session: Open browser and set view port&amp;quot;</message>
  <nestedLevel>1</nestedLevel>
  <escapedJava>false</escapedJava>
</record>
<record>
  <date>2026-01-06T15:28:16.547516Z</date>
  <millis>1767713296547</millis>
  <nanos>516000</nanos>
  <sequence>1816</sequence>
  <level>START</level>
  <class>com.kms.katalon.core.logging.XmlKeywordLogger</class>
  <method>startKeyword</method>
  <thread>1</thread>
  <message>Start action : TrueTestScripts.navigate(&amp;quot;&amp;quot;)</message>
  <nestedLevel>1</nestedLevel>
  <escapedJava>false</escapedJava>
  <property name="startLine">21</property>
  <property name="stepIndex">3</property>
  <property name="description">Step 1: Navigate to /login</property>
</record>
<record>
  <date>2026-01-06T15:28:16.906351Z</date>
  <millis>1767713296906</millis>
  <nanos>351000</nanos>
  <sequence>1820</sequence>
  <level>PASSED</level>
  <class>com.kms.katalon.core.logging.XmlKeywordLogger</class>
  <method>logMessage</method>
  <thread>1</thread>
  <message>Navigate to &amp;apos;https://katalian-banking.vercel.app/&amp;apos; successfully</message>
  <nestedLevel>1</nestedLevel>
  <escapedJava>false</escapedJava>
  <property name="testops-method-name">com.kms.katalon.core.webui.keyword.builtin.NavigateToUrlKeyword.navigateToUrl</property>
  <property name="testops-execution-stacktrace"></property>
</record>
<record>
  <date>2026-01-06T15:28:19.910481Z</date>
  <millis>1767713299910</millis>
  <nanos>481000</nanos>
  <sequence>1823</sequence>
  <level>PASSED</level>
  <class>com.kms.katalon.core.logging.XmlKeywordLogger</class>
  <method>logMessage</method>
  <thread>1</thread>
  <message>Delayed 3 second(s)</message>
  <nestedLevel>1</nestedLevel>
  <escapedJava>false</escapedJava>
  <property name="testops-method-name">com.kms.katalon.core.keyword.builtin.DelayKeyword.delay</property>
  <property name="testops-execution-stacktrace"></property>
</record>
<record>
  <date>2026-01-06T15:28:19.911089Z</date>
  <millis>1767713299911</millis>
  <nanos>89000</nanos>
  <sequence>1824</sequence>
  <level>END</level>
  <class>com.kms.katalon.core.logging.XmlKeywordLogger</class>
  <method>endKeyword</method>
  <thread>1</thread>
  <message>End action : TrueTestScripts.navigate(&amp;quot;&amp;quot;)</message>
  <nestedLevel>1</nestedLevel>
  <escapedJava>false</escapedJava>
</record>
<record>
  <date>2026-01-06T15:28:19.911140Z</date>
  <millis>1767713299911</millis>
  <nanos>140000</nanos>
  <sequence>1825</sequence>
  <level>START</level>
  <class>com.kms.katalon.core.logging.XmlKeywordLogger</class>
  <method>startKeyword</method>
  <thread>1</thread>
  <message>Start action : TrueTestScripts.login()</message>
  <nestedLevel>1</nestedLevel>
  <escapedJava>false</escapedJava>
  <property name="startLine">25</property>
  <property name="stepIndex">4</property>
  <property name="description">Step 2: Login into Application</property>
</record>
<record>
  <date>2026-01-06T15:28:19.968393Z</date>
  <millis>1767713299968</millis>
  <nanos>393000</nanos>
  <sequence>1829</sequence>
  <level>START</level>
  <class>com.kms.katalon.core.logging.XmlKeywordLogger</class>
  <method>startTest</method>
  <thread>1</thread>
  <message>Start Test Case : Test Cases/Login</message>
  <nestedLevel>2</nestedLevel>
  <escapedJava>false</escapedJava>
  <property name="origin"></property>
  <property name="name">Test Cases/Login</property>
  <property name="description"></property>
  <property name="iteration"></property>
  <property name="id">Test Cases/Login</property>
  <property name="source">\Users\gia\Downloads\Katalian_Banking_2.0-main\Test Cases\Login.tc</property>
  <property name="tag"></property>
  <property name="isOptional">false</property>
</record>
<record>
  <date>2026-01-06T15:28:19.973743Z</date>
  <millis>1767713299973</millis>
  <nanos>743000</nanos>
  <sequence>1831</sequence>
  <level>START</level>
  <class>com.kms.katalon.core.logging.XmlKeywordLogger</class>
  <method>startKeyword</method>
  <thread>1</thread>
  <message>Start action : setText(findTestObject(&amp;quot;Object Repository/Page_Katalian Bank/input_Username_username&amp;quot;), &amp;quot;bankinguser123&amp;quot;)</message>
  <nestedLevel>1</nestedLevel>
  <escapedJava>false</escapedJava>
  <property name="startLine">20</property>
  <property name="stepIndex">1</property>
</record>
<record>
  <date>2026-01-06T15:28:20.509501Z</date>
  <millis>1767713300509</millis>
  <nanos>501000</nanos>
  <sequence>1845</sequence>
  <level>PASSED</level>
  <class>com.kms.katalon.core.logging.XmlKeywordLogger</class>
  <method>logMessage</method>
  <thread>1</thread>
  <message>Text &amp;apos;bankinguser123&amp;apos; is set on object &amp;apos;Object Repository/Page_Katalian Bank/input_Username_username&amp;apos;</message>
  <nestedLevel>2</nestedLevel>
  <escapedJava>false</escapedJava>
  <property name="testops-method-name">com.kms.katalon.core.webui.keyword.internal.WebUIKeywordMain.runKeywordUntilTimeout</property>
  <property name="testops-execution-stacktrace">com.kms.katalon.core.logging.KeywordLogger.logPassed(KeywordLogger.java:332)
com.kms.katalon.core.logging.KeywordLogger.logPassed(KeywordLogger.java:327)
com.kms.katalon.core.webui.keyword.builtin.SetTextKeyword$_setText_closure1.doCall(SetTextKeyword.groovy:99)
jdk.internal.reflect.GeneratedMethodAccessor62.invoke(Unknown Source)
java.base/jdk.internal.reflect.DelegatingMethodAccessorImpl.invoke(DelegatingMethodAccessorImpl.java:43)
jdk.proxy2/jdk.proxy2.$Proxy51.execute(Unknown Source)
com.kms.katalon.core.webui.model.SeleniumActionRetryController.performAction(SeleniumActionRetryController.java:96)
com.kms.katalon.core.webui.model.SeleniumActionRetryController.performAction(SeleniumActionRetryController.java:83)
com.kms.katalon.core.webui.keyword.internal.WebUIKeywordMain$_runKeywordUntilTimeout_closure1.doCall(WebUIKeywordMain.groovy:135)
com.kms.katalon.core.webui.keyword.internal.WebUIKeywordMain$_runKeywordUntilTimeout_closure1.call(WebUIKeywordMain.groovy)
com.kms.katalon.core.webui.keyword.internal.WebUIKeywordMain.runKeyword(WebUIKeywordMain.groovy:41)
com.kms.katalon.core.webui.keyword.internal.WebUIKeywordMain.runKeywordUntilTimeout(WebUIKeywordMain.groovy:133)
com.kms.katalon.core.webui.keyword.builtin.SetTextKeyword.setText(SetTextKeyword.groovy:106)
com.kms.katalon.core.webui.keyword.builtin.SetTextKeyword.execute(SetTextKeyword.groovy:49)
com.kms.katalon.core.keyword.internal.KeywordExecutor.executeKeywordForPlatform(KeywordExecutor.groovy:90)
com.kms.katalon.core.webui.keyword.WebUiBuiltInKeywords.setText(WebUiBuiltInKeywords.groovy:1081)
Login.run(Login:20)
</property>
</record>
<record>
  <date>2026-01-06T15:28:20.509996Z</date>
  <millis>1767713300509</millis>
  <nanos>996000</nanos>
  <sequence>1846</sequence>
  <level>END</level>
  <class>com.kms.katalon.core.logging.XmlKeywordLogger</class>
  <method>endKeyword</method>
  <thread>1</thread>
  <message>End action : setText(findTestObject(&amp;quot;Object Repository/Page_Katalian Bank/input_Username_username&amp;quot;), &amp;quot;bankinguser123&amp;quot;)</message>
  <nestedLevel>1</nestedLevel>
  <escapedJava>false</escapedJava>
</record>
<record>
  <date>2026-01-06T15:28:20.510080Z</date>
  <millis>1767713300510</millis>
  <nanos>80000</nanos>
  <sequence>1847</sequence>
  <level>START</level>
  <class>com.kms.katalon.core.logging.XmlKeywordLogger</class>
  <method>startKeyword</method>
  <thread>1</thread>
  <message>Start action : setEncryptedText(findTestObject(&amp;quot;Object Repository/Page_Katalian Bank/input_Password_password&amp;quot;), &amp;quot;CS9RmWxFPRFoMJc95WUBEN4WG8mxfTJo&amp;quot;)</message>
  <nestedLevel>1</nestedLevel>
  <escapedJava>false</escapedJava>
  <property name="startLine">22</property>
  <property name="stepIndex">2</property>
</record>
<record>
  <date>2026-01-06T15:28:20.760731Z</date>
  <millis>1767713300760</millis>
  <nanos>731000</nanos>
  <sequence>1860</sequence>
  <level>PASSED</level>
  <class>com.kms.katalon.core.logging.XmlKeywordLogger</class>
  <method>logMessage</method>
  <thread>1</thread>
  <message>Text ****** has been set on object &amp;apos;Object Repository/Page_Katalian Bank/input_Password_password&amp;apos;</message>
  <nestedLevel>2</nestedLevel>
  <escapedJava>false</escapedJava>
  <property name="testops-method-name">com.kms.katalon.core.webui.keyword.internal.WebUIKeywordMain.runKeywordUntilTimeout</property>
  <property name="testops-execution-stacktrace">com.kms.katalon.core.logging.KeywordLogger.logPassed(KeywordLogger.java:332)
com.kms.katalon.core.logging.KeywordLogger.logPassed(KeywordLogger.java:327)
com.kms.katalon.core.webui.keyword.builtin.SetEncryptedTextKeyword$_setEncryptedText_closure1.doCall(SetEncryptedTextKeyword.groovy:82)
java.base/jdk.internal.reflect.NativeMethodAccessorImpl.invoke0(Native Method)
java.base/jdk.internal.reflect.NativeMethodAccessorImpl.invoke(NativeMethodAccessorImpl.java:77)
java.base/jdk.internal.reflect.DelegatingMethodAccessorImpl.invoke(DelegatingMethodAccessorImpl.java:43)
jdk.proxy2/jdk.proxy2.$Proxy51.execute(Unknown Source)
com.kms.katalon.core.webui.model.SeleniumActionRetryController.performAction(SeleniumActionRetryController.java:96)
com.kms.katalon.core.webui.model.SeleniumActionRetryController.performAction(SeleniumActionRetryController.java:83)
com.kms.katalon.core.webui.keyword.internal.WebUIKeywordMain$_runKeywordUntilTimeout_closure1.doCall(WebUIKeywordMain.groovy:135)
com.kms.katalon.core.webui.keyword.internal.WebUIKeywordMain$_runKeywordUntilTimeout_closure1.call(WebUIKeywordMain.groovy)
com.kms.katalon.core.webui.keyword.internal.WebUIKeywordMain.runKeyword(WebUIKeywordMain.groovy:41)
com.kms.katalon.core.webui.keyword.internal.WebUIKeywordMain.runKeywordUntilTimeout(WebUIKeywordMain.groovy:133)
com.kms.katalon.core.webui.keyword.builtin.SetEncryptedTextKeyword.setEncryptedText(SetEncryptedTextKeyword.groovy:88)
com.kms.katalon.core.webui.keyword.builtin.SetEncryptedTextKeyword.execute(SetEncryptedTextKeyword.groovy:48)
com.kms.katalon.core.keyword.internal.KeywordExecutor.executeKeywordForPlatform(KeywordExecutor.groovy:90)
com.kms.katalon.core.webui.keyword.WebUiBuiltInKeywords.setEncryptedText(WebUiBuiltInKeywords.groovy:1112)
Login.run(Login:22)
</property>
</record>
<record>
  <date>2026-01-06T15:28:20.761175Z</date>
  <millis>1767713300761</millis>
  <nanos>175000</nanos>
  <sequence>1861</sequence>
  <level>END</level>
  <class>com.kms.katalon.core.logging.XmlKeywordLogger</class>
  <method>endKeyword</method>
  <thread>1</thread>
  <message>End action : setEncryptedText(findTestObject(&amp;quot;Object Repository/Page_Katalian Bank/input_Password_password&amp;quot;), &amp;quot;CS9RmWxFPRFoMJc95WUBEN4WG8mxfTJo&amp;quot;)</message>
  <nestedLevel>1</nestedLevel>
  <escapedJava>false</escapedJava>
</record>
<record>
  <date>2026-01-06T15:28:20.761229Z</date>
  <millis>1767713300761</millis>
  <nanos>229000</nanos>
  <sequence>1862</sequence>
  <level>START</level>
  <class>com.kms.katalon.core.logging.XmlKeywordLogger</class>
  <method>startKeyword</method>
  <thread>1</thread>
  <message>Start action : click(findTestObject(&amp;quot;Object Repository/Page_Katalian Bank/button_Sign in&amp;quot;))</message>
  <nestedLevel>1</nestedLevel>
  <escapedJava>false</escapedJava>
  <property name="startLine">24</property>
  <property name="stepIndex">3</property>
</record>
<record>
  <date>2026-01-06T15:28:21.017571Z</date>
  <millis>1767713301017</millis>
  <nanos>571000</nanos>
  <sequence>1873</sequence>
  <level>PASSED</level>
  <class>com.kms.katalon.core.logging.XmlKeywordLogger</class>
  <method>logMessage</method>
  <thread>1</thread>
  <message>Object: &amp;apos;Object Repository/Page_Katalian Bank/button_Sign in&amp;apos; is clicked on</message>
  <nestedLevel>2</nestedLevel>
  <escapedJava>false</escapedJava>
  <property name="testops-method-name">com.kms.katalon.core.webui.keyword.internal.WebUIKeywordMain.runKeywordUntilTimeout</property>
  <property name="testops-execution-stacktrace">com.kms.katalon.core.logging.KeywordLogger.logPassed(KeywordLogger.java:332)
com.kms.katalon.core.logging.KeywordLogger.logPassed(KeywordLogger.java:327)
com.kms.katalon.core.webui.keyword.builtin.ClickKeyword$_click_closure1.doCall(ClickKeyword.groovy:66)
java.base/jdk.internal.reflect.NativeMethodAccessorImpl.invoke0(Native Method)
java.base/jdk.internal.reflect.NativeMethodAccessorImpl.invoke(NativeMethodAccessorImpl.java:77)
java.base/jdk.internal.reflect.DelegatingMethodAccessorImpl.invoke(DelegatingMethodAccessorImpl.java:43)
jdk.proxy2/jdk.proxy2.$Proxy51.execute(Unknown Source)
com.kms.katalon.core.webui.model.SeleniumActionRetryController.performAction(SeleniumActionRetryController.java:96)
com.kms.katalon.core.webui.model.SeleniumActionRetryController.performAction(SeleniumActionRetryController.java:83)
com.kms.katalon.core.webui.keyword.internal.WebUIKeywordMain$_runKeywordUntilTimeout_closure1.doCall(WebUIKeywordMain.groovy:135)
com.kms.katalon.core.webui.keyword.internal.WebUIKeywordMain$_runKeywordUntilTimeout_closure1.call(WebUIKeywordMain.groovy)
com.kms.katalon.core.webui.keyword.internal.WebUIKeywordMain.runKeyword(WebUIKeywordMain.groovy:41)
com.kms.katalon.core.webui.keyword.internal.WebUIKeywordMain.runKeywordUntilTimeout(WebUIKeywordMain.groovy:133)
com.kms.katalon.core.webui.keyword.builtin.ClickKeyword.click(ClickKeyword.groovy:72)
com.kms.katalon.core.webui.keyword.builtin.ClickKeyword.execute(ClickKeyword.groovy:38)
com.kms.katalon.core.keyword.internal.KeywordExecutor.executeKeywordForPlatform(KeywordExecutor.groovy:90)
com.kms.katalon.core.webui.keyword.WebUiBuiltInKeywords.click(WebUiBuiltInKeywords.groovy:721)
Login.run(Login:24)
</property>
</record>
<record>
  <date>2026-01-06T15:28:21.018252Z</date>
  <millis>1767713301018</millis>
  <nanos>252000</nanos>
  <sequence>1874</sequence>
  <level>END</level>
  <class>com.kms.katalon.core.logging.XmlKeywordLogger</class>
  <method>endKeyword</method>
  <thread>1</thread>
  <message>End action : click(findTestObject(&amp;quot;Object Repository/Page_Katalian Bank/button_Sign in&amp;quot;))</message>
  <nestedLevel>1</nestedLevel>
  <escapedJava>false</escapedJava>
</record>
<record>
  <date>2026-01-06T15:28:21.018485Z</date>
  <millis>1767713301018</millis>
  <nanos>485000</nanos>
  <sequence>1875</sequence>
  <level>START</level>
  <class>com.kms.katalon.core.logging.XmlKeywordLogger</class>
  <method>startKeyword</method>
  <thread>1</thread>
  <message>Start action : verifyElementPresent(findTestObject(&amp;quot;Object Repository/Page_Katalian Bank/h1_Katalian Bank&amp;quot;), 0)</message>
  <nestedLevel>1</nestedLevel>
  <escapedJava>false</escapedJava>
  <property name="startLine">26</property>
  <property name="stepIndex">4</property>
</record>
<record>
  <date>2026-01-06T15:28:21.028341Z</date>
  <millis>1767713301028</millis>
  <nanos>341000</nanos>
  <sequence>1880</sequence>
  <level>WARNING</level>
  <class>com.kms.katalon.core.logging.XmlKeywordLogger</class>
  <method>logMessage</method>
  <thread>1</thread>
  <message>Timeout &amp;apos;0&amp;apos; is invalid. Using default page load timeout: &amp;apos;10&amp;apos;</message>
  <nestedLevel>2</nestedLevel>
  <escapedJava>false</escapedJava>
</record>
<record>
  <date>2026-01-06T15:28:21.443339Z</date>
  <millis>1767713301443</millis>
  <nanos>339000</nanos>
  <sequence>1883</sequence>
  <level>PASSED</level>
  <class>com.kms.katalon.core.logging.XmlKeywordLogger</class>
  <method>logMessage</method>
  <thread>1</thread>
  <message>Object &amp;apos;Object Repository/Page_Katalian Bank/h1_Katalian Bank&amp;apos; is present</message>
  <nestedLevel>2</nestedLevel>
  <escapedJava>false</escapedJava>
  <property name="testops-is-assertion">true</property>
  <property name="testops-method-name">com.kms.katalon.core.webui.keyword.builtin.VerifyElementPresentKeyword.verifyElementPresent</property>
  <property name="testops-execution-stacktrace"></property>
</record>
<record>
  <date>2026-01-06T15:28:21.443684Z</date>
  <millis>1767713301443</millis>
  <nanos>684000</nanos>
  <sequence>1884</sequence>
  <level>END</level>
  <class>com.kms.katalon.core.logging.XmlKeywordLogger</class>
  <method>endKeyword</method>
  <thread>1</thread>
  <message>End action : verifyElementPresent(findTestObject(&amp;quot;Object Repository/Page_Katalian Bank/h1_Katalian Bank&amp;quot;), 0)</message>
  <nestedLevel>1</nestedLevel>
  <escapedJava>false</escapedJava>
</record>
<record>
  <date>2026-01-06T15:28:21.443875Z</date>
  <millis>1767713301443</millis>
  <nanos>875000</nanos>
  <sequence>1885</sequence>
  <level>PASSED</level>
  <class>com.kms.katalon.core.logging.XmlKeywordLogger</class>
  <method>logMessage</method>
  <thread>1</thread>
  <message>Test Cases/Login</message>
  <nestedLevel>2</nestedLevel>
  <escapedJava>false</escapedJava>
</record>
<record>
  <date>2026-01-06T15:28:21.444073Z</date>
  <millis>1767713301444</millis>
  <nanos>73000</nanos>
  <sequence>1886</sequence>
  <level>END</level>
  <class>com.kms.katalon.core.logging.XmlKeywordLogger</class>
  <method>endTest</method>
  <thread>1</thread>
  <message>End Test Case : Test Cases/Login</message>
  <nestedLevel>1</nestedLevel>
  <escapedJava>false</escapedJava>
</record>
<record>
  <date>2026-01-06T15:28:21.444198Z</date>
  <millis>1767713301444</millis>
  <nanos>198000</nanos>
  <sequence>1887</sequence>
  <level>PASSED</level>
  <class>com.kms.katalon.core.logging.XmlKeywordLogger</class>
  <method>logMessage</method>
  <thread>1</thread>
  <message>Call Test Case &amp;apos;Test Cases/Login&amp;apos; successfully</message>
  <nestedLevel>1</nestedLevel>
  <escapedJava>false</escapedJava>
  <property name="testops-method-name">com.kms.katalon.core.keyword.builtin.CallTestCaseKeyword.callTestCase</property>
  <property name="testops-execution-stacktrace"></property>
</record>
<record>
  <date>2026-01-06T15:28:21.445236Z</date>
  <millis>1767713301445</millis>
  <nanos>236000</nanos>
  <sequence>1888</sequence>
  <level>END</level>
  <class>com.kms.katalon.core.logging.XmlKeywordLogger</class>
  <method>endKeyword</method>
  <thread>1</thread>
  <message>End action : TrueTestScripts.login()</message>
  <nestedLevel>1</nestedLevel>
  <escapedJava>false</escapedJava>
</record>
<record>
  <date>2026-01-06T15:28:21.445359Z</date>
  <millis>1767713301445</millis>
  <nanos>359000</nanos>
  <sequence>1889</sequence>
  <level>START</level>
  <class>com.kms.katalon.core.logging.XmlKeywordLogger</class>
  <method>startKeyword</method>
  <thread>1</thread>
  <message>Start action : transferBalanceAndReview.execute(input_amount, select_fromAccount)</message>
  <nestedLevel>1</nestedLevel>
  <escapedJava>false</escapedJava>
  <property name="startLine">29</property>
  <property name="stepIndex">5</property>
  <property name="description">Step 3: Transfer balance between accounts and review transfer</property>
</record>
<record>
  <date>2026-01-06T15:28:21.495973Z</date>
  <millis>1767713301495</millis>
  <nanos>973000</nanos>
  <sequence>1901</sequence>
  <level>PASSED</level>
  <class>com.kms.katalon.core.logging.XmlKeywordLogger</class>
  <method>logMessage</method>
  <thread>1</thread>
  <message>Object: &amp;apos;Object Repository/AI-Generated/Katalian Banking Production/Page_dashboard/button_transferBalance&amp;apos; is clicked on</message>
  <nestedLevel>1</nestedLevel>
  <escapedJava>false</escapedJava>
  <property name="testops-method-name">com.kms.katalon.core.webui.keyword.internal.WebUIKeywordMain.runKeywordUntilTimeout</property>
  <property name="testops-execution-stacktrace">com.kms.katalon.core.logging.KeywordLogger.logPassed(KeywordLogger.java:332)
com.kms.katalon.core.logging.KeywordLogger.logPassed(KeywordLogger.java:327)
com.kms.katalon.core.webui.keyword.builtin.EnhancedClickKeyword$_click_closure1$_closure5.doCall(EnhancedClickKeyword.groovy:88)
jdk.internal.reflect.GeneratedMethodAccessor47.invoke(Unknown Source)
java.base/jdk.internal.reflect.DelegatingMethodAccessorImpl.invoke(DelegatingMethodAccessorImpl.java:43)
jdk.proxy2/jdk.proxy2.$Proxy54.accept(Unknown Source)
com.kms.katalon.core.trymonad.Success.onSuccess(Try.java:263)
com.kms.katalon.core.webui.keyword.builtin.EnhancedClickKeyword$_click_closure1.doCall(EnhancedClickKeyword.groovy:71)
jdk.internal.reflect.GeneratedMethodAccessor45.invoke(Unknown Source)
java.base/jdk.internal.reflect.DelegatingMethodAccessorImpl.invoke(DelegatingMethodAccessorImpl.java:43)
jdk.proxy2/jdk.proxy2.$Proxy51.execute(Unknown Source)
com.kms.katalon.core.webui.model.SeleniumActionRetryController.performAction(SeleniumActionRetryController.java:96)
com.kms.katalon.core.webui.model.SeleniumActionRetryController.performAction(SeleniumActionRetryController.java:83)
com.kms.katalon.core.webui.keyword.internal.WebUIKeywordMain$_runKeywordUntilTimeout_closure1.doCall(WebUIKeywordMain.groovy:135)
com.kms.katalon.core.webui.keyword.internal.WebUIKeywordMain$_runKeywordUntilTimeout_closure1.call(WebUIKeywordMain.groovy)
com.kms.katalon.core.webui.keyword.internal.WebUIKeywordMain.runKeyword(WebUIKeywordMain.groovy:41)
com.kms.katalon.core.webui.keyword.internal.WebUIKeywordMain.runKeywordUntilTimeout(WebUIKeywordMain.groovy:133)
com.kms.katalon.core.webui.keyword.builtin.EnhancedClickKeyword.click(EnhancedClickKeyword.groovy:95)
com.kms.katalon.core.webui.keyword.builtin.EnhancedClickKeyword.execute(EnhancedClickKeyword.groovy:41)
com.kms.katalon.core.keyword.internal.KeywordExecutor.executeKeywordForPlatform(KeywordExecutor.groovy:90)
com.kms.katalon.core.webui.keyword.WebUiBuiltInKeywords.enhancedClick(WebUiBuiltInKeywords.groovy:747)
truetest.Katalian_Banking_Production.common.transferBalanceAndReview.execute(transferBalanceAndReview.groovy:15)
TC1-Verify Balance Transfer Between Accounts.run(TC1-Verify Balance Transfer Between Accounts:29)
</property>
</record>
<record>
  <date>2026-01-06T15:28:22.259029Z</date>
  <millis>1767713302259</millis>
  <nanos>29000</nanos>
  <sequence>1912</sequence>
  <level>PASSED</level>
  <class>com.kms.katalon.core.logging.XmlKeywordLogger</class>
  <method>logMessage</method>
  <thread>1</thread>
  <message>All options with label &amp;apos;\QChecking (...7890) - Balance: $5345.54\E&amp;apos; are selected in object &amp;apos;Object Repository/AI-Generated/Katalian Banking Production/Page_transfer/select_fromAccount&amp;apos;  using regular expression</message>
  <nestedLevel>1</nestedLevel>
  <escapedJava>false</escapedJava>
  <property name="testops-method-name">com.kms.katalon.core.webui.keyword.builtin.SelectOptionByLabelKeyword.selectOptionByLabel</property>
  <property name="testops-execution-stacktrace"></property>
</record>
<record>
  <date>2026-01-06T15:28:22.915180Z</date>
  <millis>1767713302915</millis>
  <nanos>180000</nanos>
  <sequence>1924</sequence>
  <level>PASSED</level>
  <class>com.kms.katalon.core.logging.XmlKeywordLogger</class>
  <method>logMessage</method>
  <thread>1</thread>
  <message>All options with label &amp;apos;\QChecking (...7890) - Balance: $5345.54\E&amp;apos; are selected in object &amp;apos;Object Repository/AI-Generated/Katalian Banking Production/Page_transfer/select_fromAccount&amp;apos;  using regular expression</message>
  <nestedLevel>1</nestedLevel>
  <escapedJava>false</escapedJava>
  <property name="testops-method-name">com.kms.katalon.core.webui.keyword.internal.WebUIKeywordMain.runKeywordUntilTimeout</property>
  <property name="testops-execution-stacktrace">com.kms.katalon.core.logging.KeywordLogger.logPassed(KeywordLogger.java:332)
com.kms.katalon.core.logging.KeywordLogger.logPassed(KeywordLogger.java:327)
com.kms.katalon.core.webui.keyword.builtin.VerifyOptionSelectedByLabelKeyword$_verifyOptionSelectedByLabel_closure1.doCall(VerifyOptionSelectedByLabelKeyword.groovy:76)
java.base/jdk.internal.reflect.NativeMethodAccessorImpl.invoke0(Native Method)
java.base/jdk.internal.reflect.NativeMethodAccessorImpl.invoke(NativeMethodAccessorImpl.java:77)
java.base/jdk.internal.reflect.DelegatingMethodAccessorImpl.invoke(DelegatingMethodAccessorImpl.java:43)
jdk.proxy2/jdk.proxy2.$Proxy51.execute(Unknown Source)
com.kms.katalon.core.webui.model.SeleniumActionRetryController.performAction(SeleniumActionRetryController.java:96)
com.kms.katalon.core.webui.model.SeleniumActionRetryController.performAction(SeleniumActionRetryController.java:83)
com.kms.katalon.core.webui.keyword.internal.WebUIKeywordMain$_runKeywordUntilTimeout_closure2.doCall(WebUIKeywordMain.groovy:155)
com.kms.katalon.core.webui.keyword.internal.WebUIKeywordMain$_runKeywordUntilTimeout_closure2.call(WebUIKeywordMain.groovy)
com.kms.katalon.core.webui.keyword.internal.WebUIKeywordMain.runKeyword(WebUIKeywordMain.groovy:41)
com.kms.katalon.core.webui.keyword.internal.WebUIKeywordMain.runKeywordUntilTimeout(WebUIKeywordMain.groovy:152)
com.kms.katalon.core.webui.keyword.builtin.VerifyOptionSelectedByLabelKeyword.verifyOptionSelectedByLabel(VerifyOptionSelectedByLabelKeyword.groovy:86)
com.kms.katalon.core.webui.keyword.builtin.VerifyOptionSelectedByLabelKeyword.execute(VerifyOptionSelectedByLabelKeyword.groovy:43)
com.kms.katalon.core.keyword.internal.KeywordExecutor.executeKeywordForPlatform(KeywordExecutor.groovy:90)
com.kms.katalon.core.webui.keyword.WebUiBuiltInKeywords.verifyOptionSelectedByLabel(WebUiBuiltInKeywords.groovy:2284)
truetest.Katalian_Banking_Production.custom.TrueTestScripts.selectOption(TrueTestScripts.groovy:126)
truetest.Katalian_Banking_Production.common.transferBalanceAndReview.execute(transferBalanceAndReview.groovy:19)
TC1-Verify Balance Transfer Between Accounts.run(TC1-Verify Balance Transfer Between Accounts:29)
</property>
</record>
<record>
  <date>2026-01-06T15:28:22.939109Z</date>
  <millis>1767713302939</millis>
  <nanos>109000</nanos>
  <sequence>1936</sequence>
  <level>PASSED</level>
  <class>com.kms.katalon.core.logging.XmlKeywordLogger</class>
  <method>logMessage</method>
  <thread>1</thread>
  <message>Object: &amp;apos;Object Repository/AI-Generated/Katalian Banking Production/Page_transfer/input_amount&amp;apos; is clicked on</message>
  <nestedLevel>1</nestedLevel>
  <escapedJava>false</escapedJava>
  <property name="testops-method-name">com.kms.katalon.core.webui.keyword.internal.WebUIKeywordMain.runKeywordUntilTimeout</property>
  <property name="testops-execution-stacktrace">com.kms.katalon.core.logging.KeywordLogger.logPassed(KeywordLogger.java:332)
com.kms.katalon.core.logging.KeywordLogger.logPassed(KeywordLogger.java:327)
com.kms.katalon.core.webui.keyword.builtin.EnhancedClickKeyword$_click_closure1$_closure5.doCall(EnhancedClickKeyword.groovy:88)
jdk.internal.reflect.GeneratedMethodAccessor47.invoke(Unknown Source)
java.base/jdk.internal.reflect.DelegatingMethodAccessorImpl.invoke(DelegatingMethodAccessorImpl.java:43)
jdk.proxy2/jdk.proxy2.$Proxy54.accept(Unknown Source)
com.kms.katalon.core.trymonad.Success.onSuccess(Try.java:263)
com.kms.katalon.core.webui.keyword.builtin.EnhancedClickKeyword$_click_closure1.doCall(EnhancedClickKeyword.groovy:71)
jdk.internal.reflect.GeneratedMethodAccessor45.invoke(Unknown Source)
java.base/jdk.internal.reflect.DelegatingMethodAccessorImpl.invoke(DelegatingMethodAccessorImpl.java:43)
jdk.proxy2/jdk.proxy2.$Proxy51.execute(Unknown Source)
com.kms.katalon.core.webui.model.SeleniumActionRetryController.performAction(SeleniumActionRetryController.java:96)
com.kms.katalon.core.webui.model.SeleniumActionRetryController.performAction(SeleniumActionRetryController.java:83)
com.kms.katalon.core.webui.keyword.internal.WebUIKeywordMain$_runKeywordUntilTimeout_closure1.doCall(WebUIKeywordMain.groovy:135)
com.kms.katalon.core.webui.keyword.internal.WebUIKeywordMain$_runKeywordUntilTimeout_closure1.call(WebUIKeywordMain.groovy)
com.kms.katalon.core.webui.keyword.internal.WebUIKeywordMain.runKeyword(WebUIKeywordMain.groovy:41)
com.kms.katalon.core.webui.keyword.internal.WebUIKeywordMain.runKeywordUntilTimeout(WebUIKeywordMain.groovy:133)
com.kms.katalon.core.webui.keyword.builtin.EnhancedClickKeyword.click(EnhancedClickKeyword.groovy:95)
com.kms.katalon.core.webui.keyword.builtin.EnhancedClickKeyword.execute(EnhancedClickKeyword.groovy:41)
com.kms.katalon.core.keyword.internal.KeywordExecutor.executeKeywordForPlatform(KeywordExecutor.groovy:90)
com.kms.katalon.core.webui.keyword.WebUiBuiltInKeywords.enhancedClick(WebUiBuiltInKeywords.groovy:747)
truetest.Katalian_Banking_Production.common.transferBalanceAndReview.execute(transferBalanceAndReview.groovy:23)
TC1-Verify Balance Transfer Between Accounts.run(TC1-Verify Balance Transfer Between Accounts:29)
</property>
</record>
<record>
  <date>2026-01-06T15:28:22.987099Z</date>
  <millis>1767713302987</millis>
  <nanos>99000</nanos>
  <sequence>1950</sequence>
  <level>PASSED</level>
  <class>com.kms.katalon.core.logging.XmlKeywordLogger</class>
  <method>logMessage</method>
  <thread>1</thread>
  <message>Text &amp;apos;500&amp;apos; is set on object &amp;apos;Object Repository/AI-Generated/Katalian Banking Production/Page_transfer/input_amount&amp;apos;</message>
  <nestedLevel>1</nestedLevel>
  <escapedJava>false</escapedJava>
  <property name="testops-method-name">com.kms.katalon.core.webui.keyword.internal.WebUIKeywordMain.runKeywordUntilTimeout</property>
  <property name="testops-execution-stacktrace">com.kms.katalon.core.logging.KeywordLogger.logPassed(KeywordLogger.java:332)
com.kms.katalon.core.logging.KeywordLogger.logPassed(KeywordLogger.java:327)
com.kms.katalon.core.webui.keyword.builtin.SetTextKeyword$_setText_closure1.doCall(SetTextKeyword.groovy:99)
jdk.internal.reflect.GeneratedMethodAccessor62.invoke(Unknown Source)
java.base/jdk.internal.reflect.DelegatingMethodAccessorImpl.invoke(DelegatingMethodAccessorImpl.java:43)
jdk.proxy2/jdk.proxy2.$Proxy51.execute(Unknown Source)
com.kms.katalon.core.webui.model.SeleniumActionRetryController.performAction(SeleniumActionRetryController.java:96)
com.kms.katalon.core.webui.model.SeleniumActionRetryController.performAction(SeleniumActionRetryController.java:83)
com.kms.katalon.core.webui.keyword.internal.WebUIKeywordMain$_runKeywordUntilTimeout_closure1.doCall(WebUIKeywordMain.groovy:135)
com.kms.katalon.core.webui.keyword.internal.WebUIKeywordMain$_runKeywordUntilTimeout_closure1.call(WebUIKeywordMain.groovy)
com.kms.katalon.core.webui.keyword.internal.WebUIKeywordMain.runKeyword(WebUIKeywordMain.groovy:41)
com.kms.katalon.core.webui.keyword.internal.WebUIKeywordMain.runKeywordUntilTimeout(WebUIKeywordMain.groovy:133)
com.kms.katalon.core.webui.keyword.builtin.SetTextKeyword.setText(SetTextKeyword.groovy:106)
com.kms.katalon.core.webui.keyword.builtin.SetTextKeyword.execute(SetTextKeyword.groovy:49)
com.kms.katalon.core.keyword.internal.KeywordExecutor.executeKeywordForPlatform(KeywordExecutor.groovy:90)
com.kms.katalon.core.webui.keyword.WebUiBuiltInKeywords.setText(WebUiBuiltInKeywords.groovy:1081)
truetest.Katalian_Banking_Production.common.transferBalanceAndReview.execute(transferBalanceAndReview.groovy:27)
TC1-Verify Balance Transfer Between Accounts.run(TC1-Verify Balance Transfer Between Accounts:29)
</property>
</record>
<record>
  <date>2026-01-06T15:28:23.014551Z</date>
  <millis>1767713303014</millis>
  <nanos>551000</nanos>
  <sequence>1962</sequence>
  <level>PASSED</level>
  <class>com.kms.katalon.core.logging.XmlKeywordLogger</class>
  <method>logMessage</method>
  <thread>1</thread>
  <message>Object: &amp;apos;Object Repository/AI-Generated/Katalian Banking Production/Page_transfer/button_reviewTransfer&amp;apos; is clicked on</message>
  <nestedLevel>1</nestedLevel>
  <escapedJava>false</escapedJava>
  <property name="testops-method-name">com.kms.katalon.core.webui.keyword.internal.WebUIKeywordMain.runKeywordUntilTimeout</property>
  <property name="testops-execution-stacktrace">com.kms.katalon.core.logging.KeywordLogger.logPassed(KeywordLogger.java:332)
com.kms.katalon.core.logging.KeywordLogger.logPassed(KeywordLogger.java:327)
com.kms.katalon.core.webui.keyword.builtin.EnhancedClickKeyword$_click_closure1$_closure5.doCall(EnhancedClickKeyword.groovy:88)
jdk.internal.reflect.GeneratedMethodAccessor47.invoke(Unknown Source)
java.base/jdk.internal.reflect.DelegatingMethodAccessorImpl.invoke(DelegatingMethodAccessorImpl.java:43)
jdk.proxy2/jdk.proxy2.$Proxy54.accept(Unknown Source)
com.kms.katalon.core.trymonad.Success.onSuccess(Try.java:263)
com.kms.katalon.core.webui.keyword.builtin.EnhancedClickKeyword$_click_closure1.doCall(EnhancedClickKeyword.groovy:71)
jdk.internal.reflect.GeneratedMethodAccessor45.invoke(Unknown Source)
java.base/jdk.internal.reflect.DelegatingMethodAccessorImpl.invoke(DelegatingMethodAccessorImpl.java:43)
jdk.proxy2/jdk.proxy2.$Proxy51.execute(Unknown Source)
com.kms.katalon.core.webui.model.SeleniumActionRetryController.performAction(SeleniumActionRetryController.java:96)
com.kms.katalon.core.webui.model.SeleniumActionRetryController.performAction(SeleniumActionRetryController.java:83)
com.kms.katalon.core.webui.keyword.internal.WebUIKeywordMain$_runKeywordUntilTimeout_closure1.doCall(WebUIKeywordMain.groovy:135)
com.kms.katalon.core.webui.keyword.internal.WebUIKeywordMain$_runKeywordUntilTimeout_closure1.call(WebUIKeywordMain.groovy)
com.kms.katalon.core.webui.keyword.internal.WebUIKeywordMain.runKeyword(WebUIKeywordMain.groovy:41)
com.kms.katalon.core.webui.keyword.internal.WebUIKeywordMain.runKeywordUntilTimeout(WebUIKeywordMain.groovy:133)
com.kms.katalon.core.webui.keyword.builtin.EnhancedClickKeyword.click(EnhancedClickKeyword.groovy:95)
com.kms.katalon.core.webui.keyword.builtin.EnhancedClickKeyword.execute(EnhancedClickKeyword.groovy:41)
com.kms.katalon.core.keyword.internal.KeywordExecutor.executeKeywordForPlatform(KeywordExecutor.groovy:90)
com.kms.katalon.core.webui.keyword.WebUiBuiltInKeywords.enhancedClick(WebUiBuiltInKeywords.groovy:747)
truetest.Katalian_Banking_Production.common.transferBalanceAndReview.execute(transferBalanceAndReview.groovy:31)
TC1-Verify Balance Transfer Between Accounts.run(TC1-Verify Balance Transfer Between Accounts:29)
</property>
</record>
<record>
  <date>2026-01-06T15:28:23.015123Z</date>
  <millis>1767713303015</millis>
  <nanos>123000</nanos>
  <sequence>1963</sequence>
  <level>END</level>
  <class>com.kms.katalon.core.logging.XmlKeywordLogger</class>
  <method>endKeyword</method>
  <thread>1</thread>
  <message>End action : transferBalanceAndReview.execute(input_amount, select_fromAccount)</message>
  <nestedLevel>1</nestedLevel>
  <escapedJava>false</escapedJava>
</record>
<record>
  <date>2026-01-06T15:28:23.015166Z</date>
  <millis>1767713303015</millis>
  <nanos>166000</nanos>
  <sequence>1964</sequence>
  <level>START</level>
  <class>com.kms.katalon.core.logging.XmlKeywordLogger</class>
  <method>startKeyword</method>
  <thread>1</thread>
  <message>Start action : enhancedClick(findTestObject(&amp;quot;AI-Generated/Katalian Banking Production/Page_transfer/button_confirmTransfer&amp;quot;))</message>
  <nestedLevel>1</nestedLevel>
  <escapedJava>false</escapedJava>
  <property name="startLine">33</property>
  <property name="stepIndex">6</property>
  <property name="description">Step 4: Click on button confirmTransfer -&gt; Navigate to page &apos;&apos;</property>
</record>
<record>
  <date>2026-01-06T15:28:23.039314Z</date>
  <millis>1767713303039</millis>
  <nanos>314000</nanos>
  <sequence>1976</sequence>
  <level>PASSED</level>
  <class>com.kms.katalon.core.logging.XmlKeywordLogger</class>
  <method>logMessage</method>
  <thread>1</thread>
  <message>Object: &amp;apos;Object Repository/AI-Generated/Katalian Banking Production/Page_transfer/button_confirmTransfer&amp;apos; is clicked on</message>
  <nestedLevel>1</nestedLevel>
  <escapedJava>false</escapedJava>
  <property name="testops-method-name">com.kms.katalon.core.webui.keyword.internal.WebUIKeywordMain.runKeywordUntilTimeout</property>
  <property name="testops-execution-stacktrace">com.kms.katalon.core.logging.KeywordLogger.logPassed(KeywordLogger.java:332)
com.kms.katalon.core.logging.KeywordLogger.logPassed(KeywordLogger.java:327)
com.kms.katalon.core.webui.keyword.builtin.EnhancedClickKeyword$_click_closure1$_closure5.doCall(EnhancedClickKeyword.groovy:88)
jdk.internal.reflect.GeneratedMethodAccessor47.invoke(Unknown Source)
java.base/jdk.internal.reflect.DelegatingMethodAccessorImpl.invoke(DelegatingMethodAccessorImpl.java:43)
jdk.proxy2/jdk.proxy2.$Proxy54.accept(Unknown Source)
com.kms.katalon.core.trymonad.Success.onSuccess(Try.java:263)
com.kms.katalon.core.webui.keyword.builtin.EnhancedClickKeyword$_click_closure1.doCall(EnhancedClickKeyword.groovy:71)
jdk.internal.reflect.GeneratedMethodAccessor45.invoke(Unknown Source)
java.base/jdk.internal.reflect.DelegatingMethodAccessorImpl.invoke(DelegatingMethodAccessorImpl.java:43)
jdk.proxy2/jdk.proxy2.$Proxy51.execute(Unknown Source)
com.kms.katalon.core.webui.model.SeleniumActionRetryController.performAction(SeleniumActionRetryController.java:96)
com.kms.katalon.core.webui.model.SeleniumActionRetryController.performAction(SeleniumActionRetryController.java:83)
com.kms.katalon.core.webui.keyword.internal.WebUIKeywordMain$_runKeywordUntilTimeout_closure1.doCall(WebUIKeywordMain.groovy:135)
com.kms.katalon.core.webui.keyword.internal.WebUIKeywordMain$_runKeywordUntilTimeout_closure1.call(WebUIKeywordMain.groovy)
com.kms.katalon.core.webui.keyword.internal.WebUIKeywordMain.runKeyword(WebUIKeywordMain.groovy:41)
com.kms.katalon.core.webui.keyword.internal.WebUIKeywordMain.runKeywordUntilTimeout(WebUIKeywordMain.groovy:133)
com.kms.katalon.core.webui.keyword.builtin.EnhancedClickKeyword.click(EnhancedClickKeyword.groovy:95)
com.kms.katalon.core.webui.keyword.builtin.EnhancedClickKeyword.execute(EnhancedClickKeyword.groovy:41)
com.kms.katalon.core.keyword.internal.KeywordExecutor.executeKeywordForPlatform(KeywordExecutor.groovy:90)
com.kms.katalon.core.webui.keyword.WebUiBuiltInKeywords.enhancedClick(WebUiBuiltInKeywords.groovy:747)
TC1-Verify Balance Transfer Between Accounts.run(TC1-Verify Balance Transfer Between Accounts:33)
</property>
</record>
<record>
  <date>2026-01-06T15:28:23.040877Z</date>
  <millis>1767713303040</millis>
  <nanos>877000</nanos>
  <sequence>1977</sequence>
  <level>END</level>
  <class>com.kms.katalon.core.logging.XmlKeywordLogger</class>
  <method>endKeyword</method>
  <thread>1</thread>
  <message>End action : enhancedClick(findTestObject(&amp;quot;AI-Generated/Katalian Banking Production/Page_transfer/button_confirmTransfer&amp;quot;))</message>
  <nestedLevel>1</nestedLevel>
  <escapedJava>false</escapedJava>
</record>
<record>
  <date>2026-01-06T15:28:23.041009Z</date>
  <millis>1767713303041</millis>
  <nanos>9000</nanos>
  <sequence>1978</sequence>
  <level>START</level>
  <class>com.kms.katalon.core.logging.XmlKeywordLogger</class>
  <method>startKeyword</method>
  <thread>1</thread>
  <message>Start action : takeFullPageScreenshotAsCheckpoint(&amp;quot;TC1-Verify Balance Transfer Between Accounts_visual_checkpoint&amp;quot;)</message>
  <nestedLevel>1</nestedLevel>
  <escapedJava>false</escapedJava>
  <property name="startLine">39</property>
  <property name="stepIndex">7</property>
  <property name="description">Step 5: Take full page screenshot as checkpoint</property>
</record>
<record>
  <date>2026-01-06T15:28:23.106501Z</date>
  <millis>1767713303106</millis>
  <nanos>501000</nanos>
  <sequence>1980</sequence>
  <level>INFO</level>
  <class>com.kms.katalon.core.logging.XmlKeywordLogger</class>
  <method>logMessage</method>
  <thread>1</thread>
  <message>0 hidden object(s)</message>
  <nestedLevel>1</nestedLevel>
  <escapedJava>false</escapedJava>
</record>
<record>
  <date>2026-01-06T15:28:23.131089Z</date>
  <millis>1767713303131</millis>
  <nanos>89000</nanos>
  <sequence>1981</sequence>
  <level>PASSED</level>
  <class>com.kms.katalon.core.logging.XmlKeywordLogger</class>
  <method>logMessage</method>
  <thread>1</thread>
  <message>Taking screenshot successfully</message>
  <nestedLevel>1</nestedLevel>
  <escapedJava>false</escapedJava>
  <property name="attachment">keyes/keyes-TC1-Verify Balance Transfer Between Accounts_visual_checkpoint.png</property>
  <property name="testops-method-name">com.kms.katalon.core.webui.keyword.builtin.TakeFullPageScreenshotKeyword.takeScreenshot</property>
  <property name="testops-execution-stacktrace"></property>
</record>
<record>
  <date>2026-01-06T15:28:23.131234Z</date>
  <millis>1767713303131</millis>
  <nanos>234000</nanos>
  <sequence>1982</sequence>
  <level>END</level>
  <class>com.kms.katalon.core.logging.XmlKeywordLogger</class>
  <method>endKeyword</method>
  <thread>1</thread>
  <message>End action : takeFullPageScreenshotAsCheckpoint(&amp;quot;TC1-Verify Balance Transfer Between Accounts_visual_checkpoint&amp;quot;)</message>
  <nestedLevel>1</nestedLevel>
  <escapedJava>false</escapedJava>
</record>
<record>
  <date>2026-01-06T15:28:23.131308Z</date>
  <millis>1767713303131</millis>
  <nanos>308000</nanos>
  <sequence>1984</sequence>
  <level>START</level>
  <class>com.kms.katalon.core.logging.XmlKeywordLogger</class>
  <method>startKeyword</method>
  <thread>1</thread>
  <message>Start tear down : teardown</message>
  <nestedLevel>1</nestedLevel>
  <escapedJava>false</escapedJava>
  <property name="stepIndex">1</property>
  <property name="isIgnoredIfFailed">true</property>
</record>
<record>
  <date>2026-01-06T15:28:23.132460Z</date>
  <millis>1767713303132</millis>
  <nanos>460000</nanos>
  <sequence>1985</sequence>
  <level>START</level>
  <class>com.kms.katalon.core.logging.XmlKeywordLogger</class>
  <method>startKeyword</method>
  <thread>1</thread>
  <message>Start action : closeBrowser()</message>
  <nestedLevel>1</nestedLevel>
  <escapedJava>false</escapedJava>
  <property name="startLine">45</property>
  <property name="stepIndex">1</property>
</record>
<record>
  <date>2026-01-06T15:28:23.217820Z</date>
  <millis>1767713303217</millis>
  <nanos>820000</nanos>
  <sequence>1988</sequence>
  <level>PASSED</level>
  <class>com.kms.katalon.core.logging.XmlKeywordLogger</class>
  <method>logMessage</method>
  <thread>1</thread>
  <message>Browser is closed</message>
  <nestedLevel>1</nestedLevel>
  <escapedJava>false</escapedJava>
</record>
<record>
  <date>2026-01-06T15:28:23.217912Z</date>
  <millis>1767713303217</millis>
  <nanos>912000</nanos>
  <sequence>1989</sequence>
  <level>END</level>
  <class>com.kms.katalon.core.logging.XmlKeywordLogger</class>
  <method>endKeyword</method>
  <thread>1</thread>
  <message>End action : closeBrowser()</message>
  <nestedLevel>1</nestedLevel>
  <escapedJava>false</escapedJava>
</record>
<record>
  <date>2026-01-06T15:28:23.217955Z</date>
  <millis>1767713303217</millis>
  <nanos>955000</nanos>
  <sequence>1990</sequence>
  <level>PASSED</level>
  <class>com.kms.katalon.core.logging.XmlKeywordLogger</class>
  <method>logMessage</method>
  <thread>1</thread>
  <message>Method &amp;apos;teardown&amp;apos; complete successfully</message>
  <nestedLevel>1</nestedLevel>
  <escapedJava>false</escapedJava>
</record>
<record>
  <date>2026-01-06T15:28:23.217980Z</date>
  <millis>1767713303217</millis>
  <nanos>980000</nanos>
  <sequence>1991</sequence>
  <level>END</level>
  <class>com.kms.katalon.core.logging.XmlKeywordLogger</class>
  <method>endKeyword</method>
  <thread>1</thread>
  <message>End tear down : teardown</message>
  <nestedLevel>1</nestedLevel>
  <escapedJava>false</escapedJava>
</record>
<record>
  <date>2026-01-06T15:28:23.218008Z</date>
  <millis>1767713303218</millis>
  <nanos>8000</nanos>
  <sequence>1992</sequence>
  <level>PASSED</level>
  <class>com.kms.katalon.core.logging.XmlKeywordLogger</class>
  <method>logMessage</method>
  <thread>1</thread>
  <message>Test Cases/AI-Generated/Katalian Banking Production/TC1-Verify Balance Transfer Between Accounts</message>
  <nestedLevel>1</nestedLevel>
  <escapedJava>false</escapedJava>
</record>
<record>
  <date>2026-01-06T15:28:23.218076Z</date>
  <millis>1767713303218</millis>
  <nanos>76000</nanos>
  <sequence>1993</sequence>
  <level>START</level>
  <class>com.kms.katalon.core.logging.XmlKeywordLogger</class>
  <method>startKeyword</method>
  <thread>1</thread>
  <message>Start listener action : autoUpdateJobStatus</message>
  <nestedLevel>1</nestedLevel>
  <escapedJava>false</escapedJava>
</record>
<record>
  <date>2026-01-06T15:28:23.218220Z</date>
  <millis>1767713303218</millis>
  <nanos>220000</nanos>
  <sequence>1995</sequence>
  <level>INFO</level>
  <class>com.kms.katalon.core.logging.XmlKeywordLogger</class>
  <method>logMessage</method>
  <thread>1</thread>
  <message>[SAUCELABS] Current run configuration: Chrome</message>
  <nestedLevel>1</nestedLevel>
  <escapedJava>false</escapedJava>
</record>
<record>
  <date>2026-01-06T15:28:23.218249Z</date>
  <millis>1767713303218</millis>
  <nanos>249000</nanos>
  <sequence>1997</sequence>
  <level>END</level>
  <class>com.kms.katalon.core.logging.XmlKeywordLogger</class>
  <method>endKeyword</method>
  <thread>1</thread>
  <message>End listener action : autoUpdateJobStatus</message>
  <nestedLevel>1</nestedLevel>
  <escapedJava>false</escapedJava>
</record>
<record>
  <date>2026-01-06T15:28:23.218434Z</date>
  <millis>1767713303218</millis>
  <nanos>434000</nanos>
  <sequence>1998</sequence>
  <level>END</level>
  <class>com.kms.katalon.core.logging.XmlKeywordLogger</class>
  <method>endTest</method>
  <thread>1</thread>
  <message>End Test Case : Test Cases/AI-Generated/Katalian Banking Production/TC1-Verify Balance Transfer Between Accounts</message>
  <nestedLevel>0</nestedLevel>
  <escapedJava>false</escapedJava>
  <property name="executionBindingVariables">[
  {
    &quot;value&quot;: &quot;500&quot;,
    &quot;isDefault&quot;: true,
    &quot;name&quot;: &quot;input_amount&quot;,
    &quot;masked&quot;: false
  },
  {
    &quot;value&quot;: &quot;Checking (...7890) - Balance: $5345.54&quot;,
    &quot;isDefault&quot;: true,
    &quot;name&quot;: &quot;select_fromAccount&quot;,
    &quot;masked&quot;: false
  }
]</property>
  <property name="applitools">false</property>
  <property name="remainingRetryCount">3</property>
  <property name="executedKeywords">{
  &quot;WebUI.navigateToUrl&quot;: 1,
  &quot;WebUI.selectOptionByLabel&quot;: 1,
  &quot;BuiltIn.callTestCase&quot;: 1,
  &quot;WebUI.openBrowser&quot;: 1,
  &quot;BuiltIn.delay&quot;: 1,
  &quot;WebUI.verifyElementPresent&quot;: 1,
  &quot;WebUI.closeBrowser&quot;: 1,
  &quot;WebUI.setEncryptedText&quot;: 1,
  &quot;WebUI.verifyOptionSelectedByLabel&quot;: 1,
  &quot;WebUI.click&quot;: 1,
  &quot;WebUI.setViewPortSize&quot;: 1,
  &quot;WebUI.enhancedClick&quot;: 4,
  &quot;WebUI.takeFullPageScreenshot&quot;: 1,
  &quot;WebUI.setText&quot;: 2
}</property>
  <property name="currentRetryCount">0</property>
  <property name="keywordsUsage">{
  &quot;web_ui&quot;: true,
  &quot;web_service&quot;: false,
  &quot;cucumber&quot;: false,
  &quot;builtin&quot;: true,
  &quot;mobile&quot;: false,
  &quot;windows&quot;: false,
  &quot;testng&quot;: false
}</property>
</record>
<record>
  <date>2026-01-06T15:28:23.219507Z</date>
  <millis>1767713303219</millis>
  <nanos>507000</nanos>
  <sequence>1999</sequence>
  <level>START</level>
  <class>com.kms.katalon.core.logging.XmlKeywordLogger</class>
  <method>startTest</method>
  <thread>1</thread>
  <message>Start Test Case : Test Cases/AI-Generated/Katalian Banking Production/TC2-Handle Insufficient Funds During Transfer</message>
  <nestedLevel>1</nestedLevel>
  <escapedJava>false</escapedJava>
  <property name="remainingRetryCount">3</property>
  <property name="origin">TRUETEST</property>
  <property name="name">Test Cases/AI-Generated/Katalian Banking Production/TC2-Handle Insufficient Funds During Transfer</property>
  <property name="description">Login, attempt to transfer balance with insufficient funds, cancel the transfer, logout, and verify the home page.</property>
  <property name="iteration"></property>
  <property name="id">Test Cases/AI-Generated/Katalian Banking Production/TC2-Handle Insufficient Funds During Transfer</property>
  <property name="source">\Users\gia\Downloads\Katalian_Banking_2.0-main\Test Cases\AI-Generated\Katalian Banking Production\TC2-Handle Insufficient Funds During Transfer.tc</property>
  <property name="tag"></property>
  <property name="isOptional">false</property>
  <property name="currentRetryCount">0</property>
</record>
<record>
  <date>2026-01-06T15:28:23.225795Z</date>
  <millis>1767713303225</millis>
  <nanos>795000</nanos>
  <sequence>2001</sequence>
  <level>INFO</level>
  <class>com.kms.katalon.core.logging.XmlKeywordLogger</class>
  <method>logMessage</method>
  <thread>1</thread>
  <message>(Default) input_amount = 1000000</message>
  <nestedLevel>1</nestedLevel>
  <escapedJava>false</escapedJava>
</record>
<record>
  <date>2026-01-06T15:28:23.225959Z</date>
  <millis>1767713303225</millis>
  <nanos>959000</nanos>
  <sequence>2002</sequence>
  <level>START</level>
  <class>com.kms.katalon.core.logging.XmlKeywordLogger</class>
  <method>startKeyword</method>
  <thread>1</thread>
  <message>Start listener action : enableSauceLabs</message>
  <nestedLevel>1</nestedLevel>
  <escapedJava>false</escapedJava>
</record>
<record>
  <date>2026-01-06T15:28:23.226115Z</date>
  <millis>1767713303226</millis>
  <nanos>115000</nanos>
  <sequence>2004</sequence>
  <level>INFO</level>
  <class>com.kms.katalon.core.logging.XmlKeywordLogger</class>
  <method>logMessage</method>
  <thread>1</thread>
  <message>[SAUCELABS] Current run configuration: Chrome</message>
  <nestedLevel>1</nestedLevel>
  <escapedJava>false</escapedJava>
</record>
<record>
  <date>2026-01-06T15:28:23.226168Z</date>
  <millis>1767713303226</millis>
  <nanos>168000</nanos>
  <sequence>2005</sequence>
  <level>INFO</level>
  <class>com.kms.katalon.core.logging.XmlKeywordLogger</class>
  <method>logMessage</method>
  <thread>1</thread>
  <message>[SAUCELABS] Saucelabs Plugin will not attempt to auto update job status and information !</message>
  <nestedLevel>1</nestedLevel>
  <escapedJava>false</escapedJava>
</record>
<record>
  <date>2026-01-06T15:28:23.226194Z</date>
  <millis>1767713303226</millis>
  <nanos>194000</nanos>
  <sequence>2007</sequence>
  <level>END</level>
  <class>com.kms.katalon.core.logging.XmlKeywordLogger</class>
  <method>endKeyword</method>
  <thread>1</thread>
  <message>End listener action : enableSauceLabs</message>
  <nestedLevel>1</nestedLevel>
  <escapedJava>false</escapedJava>
</record>
<record>
  <date>2026-01-06T15:28:23.226239Z</date>
  <millis>1767713303226</millis>
  <nanos>239000</nanos>
  <sequence>2009</sequence>
  <level>START</level>
  <class>com.kms.katalon.core.logging.XmlKeywordLogger</class>
  <method>startKeyword</method>
  <thread>1</thread>
  <message>Start setup action : setup</message>
  <nestedLevel>1</nestedLevel>
  <escapedJava>false</escapedJava>
  <property name="stepIndex">1</property>
</record>
<record>
  <date>2026-01-06T15:28:23.237818Z</date>
  <millis>1767713303237</millis>
  <nanos>818000</nanos>
  <sequence>2010</sequence>
  <level>START</level>
  <class>com.kms.katalon.core.logging.XmlKeywordLogger</class>
  <method>startKeyword</method>
  <thread>1</thread>
  <message>Start action : openBrowser(&amp;quot;&amp;quot;)</message>
  <nestedLevel>1</nestedLevel>
  <escapedJava>false</escapedJava>
  <property name="startLine">13</property>
  <property name="stepIndex">1</property>
</record>
<record>
  <date>2026-01-06T15:28:23.238838Z</date>
  <millis>1767713303238</millis>
  <nanos>838000</nanos>
  <sequence>2013</sequence>
  <level>INFO</level>
  <class>com.kms.katalon.core.logging.XmlKeywordLogger</class>
  <method>logMessage</method>
  <thread>1</thread>
  <message>Starting &amp;apos;Chrome&amp;apos; driver</message>
  <nestedLevel>1</nestedLevel>
  <escapedJava>false</escapedJava>
</record>
<record>
  <date>2026-01-06T15:28:23.239133Z</date>
  <millis>1767713303239</millis>
  <nanos>133000</nanos>
  <sequence>2014</sequence>
  <level>INFO</level>
  <class>com.kms.katalon.core.logging.XmlKeywordLogger</class>
  <method>logMessage</method>
  <thread>1</thread>
  <message>Action delay is set to 0 milliseconds</message>
  <nestedLevel>1</nestedLevel>
  <escapedJava>false</escapedJava>
</record>
<record>
  <date>2026-01-06T15:28:24.295568Z</date>
  <millis>1767713304295</millis>
  <nanos>568000</nanos>
  <sequence>2017</sequence>
  <level>RUN_DATA</level>
  <class>com.kms.katalon.core.logging.XmlKeywordLogger</class>
  <method>logMessage</method>
  <thread>1</thread>
  <message>sessionId = 451b528c0789a7e340fbd333b70ded1d</message>
  <nestedLevel>1</nestedLevel>
  <escapedJava>false</escapedJava>
  <property name="sessionId">451b528c0789a7e340fbd333b70ded1d</property>
</record>
<record>
  <date>2026-01-06T15:28:24.295725Z</date>
  <millis>1767713304295</millis>
  <nanos>725000</nanos>
  <sequence>2018</sequence>
  <level>RUN_DATA</level>
  <class>com.kms.katalon.core.logging.XmlKeywordLogger</class>
  <method>logMessage</method>
  <thread>1</thread>
  <message>browser = Chrome 143.0.7499.147</message>
  <nestedLevel>1</nestedLevel>
  <escapedJava>false</escapedJava>
  <property name="browser">Chrome 143.0.7499.147</property>
</record>
<record>
  <date>2026-01-06T15:28:24.295856Z</date>
  <millis>1767713304295</millis>
  <nanos>856000</nanos>
  <sequence>2019</sequence>
  <level>RUN_DATA</level>
  <class>com.kms.katalon.core.logging.XmlKeywordLogger</class>
  <method>logMessage</method>
  <thread>1</thread>
  <message>platform = Mac OS X</message>
  <nestedLevel>1</nestedLevel>
  <escapedJava>false</escapedJava>
  <property name="platform">Mac OS X</property>
</record>
<record>
  <date>2026-01-06T15:28:24.296008Z</date>
  <millis>1767713304296</millis>
  <nanos>8000</nanos>
  <sequence>2020</sequence>
  <level>RUN_DATA</level>
  <class>com.kms.katalon.core.logging.XmlKeywordLogger</class>
  <method>logMessage</method>
  <thread>1</thread>
  <message>seleniumVersion = 4.34.0</message>
  <nestedLevel>1</nestedLevel>
  <escapedJava>false</escapedJava>
  <property name="seleniumVersion">4.34.0</property>
</record>
<record>
  <date>2026-01-06T15:28:24.296311Z</date>
  <millis>1767713304296</millis>
  <nanos>311000</nanos>
  <sequence>2021</sequence>
  <level>RUN_DATA</level>
  <class>com.kms.katalon.core.logging.XmlKeywordLogger</class>
  <method>logMessage</method>
  <thread>1</thread>
  <message>proxyInformation = ProxyInformation { proxyOption=NO_PROXY, proxyServerType=HTTP, username=, password=********, proxyServerAddress=, proxyServerPort=0, executionList=&amp;quot;&amp;quot;, isApplyToDesiredCapabilities=true }</message>
  <nestedLevel>1</nestedLevel>
  <escapedJava>false</escapedJava>
  <property name="proxyInformation">ProxyInformation { proxyOption=NO_PROXY, proxyServerType=HTTP, username=, password=********, proxyServerAddress=, proxyServerPort=0, executionList=&quot;&quot;, isApplyToDesiredCapabilities=true }</property>
</record>
<record>
  <date>2026-01-06T15:28:24.300670Z</date>
  <millis>1767713304300</millis>
  <nanos>670000</nanos>
  <sequence>2022</sequence>
  <level>PASSED</level>
  <class>com.kms.katalon.core.logging.XmlKeywordLogger</class>
  <method>logMessage</method>
  <thread>1</thread>
  <message>Browser is opened with url: &amp;apos;&amp;apos;</message>
  <nestedLevel>1</nestedLevel>
  <escapedJava>false</escapedJava>
  <property name="testops-method-name">com.kms.katalon.core.webui.keyword.builtin.OpenBrowserKeyword.openBrowser</property>
  <property name="testops-execution-stacktrace"></property>
</record>
<record>
  <date>2026-01-06T15:28:24.301254Z</date>
  <millis>1767713304301</millis>
  <nanos>254000</nanos>
  <sequence>2023</sequence>
  <level>END</level>
  <class>com.kms.katalon.core.logging.XmlKeywordLogger</class>
  <method>endKeyword</method>
  <thread>1</thread>
  <message>End action : openBrowser(&amp;quot;&amp;quot;)</message>
  <nestedLevel>1</nestedLevel>
  <escapedJava>false</escapedJava>
</record>
<record>
  <date>2026-01-06T15:28:24.301306Z</date>
  <millis>1767713304301</millis>
  <nanos>306000</nanos>
  <sequence>2024</sequence>
  <level>START</level>
  <class>com.kms.katalon.core.logging.XmlKeywordLogger</class>
  <method>startKeyword</method>
  <thread>1</thread>
  <message>Start action : setViewPortSize(1512, 823)</message>
  <nestedLevel>1</nestedLevel>
  <escapedJava>false</escapedJava>
  <property name="startLine">14</property>
  <property name="stepIndex">2</property>
</record>
<record>
  <date>2026-01-06T15:28:24.325402Z</date>
  <millis>1767713304325</millis>
  <nanos>402000</nanos>
  <sequence>2028</sequence>
  <level>PASSED</level>
  <class>com.kms.katalon.core.logging.XmlKeywordLogger</class>
  <method>logMessage</method>
  <thread>1</thread>
  <message>Viewport is set to new size with width = 1512 and height = 823</message>
  <nestedLevel>1</nestedLevel>
  <escapedJava>false</escapedJava>
  <property name="testops-method-name">com.kms.katalon.core.webui.keyword.builtin.SetViewPortSizeKeyword.setViewPortSize</property>
  <property name="testops-execution-stacktrace"></property>
</record>
<record>
  <date>2026-01-06T15:28:24.325555Z</date>
  <millis>1767713304325</millis>
  <nanos>555000</nanos>
  <sequence>2029</sequence>
  <level>END</level>
  <class>com.kms.katalon.core.logging.XmlKeywordLogger</class>
  <method>endKeyword</method>
  <thread>1</thread>
  <message>End action : setViewPortSize(1512, 823)</message>
  <nestedLevel>1</nestedLevel>
  <escapedJava>false</escapedJava>
</record>
<record>
  <date>2026-01-06T15:28:24.325641Z</date>
  <millis>1767713304325</millis>
  <nanos>641000</nanos>
  <sequence>2031</sequence>
  <level>PASSED</level>
  <class>com.kms.katalon.core.logging.XmlKeywordLogger</class>
  <method>logMessage</method>
  <thread>1</thread>
  <message>Method &amp;apos;setup&amp;apos; complete successfully</message>
  <nestedLevel>1</nestedLevel>
  <escapedJava>false</escapedJava>
  <property name="testops-execution-stacktrace">com.kms.katalon.core.logging.KeywordLogger.logPassed(KeywordLogger.java:332)
com.kms.katalon.core.logging.KeywordLogger.logPassed(KeywordLogger.java:346)
com.kms.katalon.core.main.TestCaseExecutor.runMethod(TestCaseExecutor.java:639)
com.kms.katalon.core.main.TestCaseExecutor.internallyRunMethods(TestCaseExecutor.java:622)
com.kms.katalon.core.main.TestCaseExecutor.processSetupPhase(TestCaseExecutor.java:234)
com.kms.katalon.core.main.TestCaseExecutor.accessMainPhase(TestCaseExecutor.java:448)
com.kms.katalon.core.main.TestCaseExecutor.execute(TestCaseExecutor.java:322)
com.kms.katalon.core.common.CommonExecutor.accessTestCaseMainPhase(CommonExecutor.java:71)
com.kms.katalon.core.main.TestSuiteExecutor.accessTestSuiteMainPhase(TestSuiteExecutor.java:153)
com.kms.katalon.core.main.TestSuiteExecutor.execute(TestSuiteExecutor.java:110)
com.kms.katalon.core.main.TestCaseMain.startTestSuite(TestCaseMain.java:205)
TempTestSuite1767713198027.run(TempTestSuite1767713198027.groovy:35)
java.base/jdk.internal.reflect.NativeMethodAccessorImpl.invoke0(Native Method)
java.base/jdk.internal.reflect.NativeMethodAccessorImpl.invoke(NativeMethodAccessorImpl.java:77)
java.base/jdk.internal.reflect.DelegatingMethodAccessorImpl.invoke(DelegatingMethodAccessorImpl.java:43)
</property>
</record>
<record>
  <date>2026-01-06T15:28:24.325701Z</date>
  <millis>1767713304325</millis>
  <nanos>701000</nanos>
  <sequence>2032</sequence>
  <level>END</level>
  <class>com.kms.katalon.core.logging.XmlKeywordLogger</class>
  <method>endKeyword</method>
  <thread>1</thread>
  <message>End setup action : setup</message>
  <nestedLevel>1</nestedLevel>
  <escapedJava>false</escapedJava>
</record>
<record>
  <date>2026-01-06T15:28:24.326437Z</date>
  <millis>1767713304326</millis>
  <nanos>437000</nanos>
  <sequence>2033</sequence>
  <level>START</level>
  <class>com.kms.katalon.core.logging.XmlKeywordLogger</class>
  <method>startKeyword</method>
  <thread>1</thread>
  <message>Start action : reportLocation = getReportFolder()</message>
  <nestedLevel>1</nestedLevel>
  <escapedJava>false</escapedJava>
  <property name="startLine">7</property>
  <property name="stepIndex">1</property>
</record>
<record>
  <date>2026-01-06T15:28:24.326730Z</date>
  <millis>1767713304326</millis>
  <nanos>730000</nanos>
  <sequence>2034</sequence>
  <level>END</level>
  <class>com.kms.katalon.core.logging.XmlKeywordLogger</class>
  <method>endKeyword</method>
  <thread>1</thread>
  <message>End action : reportLocation = getReportFolder()</message>
  <nestedLevel>1</nestedLevel>
  <escapedJava>false</escapedJava>
</record>
<record>
  <date>2026-01-06T15:28:24.326752Z</date>
  <millis>1767713304326</millis>
  <nanos>752000</nanos>
  <sequence>2035</sequence>
  <level>START</level>
  <class>com.kms.katalon.core.logging.XmlKeywordLogger</class>
  <method>startKeyword</method>
  <thread>1</thread>
  <message>Start action : &amp;quot;Initialize test session: Open browser and set view port&amp;quot;</message>
  <nestedLevel>1</nestedLevel>
  <escapedJava>false</escapedJava>
  <property name="startLine">9</property>
  <property name="stepIndex">2</property>
</record>
<record>
  <date>2026-01-06T15:28:24.326919Z</date>
  <millis>1767713304326</millis>
  <nanos>919000</nanos>
  <sequence>2036</sequence>
  <level>END</level>
  <class>com.kms.katalon.core.logging.XmlKeywordLogger</class>
  <method>endKeyword</method>
  <thread>1</thread>
  <message>End action : &amp;quot;Initialize test session: Open browser and set view port&amp;quot;</message>
  <nestedLevel>1</nestedLevel>
  <escapedJava>false</escapedJava>
</record>
<record>
  <date>2026-01-06T15:28:24.326937Z</date>
  <millis>1767713304326</millis>
  <nanos>937000</nanos>
  <sequence>2037</sequence>
  <level>START</level>
  <class>com.kms.katalon.core.logging.XmlKeywordLogger</class>
  <method>startKeyword</method>
  <thread>1</thread>
  <message>Start action : TrueTestScripts.navigate(&amp;quot;&amp;quot;)</message>
  <nestedLevel>1</nestedLevel>
  <escapedJava>false</escapedJava>
  <property name="startLine">20</property>
  <property name="stepIndex">3</property>
  <property name="description">Step 1: Navigate to /login</property>
</record>
<record>
  <date>2026-01-06T15:28:24.692317Z</date>
  <millis>1767713304692</millis>
  <nanos>317000</nanos>
  <sequence>2041</sequence>
  <level>PASSED</level>
  <class>com.kms.katalon.core.logging.XmlKeywordLogger</class>
  <method>logMessage</method>
  <thread>1</thread>
  <message>Navigate to &amp;apos;https://katalian-banking.vercel.app/&amp;apos; successfully</message>
  <nestedLevel>1</nestedLevel>
  <escapedJava>false</escapedJava>
  <property name="testops-method-name">com.kms.katalon.core.webui.keyword.builtin.NavigateToUrlKeyword.navigateToUrl</property>
  <property name="testops-execution-stacktrace"></property>
</record>
<record>
  <date>2026-01-06T15:28:27.696167Z</date>
  <millis>1767713307696</millis>
  <nanos>167000</nanos>
  <sequence>2044</sequence>
  <level>PASSED</level>
  <class>com.kms.katalon.core.logging.XmlKeywordLogger</class>
  <method>logMessage</method>
  <thread>1</thread>
  <message>Delayed 3 second(s)</message>
  <nestedLevel>1</nestedLevel>
  <escapedJava>false</escapedJava>
  <property name="testops-method-name">com.kms.katalon.core.keyword.builtin.DelayKeyword.delay</property>
  <property name="testops-execution-stacktrace"></property>
</record>
<record>
  <date>2026-01-06T15:28:27.696846Z</date>
  <millis>1767713307696</millis>
  <nanos>846000</nanos>
  <sequence>2045</sequence>
  <level>END</level>
  <class>com.kms.katalon.core.logging.XmlKeywordLogger</class>
  <method>endKeyword</method>
  <thread>1</thread>
  <message>End action : TrueTestScripts.navigate(&amp;quot;&amp;quot;)</message>
  <nestedLevel>1</nestedLevel>
  <escapedJava>false</escapedJava>
</record>
<record>
  <date>2026-01-06T15:28:27.696909Z</date>
  <millis>1767713307696</millis>
  <nanos>909000</nanos>
  <sequence>2046</sequence>
  <level>START</level>
  <class>com.kms.katalon.core.logging.XmlKeywordLogger</class>
  <method>startKeyword</method>
  <thread>1</thread>
  <message>Start action : TrueTestScripts.login()</message>
  <nestedLevel>1</nestedLevel>
  <escapedJava>false</escapedJava>
  <property name="startLine">24</property>
  <property name="stepIndex">4</property>
  <property name="description">Step 2: Login into Application</property>
</record>
<record>
  <date>2026-01-06T15:28:27.754097Z</date>
  <millis>1767713307754</millis>
  <nanos>97000</nanos>
  <sequence>2050</sequence>
  <level>START</level>
  <class>com.kms.katalon.core.logging.XmlKeywordLogger</class>
  <method>startTest</method>
  <thread>1</thread>
  <message>Start Test Case : Test Cases/Login</message>
  <nestedLevel>2</nestedLevel>
  <escapedJava>false</escapedJava>
  <property name="origin"></property>
  <property name="name">Test Cases/Login</property>
  <property name="description"></property>
  <property name="iteration"></property>
  <property name="id">Test Cases/Login</property>
  <property name="source">\Users\gia\Downloads\Katalian_Banking_2.0-main\Test Cases\Login.tc</property>
  <property name="tag"></property>
  <property name="isOptional">false</property>
</record>
<record>
  <date>2026-01-06T15:28:27.759914Z</date>
  <millis>1767713307759</millis>
  <nanos>914000</nanos>
  <sequence>2052</sequence>
  <level>START</level>
  <class>com.kms.katalon.core.logging.XmlKeywordLogger</class>
  <method>startKeyword</method>
  <thread>1</thread>
  <message>Start action : setText(findTestObject(&amp;quot;Object Repository/Page_Katalian Bank/input_Username_username&amp;quot;), &amp;quot;bankinguser123&amp;quot;)</message>
  <nestedLevel>1</nestedLevel>
  <escapedJava>false</escapedJava>
  <property name="startLine">20</property>
  <property name="stepIndex">1</property>
</record>
<record>
  <date>2026-01-06T15:28:28.286979Z</date>
  <millis>1767713308286</millis>
  <nanos>979000</nanos>
  <sequence>2066</sequence>
  <level>PASSED</level>
  <class>com.kms.katalon.core.logging.XmlKeywordLogger</class>
  <method>logMessage</method>
  <thread>1</thread>
  <message>Text &amp;apos;bankinguser123&amp;apos; is set on object &amp;apos;Object Repository/Page_Katalian Bank/input_Username_username&amp;apos;</message>
  <nestedLevel>2</nestedLevel>
  <escapedJava>false</escapedJava>
  <property name="testops-method-name">com.kms.katalon.core.webui.keyword.internal.WebUIKeywordMain.runKeywordUntilTimeout</property>
  <property name="testops-execution-stacktrace">com.kms.katalon.core.logging.KeywordLogger.logPassed(KeywordLogger.java:332)
com.kms.katalon.core.logging.KeywordLogger.logPassed(KeywordLogger.java:327)
com.kms.katalon.core.webui.keyword.builtin.SetTextKeyword$_setText_closure1.doCall(SetTextKeyword.groovy:99)
jdk.internal.reflect.GeneratedMethodAccessor62.invoke(Unknown Source)
java.base/jdk.internal.reflect.DelegatingMethodAccessorImpl.invoke(DelegatingMethodAccessorImpl.java:43)
jdk.proxy2/jdk.proxy2.$Proxy51.execute(Unknown Source)
com.kms.katalon.core.webui.model.SeleniumActionRetryController.performAction(SeleniumActionRetryController.java:96)
com.kms.katalon.core.webui.model.SeleniumActionRetryController.performAction(SeleniumActionRetryController.java:83)
com.kms.katalon.core.webui.keyword.internal.WebUIKeywordMain$_runKeywordUntilTimeout_closure1.doCall(WebUIKeywordMain.groovy:135)
com.kms.katalon.core.webui.keyword.internal.WebUIKeywordMain$_runKeywordUntilTimeout_closure1.call(WebUIKeywordMain.groovy)
com.kms.katalon.core.webui.keyword.internal.WebUIKeywordMain.runKeyword(WebUIKeywordMain.groovy:41)
com.kms.katalon.core.webui.keyword.internal.WebUIKeywordMain.runKeywordUntilTimeout(WebUIKeywordMain.groovy:133)
com.kms.katalon.core.webui.keyword.builtin.SetTextKeyword.setText(SetTextKeyword.groovy:106)
com.kms.katalon.core.webui.keyword.builtin.SetTextKeyword.execute(SetTextKeyword.groovy:49)
com.kms.katalon.core.keyword.internal.KeywordExecutor.executeKeywordForPlatform(KeywordExecutor.groovy:90)
com.kms.katalon.core.webui.keyword.WebUiBuiltInKeywords.setText(WebUiBuiltInKeywords.groovy:1081)
Login.run(Login:20)
</property>
</record>
<record>
  <date>2026-01-06T15:28:28.287341Z</date>
  <millis>1767713308287</millis>
  <nanos>341000</nanos>
  <sequence>2067</sequence>
  <level>END</level>
  <class>com.kms.katalon.core.logging.XmlKeywordLogger</class>
  <method>endKeyword</method>
  <thread>1</thread>
  <message>End action : setText(findTestObject(&amp;quot;Object Repository/Page_Katalian Bank/input_Username_username&amp;quot;), &amp;quot;bankinguser123&amp;quot;)</message>
  <nestedLevel>1</nestedLevel>
  <escapedJava>false</escapedJava>
</record>
<record>
  <date>2026-01-06T15:28:28.287387Z</date>
  <millis>1767713308287</millis>
  <nanos>387000</nanos>
  <sequence>2068</sequence>
  <level>START</level>
  <class>com.kms.katalon.core.logging.XmlKeywordLogger</class>
  <method>startKeyword</method>
  <thread>1</thread>
  <message>Start action : setEncryptedText(findTestObject(&amp;quot;Object Repository/Page_Katalian Bank/input_Password_password&amp;quot;), &amp;quot;CS9RmWxFPRFoMJc95WUBEN4WG8mxfTJo&amp;quot;)</message>
  <nestedLevel>1</nestedLevel>
  <escapedJava>false</escapedJava>
  <property name="startLine">22</property>
  <property name="stepIndex">2</property>
</record>
<record>
  <date>2026-01-06T15:28:28.534548Z</date>
  <millis>1767713308534</millis>
  <nanos>548000</nanos>
  <sequence>2081</sequence>
  <level>PASSED</level>
  <class>com.kms.katalon.core.logging.XmlKeywordLogger</class>
  <method>logMessage</method>
  <thread>1</thread>
  <message>Text ****** has been set on object &amp;apos;Object Repository/Page_Katalian Bank/input_Password_password&amp;apos;</message>
  <nestedLevel>2</nestedLevel>
  <escapedJava>false</escapedJava>
  <property name="testops-method-name">com.kms.katalon.core.webui.keyword.internal.WebUIKeywordMain.runKeywordUntilTimeout</property>
  <property name="testops-execution-stacktrace">com.kms.katalon.core.logging.KeywordLogger.logPassed(KeywordLogger.java:332)
com.kms.katalon.core.logging.KeywordLogger.logPassed(KeywordLogger.java:327)
com.kms.katalon.core.webui.keyword.builtin.SetEncryptedTextKeyword$_setEncryptedText_closure1.doCall(SetEncryptedTextKeyword.groovy:82)
java.base/jdk.internal.reflect.NativeMethodAccessorImpl.invoke0(Native Method)
java.base/jdk.internal.reflect.NativeMethodAccessorImpl.invoke(NativeMethodAccessorImpl.java:77)
java.base/jdk.internal.reflect.DelegatingMethodAccessorImpl.invoke(DelegatingMethodAccessorImpl.java:43)
jdk.proxy2/jdk.proxy2.$Proxy51.execute(Unknown Source)
com.kms.katalon.core.webui.model.SeleniumActionRetryController.performAction(SeleniumActionRetryController.java:96)
com.kms.katalon.core.webui.model.SeleniumActionRetryController.performAction(SeleniumActionRetryController.java:83)
com.kms.katalon.core.webui.keyword.internal.WebUIKeywordMain$_runKeywordUntilTimeout_closure1.doCall(WebUIKeywordMain.groovy:135)
com.kms.katalon.core.webui.keyword.internal.WebUIKeywordMain$_runKeywordUntilTimeout_closure1.call(WebUIKeywordMain.groovy)
com.kms.katalon.core.webui.keyword.internal.WebUIKeywordMain.runKeyword(WebUIKeywordMain.groovy:41)
com.kms.katalon.core.webui.keyword.internal.WebUIKeywordMain.runKeywordUntilTimeout(WebUIKeywordMain.groovy:133)
com.kms.katalon.core.webui.keyword.builtin.SetEncryptedTextKeyword.setEncryptedText(SetEncryptedTextKeyword.groovy:88)
com.kms.katalon.core.webui.keyword.builtin.SetEncryptedTextKeyword.execute(SetEncryptedTextKeyword.groovy:48)
com.kms.katalon.core.keyword.internal.KeywordExecutor.executeKeywordForPlatform(KeywordExecutor.groovy:90)
com.kms.katalon.core.webui.keyword.WebUiBuiltInKeywords.setEncryptedText(WebUiBuiltInKeywords.groovy:1112)
Login.run(Login:22)
</property>
</record>
<record>
  <date>2026-01-06T15:28:28.534891Z</date>
  <millis>1767713308534</millis>
  <nanos>891000</nanos>
  <sequence>2082</sequence>
  <level>END</level>
  <class>com.kms.katalon.core.logging.XmlKeywordLogger</class>
  <method>endKeyword</method>
  <thread>1</thread>
  <message>End action : setEncryptedText(findTestObject(&amp;quot;Object Repository/Page_Katalian Bank/input_Password_password&amp;quot;), &amp;quot;CS9RmWxFPRFoMJc95WUBEN4WG8mxfTJo&amp;quot;)</message>
  <nestedLevel>1</nestedLevel>
  <escapedJava>false</escapedJava>
</record>
<record>
  <date>2026-01-06T15:28:28.534944Z</date>
  <millis>1767713308534</millis>
  <nanos>944000</nanos>
  <sequence>2083</sequence>
  <level>START</level>
  <class>com.kms.katalon.core.logging.XmlKeywordLogger</class>
  <method>startKeyword</method>
  <thread>1</thread>
  <message>Start action : click(findTestObject(&amp;quot;Object Repository/Page_Katalian Bank/button_Sign in&amp;quot;))</message>
  <nestedLevel>1</nestedLevel>
  <escapedJava>false</escapedJava>
  <property name="startLine">24</property>
  <property name="stepIndex">3</property>
</record>
<record>
  <date>2026-01-06T15:28:28.786897Z</date>
  <millis>1767713308786</millis>
  <nanos>897000</nanos>
  <sequence>2094</sequence>
  <level>PASSED</level>
  <class>com.kms.katalon.core.logging.XmlKeywordLogger</class>
  <method>logMessage</method>
  <thread>1</thread>
  <message>Object: &amp;apos;Object Repository/Page_Katalian Bank/button_Sign in&amp;apos; is clicked on</message>
  <nestedLevel>2</nestedLevel>
  <escapedJava>false</escapedJava>
  <property name="testops-method-name">com.kms.katalon.core.webui.keyword.internal.WebUIKeywordMain.runKeywordUntilTimeout</property>
  <property name="testops-execution-stacktrace">com.kms.katalon.core.logging.KeywordLogger.logPassed(KeywordLogger.java:332)
com.kms.katalon.core.logging.KeywordLogger.logPassed(KeywordLogger.java:327)
com.kms.katalon.core.webui.keyword.builtin.ClickKeyword$_click_closure1.doCall(ClickKeyword.groovy:66)
java.base/jdk.internal.reflect.NativeMethodAccessorImpl.invoke0(Native Method)
java.base/jdk.internal.reflect.NativeMethodAccessorImpl.invoke(NativeMethodAccessorImpl.java:77)
java.base/jdk.internal.reflect.DelegatingMethodAccessorImpl.invoke(DelegatingMethodAccessorImpl.java:43)
jdk.proxy2/jdk.proxy2.$Proxy51.execute(Unknown Source)
com.kms.katalon.core.webui.model.SeleniumActionRetryController.performAction(SeleniumActionRetryController.java:96)
com.kms.katalon.core.webui.model.SeleniumActionRetryController.performAction(SeleniumActionRetryController.java:83)
com.kms.katalon.core.webui.keyword.internal.WebUIKeywordMain$_runKeywordUntilTimeout_closure1.doCall(WebUIKeywordMain.groovy:135)
com.kms.katalon.core.webui.keyword.internal.WebUIKeywordMain$_runKeywordUntilTimeout_closure1.call(WebUIKeywordMain.groovy)
com.kms.katalon.core.webui.keyword.internal.WebUIKeywordMain.runKeyword(WebUIKeywordMain.groovy:41)
com.kms.katalon.core.webui.keyword.internal.WebUIKeywordMain.runKeywordUntilTimeout(WebUIKeywordMain.groovy:133)
com.kms.katalon.core.webui.keyword.builtin.ClickKeyword.click(ClickKeyword.groovy:72)
com.kms.katalon.core.webui.keyword.builtin.ClickKeyword.execute(ClickKeyword.groovy:38)
com.kms.katalon.core.keyword.internal.KeywordExecutor.executeKeywordForPlatform(KeywordExecutor.groovy:90)
com.kms.katalon.core.webui.keyword.WebUiBuiltInKeywords.click(WebUiBuiltInKeywords.groovy:721)
Login.run(Login:24)
</property>
</record>
<record>
  <date>2026-01-06T15:28:28.787288Z</date>
  <millis>1767713308787</millis>
  <nanos>288000</nanos>
  <sequence>2095</sequence>
  <level>END</level>
  <class>com.kms.katalon.core.logging.XmlKeywordLogger</class>
  <method>endKeyword</method>
  <thread>1</thread>
  <message>End action : click(findTestObject(&amp;quot;Object Repository/Page_Katalian Bank/button_Sign in&amp;quot;))</message>
  <nestedLevel>1</nestedLevel>
  <escapedJava>false</escapedJava>
</record>
<record>
  <date>2026-01-06T15:28:28.787334Z</date>
  <millis>1767713308787</millis>
  <nanos>334000</nanos>
  <sequence>2096</sequence>
  <level>START</level>
  <class>com.kms.katalon.core.logging.XmlKeywordLogger</class>
  <method>startKeyword</method>
  <thread>1</thread>
  <message>Start action : verifyElementPresent(findTestObject(&amp;quot;Object Repository/Page_Katalian Bank/h1_Katalian Bank&amp;quot;), 0)</message>
  <nestedLevel>1</nestedLevel>
  <escapedJava>false</escapedJava>
  <property name="startLine">26</property>
  <property name="stepIndex">4</property>
</record>
<record>
  <date>2026-01-06T15:28:28.792206Z</date>
  <millis>1767713308792</millis>
  <nanos>206000</nanos>
  <sequence>2101</sequence>
  <level>WARNING</level>
  <class>com.kms.katalon.core.logging.XmlKeywordLogger</class>
  <method>logMessage</method>
  <thread>1</thread>
  <message>Timeout &amp;apos;0&amp;apos; is invalid. Using default page load timeout: &amp;apos;10&amp;apos;</message>
  <nestedLevel>2</nestedLevel>
  <escapedJava>false</escapedJava>
</record>
<record>
  <date>2026-01-06T15:28:29.205521Z</date>
  <millis>1767713309205</millis>
  <nanos>521000</nanos>
  <sequence>2104</sequence>
  <level>PASSED</level>
  <class>com.kms.katalon.core.logging.XmlKeywordLogger</class>
  <method>logMessage</method>
  <thread>1</thread>
  <message>Object &amp;apos;Object Repository/Page_Katalian Bank/h1_Katalian Bank&amp;apos; is present</message>
  <nestedLevel>2</nestedLevel>
  <escapedJava>false</escapedJava>
  <property name="testops-is-assertion">true</property>
  <property name="testops-method-name">com.kms.katalon.core.webui.keyword.builtin.VerifyElementPresentKeyword.verifyElementPresent</property>
  <property name="testops-execution-stacktrace"></property>
</record>
<record>
  <date>2026-01-06T15:28:29.205660Z</date>
  <millis>1767713309205</millis>
  <nanos>660000</nanos>
  <sequence>2105</sequence>
  <level>END</level>
  <class>com.kms.katalon.core.logging.XmlKeywordLogger</class>
  <method>endKeyword</method>
  <thread>1</thread>
  <message>End action : verifyElementPresent(findTestObject(&amp;quot;Object Repository/Page_Katalian Bank/h1_Katalian Bank&amp;quot;), 0)</message>
  <nestedLevel>1</nestedLevel>
  <escapedJava>false</escapedJava>
</record>
<record>
  <date>2026-01-06T15:28:29.205730Z</date>
  <millis>1767713309205</millis>
  <nanos>730000</nanos>
  <sequence>2106</sequence>
  <level>PASSED</level>
  <class>com.kms.katalon.core.logging.XmlKeywordLogger</class>
  <method>logMessage</method>
  <thread>1</thread>
  <message>Test Cases/Login</message>
  <nestedLevel>2</nestedLevel>
  <escapedJava>false</escapedJava>
</record>
<record>
  <date>2026-01-06T15:28:29.205856Z</date>
  <millis>1767713309205</millis>
  <nanos>856000</nanos>
  <sequence>2107</sequence>
  <level>END</level>
  <class>com.kms.katalon.core.logging.XmlKeywordLogger</class>
  <method>endTest</method>
  <thread>1</thread>
  <message>End Test Case : Test Cases/Login</message>
  <nestedLevel>1</nestedLevel>
  <escapedJava>false</escapedJava>
</record>
<record>
  <date>2026-01-06T15:28:29.205928Z</date>
  <millis>1767713309205</millis>
  <nanos>928000</nanos>
  <sequence>2108</sequence>
  <level>PASSED</level>
  <class>com.kms.katalon.core.logging.XmlKeywordLogger</class>
  <method>logMessage</method>
  <thread>1</thread>
  <message>Call Test Case &amp;apos;Test Cases/Login&amp;apos; successfully</message>
  <nestedLevel>1</nestedLevel>
  <escapedJava>false</escapedJava>
  <property name="testops-method-name">com.kms.katalon.core.keyword.builtin.CallTestCaseKeyword.callTestCase</property>
  <property name="testops-execution-stacktrace"></property>
</record>
<record>
  <date>2026-01-06T15:28:29.206374Z</date>
  <millis>1767713309206</millis>
  <nanos>374000</nanos>
  <sequence>2109</sequence>
  <level>END</level>
  <class>com.kms.katalon.core.logging.XmlKeywordLogger</class>
  <method>endKeyword</method>
  <thread>1</thread>
  <message>End action : TrueTestScripts.login()</message>
  <nestedLevel>1</nestedLevel>
  <escapedJava>false</escapedJava>
</record>
<record>
  <date>2026-01-06T15:28:29.206413Z</date>
  <millis>1767713309206</millis>
  <nanos>413000</nanos>
  <sequence>2110</sequence>
  <level>START</level>
  <class>com.kms.katalon.core.logging.XmlKeywordLogger</class>
  <method>startKeyword</method>
  <thread>1</thread>
  <message>Start action : enhancedClick(findTestObject(&amp;quot;AI-Generated/Katalian Banking Production/Page_dashboard/button_transferBalance&amp;quot;))</message>
  <nestedLevel>1</nestedLevel>
  <escapedJava>false</escapedJava>
  <property name="startLine">28</property>
  <property name="stepIndex">5</property>
  <property name="description">Step 3: Click on button transferBalance -&gt; Navigate to page &apos;/transfer&apos;</property>
</record>
<record>
  <date>2026-01-06T15:28:29.240653Z</date>
  <millis>1767713309240</millis>
  <nanos>653000</nanos>
  <sequence>2122</sequence>
  <level>PASSED</level>
  <class>com.kms.katalon.core.logging.XmlKeywordLogger</class>
  <method>logMessage</method>
  <thread>1</thread>
  <message>Object: &amp;apos;Object Repository/AI-Generated/Katalian Banking Production/Page_dashboard/button_transferBalance&amp;apos; is clicked on</message>
  <nestedLevel>1</nestedLevel>
  <escapedJava>false</escapedJava>
  <property name="testops-method-name">com.kms.katalon.core.webui.keyword.internal.WebUIKeywordMain.runKeywordUntilTimeout</property>
  <property name="testops-execution-stacktrace">com.kms.katalon.core.logging.KeywordLogger.logPassed(KeywordLogger.java:332)
com.kms.katalon.core.logging.KeywordLogger.logPassed(KeywordLogger.java:327)
com.kms.katalon.core.webui.keyword.builtin.EnhancedClickKeyword$_click_closure1$_closure5.doCall(EnhancedClickKeyword.groovy:88)
jdk.internal.reflect.GeneratedMethodAccessor47.invoke(Unknown Source)
java.base/jdk.internal.reflect.DelegatingMethodAccessorImpl.invoke(DelegatingMethodAccessorImpl.java:43)
jdk.proxy2/jdk.proxy2.$Proxy54.accept(Unknown Source)
com.kms.katalon.core.trymonad.Success.onSuccess(Try.java:263)
com.kms.katalon.core.webui.keyword.builtin.EnhancedClickKeyword$_click_closure1.doCall(EnhancedClickKeyword.groovy:71)
jdk.internal.reflect.GeneratedMethodAccessor45.invoke(Unknown Source)
java.base/jdk.internal.reflect.DelegatingMethodAccessorImpl.invoke(DelegatingMethodAccessorImpl.java:43)
jdk.proxy2/jdk.proxy2.$Proxy51.execute(Unknown Source)
com.kms.katalon.core.webui.model.SeleniumActionRetryController.performAction(SeleniumActionRetryController.java:96)
com.kms.katalon.core.webui.model.SeleniumActionRetryController.performAction(SeleniumActionRetryController.java:83)
com.kms.katalon.core.webui.keyword.internal.WebUIKeywordMain$_runKeywordUntilTimeout_closure1.doCall(WebUIKeywordMain.groovy:135)
com.kms.katalon.core.webui.keyword.internal.WebUIKeywordMain$_runKeywordUntilTimeout_closure1.call(WebUIKeywordMain.groovy)
com.kms.katalon.core.webui.keyword.internal.WebUIKeywordMain.runKeyword(WebUIKeywordMain.groovy:41)
com.kms.katalon.core.webui.keyword.internal.WebUIKeywordMain.runKeywordUntilTimeout(WebUIKeywordMain.groovy:133)
com.kms.katalon.core.webui.keyword.builtin.EnhancedClickKeyword.click(EnhancedClickKeyword.groovy:95)
com.kms.katalon.core.webui.keyword.builtin.EnhancedClickKeyword.execute(EnhancedClickKeyword.groovy:41)
com.kms.katalon.core.keyword.internal.KeywordExecutor.executeKeywordForPlatform(KeywordExecutor.groovy:90)
com.kms.katalon.core.webui.keyword.WebUiBuiltInKeywords.enhancedClick(WebUiBuiltInKeywords.groovy:747)
TC2-Handle Insufficient Funds During Transfer.run(TC2-Handle Insufficient Funds During Transfer:28)
</property>
</record>
<record>
  <date>2026-01-06T15:28:29.241657Z</date>
  <millis>1767713309241</millis>
  <nanos>657000</nanos>
  <sequence>2123</sequence>
  <level>END</level>
  <class>com.kms.katalon.core.logging.XmlKeywordLogger</class>
  <method>endKeyword</method>
  <thread>1</thread>
  <message>End action : enhancedClick(findTestObject(&amp;quot;AI-Generated/Katalian Banking Production/Page_dashboard/button_transferBalance&amp;quot;))</message>
  <nestedLevel>1</nestedLevel>
  <escapedJava>false</escapedJava>
</record>
<record>
  <date>2026-01-06T15:28:29.241758Z</date>
  <millis>1767713309241</millis>
  <nanos>758000</nanos>
  <sequence>2124</sequence>
  <level>START</level>
  <class>com.kms.katalon.core.logging.XmlKeywordLogger</class>
  <method>startKeyword</method>
  <thread>1</thread>
  <message>Start action : enhancedClick(findTestObject(&amp;quot;AI-Generated/Katalian Banking Production/Page_transfer/input_amount&amp;quot;))</message>
  <nestedLevel>1</nestedLevel>
  <escapedJava>false</escapedJava>
  <property name="startLine">34</property>
  <property name="stepIndex">6</property>
  <property name="description">Step 4: Click on input amount</property>
</record>
<record>
  <date>2026-01-06T15:28:29.272619Z</date>
  <millis>1767713309272</millis>
  <nanos>619000</nanos>
  <sequence>2136</sequence>
  <level>PASSED</level>
  <class>com.kms.katalon.core.logging.XmlKeywordLogger</class>
  <method>logMessage</method>
  <thread>1</thread>
  <message>Object: &amp;apos;Object Repository/AI-Generated/Katalian Banking Production/Page_transfer/input_amount&amp;apos; is clicked on</message>
  <nestedLevel>1</nestedLevel>
  <escapedJava>false</escapedJava>
  <property name="testops-method-name">com.kms.katalon.core.webui.keyword.internal.WebUIKeywordMain.runKeywordUntilTimeout</property>
  <property name="testops-execution-stacktrace">com.kms.katalon.core.logging.KeywordLogger.logPassed(KeywordLogger.java:332)
com.kms.katalon.core.logging.KeywordLogger.logPassed(KeywordLogger.java:327)
com.kms.katalon.core.webui.keyword.builtin.EnhancedClickKeyword$_click_closure1$_closure5.doCall(EnhancedClickKeyword.groovy:88)
jdk.internal.reflect.GeneratedMethodAccessor47.invoke(Unknown Source)
java.base/jdk.internal.reflect.DelegatingMethodAccessorImpl.invoke(DelegatingMethodAccessorImpl.java:43)
jdk.proxy2/jdk.proxy2.$Proxy54.accept(Unknown Source)
com.kms.katalon.core.trymonad.Success.onSuccess(Try.java:263)
com.kms.katalon.core.webui.keyword.builtin.EnhancedClickKeyword$_click_closure1.doCall(EnhancedClickKeyword.groovy:71)
jdk.internal.reflect.GeneratedMethodAccessor45.invoke(Unknown Source)
java.base/jdk.internal.reflect.DelegatingMethodAccessorImpl.invoke(DelegatingMethodAccessorImpl.java:43)
jdk.proxy2/jdk.proxy2.$Proxy51.execute(Unknown Source)
com.kms.katalon.core.webui.model.SeleniumActionRetryController.performAction(SeleniumActionRetryController.java:96)
com.kms.katalon.core.webui.model.SeleniumActionRetryController.performAction(SeleniumActionRetryController.java:83)
com.kms.katalon.core.webui.keyword.internal.WebUIKeywordMain$_runKeywordUntilTimeout_closure1.doCall(WebUIKeywordMain.groovy:135)
com.kms.katalon.core.webui.keyword.internal.WebUIKeywordMain$_runKeywordUntilTimeout_closure1.call(WebUIKeywordMain.groovy)
com.kms.katalon.core.webui.keyword.internal.WebUIKeywordMain.runKeyword(WebUIKeywordMain.groovy:41)
com.kms.katalon.core.webui.keyword.internal.WebUIKeywordMain.runKeywordUntilTimeout(WebUIKeywordMain.groovy:133)
com.kms.katalon.core.webui.keyword.builtin.EnhancedClickKeyword.click(EnhancedClickKeyword.groovy:95)
com.kms.katalon.core.webui.keyword.builtin.EnhancedClickKeyword.execute(EnhancedClickKeyword.groovy:41)
com.kms.katalon.core.keyword.internal.KeywordExecutor.executeKeywordForPlatform(KeywordExecutor.groovy:90)
com.kms.katalon.core.webui.keyword.WebUiBuiltInKeywords.enhancedClick(WebUiBuiltInKeywords.groovy:747)
TC2-Handle Insufficient Funds During Transfer.run(TC2-Handle Insufficient Funds During Transfer:34)
</property>
</record>
<record>
  <date>2026-01-06T15:28:29.273250Z</date>
  <millis>1767713309273</millis>
  <nanos>250000</nanos>
  <sequence>2137</sequence>
  <level>END</level>
  <class>com.kms.katalon.core.logging.XmlKeywordLogger</class>
  <method>endKeyword</method>
  <thread>1</thread>
  <message>End action : enhancedClick(findTestObject(&amp;quot;AI-Generated/Katalian Banking Production/Page_transfer/input_amount&amp;quot;))</message>
  <nestedLevel>1</nestedLevel>
  <escapedJava>false</escapedJava>
</record>
<record>
  <date>2026-01-06T15:28:29.273341Z</date>
  <millis>1767713309273</millis>
  <nanos>341000</nanos>
  <sequence>2138</sequence>
  <level>START</level>
  <class>com.kms.katalon.core.logging.XmlKeywordLogger</class>
  <method>startKeyword</method>
  <thread>1</thread>
  <message>Start action : setText(findTestObject(&amp;quot;AI-Generated/Katalian Banking Production/Page_transfer/input_amount&amp;quot;), input_amount)</message>
  <nestedLevel>1</nestedLevel>
  <escapedJava>false</escapedJava>
  <property name="startLine">40</property>
  <property name="stepIndex">7</property>
  <property name="description">Step 5: Enter input value in input amount</property>
</record>
<record>
  <date>2026-01-06T15:28:29.328082Z</date>
  <millis>1767713309328</millis>
  <nanos>82000</nanos>
  <sequence>2152</sequence>
  <level>PASSED</level>
  <class>com.kms.katalon.core.logging.XmlKeywordLogger</class>
  <method>logMessage</method>
  <thread>1</thread>
  <message>Text &amp;apos;1000000&amp;apos; is set on object &amp;apos;Object Repository/AI-Generated/Katalian Banking Production/Page_transfer/input_amount&amp;apos;</message>
  <nestedLevel>1</nestedLevel>
  <escapedJava>false</escapedJava>
  <property name="testops-method-name">com.kms.katalon.core.webui.keyword.internal.WebUIKeywordMain.runKeywordUntilTimeout</property>
  <property name="testops-execution-stacktrace">com.kms.katalon.core.logging.KeywordLogger.logPassed(KeywordLogger.java:332)
com.kms.katalon.core.logging.KeywordLogger.logPassed(KeywordLogger.java:327)
com.kms.katalon.core.webui.keyword.builtin.SetTextKeyword$_setText_closure1.doCall(SetTextKeyword.groovy:99)
jdk.internal.reflect.GeneratedMethodAccessor62.invoke(Unknown Source)
java.base/jdk.internal.reflect.DelegatingMethodAccessorImpl.invoke(DelegatingMethodAccessorImpl.java:43)
jdk.proxy2/jdk.proxy2.$Proxy51.execute(Unknown Source)
com.kms.katalon.core.webui.model.SeleniumActionRetryController.performAction(SeleniumActionRetryController.java:96)
com.kms.katalon.core.webui.model.SeleniumActionRetryController.performAction(SeleniumActionRetryController.java:83)
com.kms.katalon.core.webui.keyword.internal.WebUIKeywordMain$_runKeywordUntilTimeout_closure1.doCall(WebUIKeywordMain.groovy:135)
com.kms.katalon.core.webui.keyword.internal.WebUIKeywordMain$_runKeywordUntilTimeout_closure1.call(WebUIKeywordMain.groovy)
com.kms.katalon.core.webui.keyword.internal.WebUIKeywordMain.runKeyword(WebUIKeywordMain.groovy:41)
com.kms.katalon.core.webui.keyword.internal.WebUIKeywordMain.runKeywordUntilTimeout(WebUIKeywordMain.groovy:133)
com.kms.katalon.core.webui.keyword.builtin.SetTextKeyword.setText(SetTextKeyword.groovy:106)
com.kms.katalon.core.webui.keyword.builtin.SetTextKeyword.execute(SetTextKeyword.groovy:49)
com.kms.katalon.core.keyword.internal.KeywordExecutor.executeKeywordForPlatform(KeywordExecutor.groovy:90)
com.kms.katalon.core.webui.keyword.WebUiBuiltInKeywords.setText(WebUiBuiltInKeywords.groovy:1081)
TC2-Handle Insufficient Funds During Transfer.run(TC2-Handle Insufficient Funds During Transfer:40)
</property>
</record>
<record>
  <date>2026-01-06T15:28:29.328738Z</date>
  <millis>1767713309328</millis>
  <nanos>738000</nanos>
  <sequence>2153</sequence>
  <level>END</level>
  <class>com.kms.katalon.core.logging.XmlKeywordLogger</class>
  <method>endKeyword</method>
  <thread>1</thread>
  <message>End action : setText(findTestObject(&amp;quot;AI-Generated/Katalian Banking Production/Page_transfer/input_amount&amp;quot;), input_amount)</message>
  <nestedLevel>1</nestedLevel>
  <escapedJava>false</escapedJava>
</record>
<record>
  <date>2026-01-06T15:28:29.328802Z</date>
  <millis>1767713309328</millis>
  <nanos>802000</nanos>
  <sequence>2154</sequence>
  <level>START</level>
  <class>com.kms.katalon.core.logging.XmlKeywordLogger</class>
  <method>startKeyword</method>
  <thread>1</thread>
  <message>Start action : enhancedClick(findTestObject(&amp;quot;AI-Generated/Katalian Banking Production/Page_transfer/button_reviewTransfer&amp;quot;))</message>
  <nestedLevel>1</nestedLevel>
  <escapedJava>false</escapedJava>
  <property name="startLine">46</property>
  <property name="stepIndex">8</property>
  <property name="description">Step 6: Click on button reviewTransfer</property>
</record>
<record>
  <date>2026-01-06T15:28:29.356785Z</date>
  <millis>1767713309356</millis>
  <nanos>785000</nanos>
  <sequence>2166</sequence>
  <level>PASSED</level>
  <class>com.kms.katalon.core.logging.XmlKeywordLogger</class>
  <method>logMessage</method>
  <thread>1</thread>
  <message>Object: &amp;apos;Object Repository/AI-Generated/Katalian Banking Production/Page_transfer/button_reviewTransfer&amp;apos; is clicked on</message>
  <nestedLevel>1</nestedLevel>
  <escapedJava>false</escapedJava>
  <property name="testops-method-name">com.kms.katalon.core.webui.keyword.internal.WebUIKeywordMain.runKeywordUntilTimeout</property>
  <property name="testops-execution-stacktrace">com.kms.katalon.core.logging.KeywordLogger.logPassed(KeywordLogger.java:332)
com.kms.katalon.core.logging.KeywordLogger.logPassed(KeywordLogger.java:327)
com.kms.katalon.core.webui.keyword.builtin.EnhancedClickKeyword$_click_closure1$_closure5.doCall(EnhancedClickKeyword.groovy:88)
jdk.internal.reflect.GeneratedMethodAccessor47.invoke(Unknown Source)
java.base/jdk.internal.reflect.DelegatingMethodAccessorImpl.invoke(DelegatingMethodAccessorImpl.java:43)
jdk.proxy2/jdk.proxy2.$Proxy54.accept(Unknown Source)
com.kms.katalon.core.trymonad.Success.onSuccess(Try.java:263)
com.kms.katalon.core.webui.keyword.builtin.EnhancedClickKeyword$_click_closure1.doCall(EnhancedClickKeyword.groovy:71)
jdk.internal.reflect.GeneratedMethodAccessor45.invoke(Unknown Source)
java.base/jdk.internal.reflect.DelegatingMethodAccessorImpl.invoke(DelegatingMethodAccessorImpl.java:43)
jdk.proxy2/jdk.proxy2.$Proxy51.execute(Unknown Source)
com.kms.katalon.core.webui.model.SeleniumActionRetryController.performAction(SeleniumActionRetryController.java:96)
com.kms.katalon.core.webui.model.SeleniumActionRetryController.performAction(SeleniumActionRetryController.java:83)
com.kms.katalon.core.webui.keyword.internal.WebUIKeywordMain$_runKeywordUntilTimeout_closure1.doCall(WebUIKeywordMain.groovy:135)
com.kms.katalon.core.webui.keyword.internal.WebUIKeywordMain$_runKeywordUntilTimeout_closure1.call(WebUIKeywordMain.groovy)
com.kms.katalon.core.webui.keyword.internal.WebUIKeywordMain.runKeyword(WebUIKeywordMain.groovy:41)
com.kms.katalon.core.webui.keyword.internal.WebUIKeywordMain.runKeywordUntilTimeout(WebUIKeywordMain.groovy:133)
com.kms.katalon.core.webui.keyword.builtin.EnhancedClickKeyword.click(EnhancedClickKeyword.groovy:95)
com.kms.katalon.core.webui.keyword.builtin.EnhancedClickKeyword.execute(EnhancedClickKeyword.groovy:41)
com.kms.katalon.core.keyword.internal.KeywordExecutor.executeKeywordForPlatform(KeywordExecutor.groovy:90)
com.kms.katalon.core.webui.keyword.WebUiBuiltInKeywords.enhancedClick(WebUiBuiltInKeywords.groovy:747)
TC2-Handle Insufficient Funds During Transfer.run(TC2-Handle Insufficient Funds During Transfer:46)
</property>
</record>
<record>
  <date>2026-01-06T15:28:29.357446Z</date>
  <millis>1767713309357</millis>
  <nanos>446000</nanos>
  <sequence>2167</sequence>
  <level>END</level>
  <class>com.kms.katalon.core.logging.XmlKeywordLogger</class>
  <method>endKeyword</method>
  <thread>1</thread>
  <message>End action : enhancedClick(findTestObject(&amp;quot;AI-Generated/Katalian Banking Production/Page_transfer/button_reviewTransfer&amp;quot;))</message>
  <nestedLevel>1</nestedLevel>
  <escapedJava>false</escapedJava>
</record>
<record>
  <date>2026-01-06T15:28:29.357510Z</date>
  <millis>1767713309357</millis>
  <nanos>510000</nanos>
  <sequence>2168</sequence>
  <level>START</level>
  <class>com.kms.katalon.core.logging.XmlKeywordLogger</class>
  <method>startKeyword</method>
  <thread>1</thread>
  <message>Start action : enhancedClick(findTestObject(&amp;quot;AI-Generated/Katalian Banking Production/Page_transfer/p_insufficientFunds&amp;quot;))</message>
  <nestedLevel>1</nestedLevel>
  <escapedJava>false</escapedJava>
  <property name="startLine">52</property>
  <property name="stepIndex">9</property>
  <property name="description">Step 7: Click on p insufficientFunds</property>
</record>
<record>
  <date>2026-01-06T15:28:29.384845Z</date>
  <millis>1767713309384</millis>
  <nanos>845000</nanos>
  <sequence>2180</sequence>
  <level>PASSED</level>
  <class>com.kms.katalon.core.logging.XmlKeywordLogger</class>
  <method>logMessage</method>
  <thread>1</thread>
  <message>Object: &amp;apos;Object Repository/AI-Generated/Katalian Banking Production/Page_transfer/p_insufficientFunds&amp;apos; is clicked on</message>
  <nestedLevel>1</nestedLevel>
  <escapedJava>false</escapedJava>
  <property name="testops-method-name">com.kms.katalon.core.webui.keyword.internal.WebUIKeywordMain.runKeywordUntilTimeout</property>
  <property name="testops-execution-stacktrace">com.kms.katalon.core.logging.KeywordLogger.logPassed(KeywordLogger.java:332)
com.kms.katalon.core.logging.KeywordLogger.logPassed(KeywordLogger.java:327)
com.kms.katalon.core.webui.keyword.builtin.EnhancedClickKeyword$_click_closure1$_closure5.doCall(EnhancedClickKeyword.groovy:88)
jdk.internal.reflect.GeneratedMethodAccessor47.invoke(Unknown Source)
java.base/jdk.internal.reflect.DelegatingMethodAccessorImpl.invoke(DelegatingMethodAccessorImpl.java:43)
jdk.proxy2/jdk.proxy2.$Proxy54.accept(Unknown Source)
com.kms.katalon.core.trymonad.Success.onSuccess(Try.java:263)
com.kms.katalon.core.webui.keyword.builtin.EnhancedClickKeyword$_click_closure1.doCall(EnhancedClickKeyword.groovy:71)
jdk.internal.reflect.GeneratedMethodAccessor45.invoke(Unknown Source)
java.base/jdk.internal.reflect.DelegatingMethodAccessorImpl.invoke(DelegatingMethodAccessorImpl.java:43)
jdk.proxy2/jdk.proxy2.$Proxy51.execute(Unknown Source)
com.kms.katalon.core.webui.model.SeleniumActionRetryController.performAction(SeleniumActionRetryController.java:96)
com.kms.katalon.core.webui.model.SeleniumActionRetryController.performAction(SeleniumActionRetryController.java:83)
com.kms.katalon.core.webui.keyword.internal.WebUIKeywordMain$_runKeywordUntilTimeout_closure1.doCall(WebUIKeywordMain.groovy:135)
com.kms.katalon.core.webui.keyword.internal.WebUIKeywordMain$_runKeywordUntilTimeout_closure1.call(WebUIKeywordMain.groovy)
com.kms.katalon.core.webui.keyword.internal.WebUIKeywordMain.runKeyword(WebUIKeywordMain.groovy:41)
com.kms.katalon.core.webui.keyword.internal.WebUIKeywordMain.runKeywordUntilTimeout(WebUIKeywordMain.groovy:133)
com.kms.katalon.core.webui.keyword.builtin.EnhancedClickKeyword.click(EnhancedClickKeyword.groovy:95)
com.kms.katalon.core.webui.keyword.builtin.EnhancedClickKeyword.execute(EnhancedClickKeyword.groovy:41)
com.kms.katalon.core.keyword.internal.KeywordExecutor.executeKeywordForPlatform(KeywordExecutor.groovy:90)
com.kms.katalon.core.webui.keyword.WebUiBuiltInKeywords.enhancedClick(WebUiBuiltInKeywords.groovy:747)
TC2-Handle Insufficient Funds During Transfer.run(TC2-Handle Insufficient Funds During Transfer:52)
</property>
</record>
<record>
  <date>2026-01-06T15:28:29.385468Z</date>
  <millis>1767713309385</millis>
  <nanos>468000</nanos>
  <sequence>2181</sequence>
  <level>END</level>
  <class>com.kms.katalon.core.logging.XmlKeywordLogger</class>
  <method>endKeyword</method>
  <thread>1</thread>
  <message>End action : enhancedClick(findTestObject(&amp;quot;AI-Generated/Katalian Banking Production/Page_transfer/p_insufficientFunds&amp;quot;))</message>
  <nestedLevel>1</nestedLevel>
  <escapedJava>false</escapedJava>
</record>
<record>
  <date>2026-01-06T15:28:29.385533Z</date>
  <millis>1767713309385</millis>
  <nanos>533000</nanos>
  <sequence>2182</sequence>
  <level>START</level>
  <class>com.kms.katalon.core.logging.XmlKeywordLogger</class>
  <method>startKeyword</method>
  <thread>1</thread>
  <message>Start action : enhancedClick(findTestObject(&amp;quot;AI-Generated/Katalian Banking Production/Page_transfer/button_cancel&amp;quot;))</message>
  <nestedLevel>1</nestedLevel>
  <escapedJava>false</escapedJava>
  <property name="startLine">58</property>
  <property name="stepIndex">10</property>
  <property name="description">Step 8: Click on button cancel -&gt; Navigate to page &apos;&apos;</property>
</record>
<record>
  <date>2026-01-06T15:28:29.409670Z</date>
  <millis>1767713309409</millis>
  <nanos>670000</nanos>
  <sequence>2194</sequence>
  <level>PASSED</level>
  <class>com.kms.katalon.core.logging.XmlKeywordLogger</class>
  <method>logMessage</method>
  <thread>1</thread>
  <message>Object: &amp;apos;Object Repository/AI-Generated/Katalian Banking Production/Page_transfer/button_cancel&amp;apos; is clicked on</message>
  <nestedLevel>1</nestedLevel>
  <escapedJava>false</escapedJava>
  <property name="testops-method-name">com.kms.katalon.core.webui.keyword.internal.WebUIKeywordMain.runKeywordUntilTimeout</property>
  <property name="testops-execution-stacktrace">com.kms.katalon.core.logging.KeywordLogger.logPassed(KeywordLogger.java:332)
com.kms.katalon.core.logging.KeywordLogger.logPassed(KeywordLogger.java:327)
com.kms.katalon.core.webui.keyword.builtin.EnhancedClickKeyword$_click_closure1$_closure5.doCall(EnhancedClickKeyword.groovy:88)
jdk.internal.reflect.GeneratedMethodAccessor47.invoke(Unknown Source)
java.base/jdk.internal.reflect.DelegatingMethodAccessorImpl.invoke(DelegatingMethodAccessorImpl.java:43)
jdk.proxy2/jdk.proxy2.$Proxy54.accept(Unknown Source)
com.kms.katalon.core.trymonad.Success.onSuccess(Try.java:263)
com.kms.katalon.core.webui.keyword.builtin.EnhancedClickKeyword$_click_closure1.doCall(EnhancedClickKeyword.groovy:71)
jdk.internal.reflect.GeneratedMethodAccessor45.invoke(Unknown Source)
java.base/jdk.internal.reflect.DelegatingMethodAccessorImpl.invoke(DelegatingMethodAccessorImpl.java:43)
jdk.proxy2/jdk.proxy2.$Proxy51.execute(Unknown Source)
com.kms.katalon.core.webui.model.SeleniumActionRetryController.performAction(SeleniumActionRetryController.java:96)
com.kms.katalon.core.webui.model.SeleniumActionRetryController.performAction(SeleniumActionRetryController.java:83)
com.kms.katalon.core.webui.keyword.internal.WebUIKeywordMain$_runKeywordUntilTimeout_closure1.doCall(WebUIKeywordMain.groovy:135)
com.kms.katalon.core.webui.keyword.internal.WebUIKeywordMain$_runKeywordUntilTimeout_closure1.call(WebUIKeywordMain.groovy)
com.kms.katalon.core.webui.keyword.internal.WebUIKeywordMain.runKeyword(WebUIKeywordMain.groovy:41)
com.kms.katalon.core.webui.keyword.internal.WebUIKeywordMain.runKeywordUntilTimeout(WebUIKeywordMain.groovy:133)
com.kms.katalon.core.webui.keyword.builtin.EnhancedClickKeyword.click(EnhancedClickKeyword.groovy:95)
com.kms.katalon.core.webui.keyword.builtin.EnhancedClickKeyword.execute(EnhancedClickKeyword.groovy:41)
com.kms.katalon.core.keyword.internal.KeywordExecutor.executeKeywordForPlatform(KeywordExecutor.groovy:90)
com.kms.katalon.core.webui.keyword.WebUiBuiltInKeywords.enhancedClick(WebUiBuiltInKeywords.groovy:747)
TC2-Handle Insufficient Funds During Transfer.run(TC2-Handle Insufficient Funds During Transfer:58)
</property>
</record>
<record>
  <date>2026-01-06T15:28:29.410357Z</date>
  <millis>1767713309410</millis>
  <nanos>357000</nanos>
  <sequence>2195</sequence>
  <level>END</level>
  <class>com.kms.katalon.core.logging.XmlKeywordLogger</class>
  <method>endKeyword</method>
  <thread>1</thread>
  <message>End action : enhancedClick(findTestObject(&amp;quot;AI-Generated/Katalian Banking Production/Page_transfer/button_cancel&amp;quot;))</message>
  <nestedLevel>1</nestedLevel>
  <escapedJava>false</escapedJava>
</record>
<record>
  <date>2026-01-06T15:28:29.410416Z</date>
  <millis>1767713309410</millis>
  <nanos>416000</nanos>
  <sequence>2196</sequence>
  <level>START</level>
  <class>com.kms.katalon.core.logging.XmlKeywordLogger</class>
  <method>startKeyword</method>
  <thread>1</thread>
  <message>Start action : takeFullPageScreenshotAsCheckpoint(&amp;quot;TC2-Handle Insufficient Funds During Transfer_visual_checkpoint&amp;quot;)</message>
  <nestedLevel>1</nestedLevel>
  <escapedJava>false</escapedJava>
  <property name="startLine">64</property>
  <property name="stepIndex">11</property>
  <property name="description">Step 9: Take full page screenshot as checkpoint</property>
</record>
<record>
  <date>2026-01-06T15:28:29.494166Z</date>
  <millis>1767713309494</millis>
  <nanos>166000</nanos>
  <sequence>2198</sequence>
  <level>INFO</level>
  <class>com.kms.katalon.core.logging.XmlKeywordLogger</class>
  <method>logMessage</method>
  <thread>1</thread>
  <message>0 hidden object(s)</message>
  <nestedLevel>1</nestedLevel>
  <escapedJava>false</escapedJava>
</record>
<record>
  <date>2026-01-06T15:28:29.518742Z</date>
  <millis>1767713309518</millis>
  <nanos>742000</nanos>
  <sequence>2199</sequence>
  <level>PASSED</level>
  <class>com.kms.katalon.core.logging.XmlKeywordLogger</class>
  <method>logMessage</method>
  <thread>1</thread>
  <message>Taking screenshot successfully</message>
  <nestedLevel>1</nestedLevel>
  <escapedJava>false</escapedJava>
  <property name="attachment">keyes/keyes-TC2-Handle Insufficient Funds During Transfer_visual_checkpoint.png</property>
  <property name="testops-method-name">com.kms.katalon.core.webui.keyword.builtin.TakeFullPageScreenshotKeyword.takeScreenshot</property>
  <property name="testops-execution-stacktrace"></property>
</record>
<record>
  <date>2026-01-06T15:28:29.518883Z</date>
  <millis>1767713309518</millis>
  <nanos>883000</nanos>
  <sequence>2200</sequence>
  <level>END</level>
  <class>com.kms.katalon.core.logging.XmlKeywordLogger</class>
  <method>endKeyword</method>
  <thread>1</thread>
  <message>End action : takeFullPageScreenshotAsCheckpoint(&amp;quot;TC2-Handle Insufficient Funds During Transfer_visual_checkpoint&amp;quot;)</message>
  <nestedLevel>1</nestedLevel>
  <escapedJava>false</escapedJava>
</record>
<record>
  <date>2026-01-06T15:28:29.518947Z</date>
  <millis>1767713309518</millis>
  <nanos>947000</nanos>
  <sequence>2202</sequence>
  <level>START</level>
  <class>com.kms.katalon.core.logging.XmlKeywordLogger</class>
  <method>startKeyword</method>
  <thread>1</thread>
  <message>Start tear down : teardown</message>
  <nestedLevel>1</nestedLevel>
  <escapedJava>false</escapedJava>
  <property name="stepIndex">1</property>
  <property name="isIgnoredIfFailed">true</property>
</record>
<record>
  <date>2026-01-06T15:28:29.519631Z</date>
  <millis>1767713309519</millis>
  <nanos>631000</nanos>
  <sequence>2203</sequence>
  <level>START</level>
  <class>com.kms.katalon.core.logging.XmlKeywordLogger</class>
  <method>startKeyword</method>
  <thread>1</thread>
  <message>Start action : closeBrowser()</message>
  <nestedLevel>1</nestedLevel>
  <escapedJava>false</escapedJava>
  <property name="startLine">70</property>
  <property name="stepIndex">1</property>
</record>
<record>
  <date>2026-01-06T15:28:29.604167Z</date>
  <millis>1767713309604</millis>
  <nanos>167000</nanos>
  <sequence>2206</sequence>
  <level>PASSED</level>
  <class>com.kms.katalon.core.logging.XmlKeywordLogger</class>
  <method>logMessage</method>
  <thread>1</thread>
  <message>Browser is closed</message>
  <nestedLevel>1</nestedLevel>
  <escapedJava>false</escapedJava>
</record>
<record>
  <date>2026-01-06T15:28:29.604271Z</date>
  <millis>1767713309604</millis>
  <nanos>271000</nanos>
  <sequence>2207</sequence>
  <level>END</level>
  <class>com.kms.katalon.core.logging.XmlKeywordLogger</class>
  <method>endKeyword</method>
  <thread>1</thread>
  <message>End action : closeBrowser()</message>
  <nestedLevel>1</nestedLevel>
  <escapedJava>false</escapedJava>
</record>
<record>
  <date>2026-01-06T15:28:29.604317Z</date>
  <millis>1767713309604</millis>
  <nanos>317000</nanos>
  <sequence>2208</sequence>
  <level>PASSED</level>
  <class>com.kms.katalon.core.logging.XmlKeywordLogger</class>
  <method>logMessage</method>
  <thread>1</thread>
  <message>Method &amp;apos;teardown&amp;apos; complete successfully</message>
  <nestedLevel>1</nestedLevel>
  <escapedJava>false</escapedJava>
</record>
<record>
  <date>2026-01-06T15:28:29.604351Z</date>
  <millis>1767713309604</millis>
  <nanos>351000</nanos>
  <sequence>2209</sequence>
  <level>END</level>
  <class>com.kms.katalon.core.logging.XmlKeywordLogger</class>
  <method>endKeyword</method>
  <thread>1</thread>
  <message>End tear down : teardown</message>
  <nestedLevel>1</nestedLevel>
  <escapedJava>false</escapedJava>
</record>
<record>
  <date>2026-01-06T15:28:29.604379Z</date>
  <millis>1767713309604</millis>
  <nanos>379000</nanos>
  <sequence>2210</sequence>
  <level>PASSED</level>
  <class>com.kms.katalon.core.logging.XmlKeywordLogger</class>
  <method>logMessage</method>
  <thread>1</thread>
  <message>Test Cases/AI-Generated/Katalian Banking Production/TC2-Handle Insufficient Funds During Transfer</message>
  <nestedLevel>1</nestedLevel>
  <escapedJava>false</escapedJava>
</record>
<record>
  <date>2026-01-06T15:28:29.604453Z</date>
  <millis>1767713309604</millis>
  <nanos>453000</nanos>
  <sequence>2211</sequence>
  <level>START</level>
  <class>com.kms.katalon.core.logging.XmlKeywordLogger</class>
  <method>startKeyword</method>
  <thread>1</thread>
  <message>Start listener action : autoUpdateJobStatus</message>
  <nestedLevel>1</nestedLevel>
  <escapedJava>false</escapedJava>
</record>
<record>
  <date>2026-01-06T15:28:29.604603Z</date>
  <millis>1767713309604</millis>
  <nanos>603000</nanos>
  <sequence>2213</sequence>
  <level>INFO</level>
  <class>com.kms.katalon.core.logging.XmlKeywordLogger</class>
  <method>logMessage</method>
  <thread>1</thread>
  <message>[SAUCELABS] Current run configuration: Chrome</message>
  <nestedLevel>1</nestedLevel>
  <escapedJava>false</escapedJava>
</record>
<record>
  <date>2026-01-06T15:28:29.604634Z</date>
  <millis>1767713309604</millis>
  <nanos>634000</nanos>
  <sequence>2215</sequence>
  <level>END</level>
  <class>com.kms.katalon.core.logging.XmlKeywordLogger</class>
  <method>endKeyword</method>
  <thread>1</thread>
  <message>End listener action : autoUpdateJobStatus</message>
  <nestedLevel>1</nestedLevel>
  <escapedJava>false</escapedJava>
</record>
<record>
  <date>2026-01-06T15:28:29.604808Z</date>
  <millis>1767713309604</millis>
  <nanos>808000</nanos>
  <sequence>2216</sequence>
  <level>END</level>
  <class>com.kms.katalon.core.logging.XmlKeywordLogger</class>
  <method>endTest</method>
  <thread>1</thread>
  <message>End Test Case : Test Cases/AI-Generated/Katalian Banking Production/TC2-Handle Insufficient Funds During Transfer</message>
  <nestedLevel>0</nestedLevel>
  <escapedJava>false</escapedJava>
  <property name="executionBindingVariables">[
  {
    &quot;value&quot;: &quot;1000000&quot;,
    &quot;isDefault&quot;: true,
    &quot;name&quot;: &quot;input_amount&quot;,
    &quot;masked&quot;: false
  }
]</property>
  <property name="applitools">false</property>
  <property name="remainingRetryCount">3</property>
  <property name="executedKeywords">{
  &quot;WebUI.navigateToUrl&quot;: 1,
  &quot;BuiltIn.callTestCase&quot;: 1,
  &quot;WebUI.openBrowser&quot;: 1,
  &quot;BuiltIn.delay&quot;: 1,
  &quot;WebUI.verifyElementPresent&quot;: 1,
  &quot;WebUI.closeBrowser&quot;: 1,
  &quot;WebUI.setEncryptedText&quot;: 1,
  &quot;WebUI.click&quot;: 1,
  &quot;WebUI.setViewPortSize&quot;: 1,
  &quot;WebUI.enhancedClick&quot;: 5,
  &quot;WebUI.takeFullPageScreenshot&quot;: 1,
  &quot;WebUI.setText&quot;: 2
}</property>
  <property name="currentRetryCount">0</property>
  <property name="keywordsUsage">{
  &quot;web_ui&quot;: true,
  &quot;web_service&quot;: false,
  &quot;cucumber&quot;: false,
  &quot;builtin&quot;: true,
  &quot;mobile&quot;: false,
  &quot;windows&quot;: false,
  &quot;testng&quot;: false
}</property>
</record>
<record>
  <date>2026-01-06T15:28:29.605865Z</date>
  <millis>1767713309605</millis>
  <nanos>865000</nanos>
  <sequence>2217</sequence>
  <level>START</level>
  <class>com.kms.katalon.core.logging.XmlKeywordLogger</class>
  <method>startTest</method>
  <thread>1</thread>
  <message>Start Test Case : Test Cases/AI-Generated/Katalian Banking Production/TC6-Submit Application and Logout from Dashboard</message>
  <nestedLevel>1</nestedLevel>
  <escapedJava>false</escapedJava>
  <property name="remainingRetryCount">3</property>
  <property name="origin">TRUETEST</property>
  <property name="name">Test Cases/AI-Generated/Katalian Banking Production/TC6-Submit Application and Logout from Dashboard</property>
  <property name="description">Login, apply for a service, fill in personal details, submit the application, return to the dashboard, and logout. Verify the home page.</property>
  <property name="iteration"></property>
  <property name="id">Test Cases/AI-Generated/Katalian Banking Production/TC6-Submit Application and Logout from Dashboard</property>
  <property name="source">\Users\gia\Downloads\Katalian_Banking_2.0-main\Test Cases\AI-Generated\Katalian Banking Production\TC6-Submit Application and Logout from Dashboard.tc</property>
  <property name="tag"></property>
  <property name="isOptional">false</property>
  <property name="currentRetryCount">0</property>
</record>
<record>
  <date>2026-01-06T15:28:29.614514Z</date>
  <millis>1767713309614</millis>
  <nanos>514000</nanos>
  <sequence>2219</sequence>
  <level>INFO</level>
  <class>com.kms.katalon.core.logging.XmlKeywordLogger</class>
  <method>logMessage</method>
  <thread>1</thread>
  <message>(Default) button_applyNow_divInternalHasText_1 = Apply for a Credit CardApply Now</message>
  <nestedLevel>1</nestedLevel>
  <escapedJava>false</escapedJava>
</record>
<record>
  <date>2026-01-06T15:28:29.617077Z</date>
  <millis>1767713309617</millis>
  <nanos>77000</nanos>
  <sequence>2220</sequence>
  <level>INFO</level>
  <class>com.kms.katalon.core.logging.XmlKeywordLogger</class>
  <method>logMessage</method>
  <thread>1</thread>
  <message>(Default) input_addressLine = 868 Main Street</message>
  <nestedLevel>1</nestedLevel>
  <escapedJava>false</escapedJava>
</record>
<record>
  <date>2026-01-06T15:28:29.620020Z</date>
  <millis>1767713309620</millis>
  <nanos>20000</nanos>
  <sequence>2221</sequence>
  <level>INFO</level>
  <class>com.kms.katalon.core.logging.XmlKeywordLogger</class>
  <method>logMessage</method>
  <thread>1</thread>
  <message>(Default) input_city = Denver</message>
  <nestedLevel>1</nestedLevel>
  <escapedJava>false</escapedJava>
</record>
<record>
  <date>2026-01-06T15:28:29.622759Z</date>
  <millis>1767713309622</millis>
  <nanos>759000</nanos>
  <sequence>2222</sequence>
  <level>INFO</level>
  <class>com.kms.katalon.core.logging.XmlKeywordLogger</class>
  <method>logMessage</method>
  <thread>1</thread>
  <message>(Default) input_dateOfBirth = 12/11/1990</message>
  <nestedLevel>1</nestedLevel>
  <escapedJava>false</escapedJava>
</record>
<record>
  <date>2026-01-06T15:28:29.625080Z</date>
  <millis>1767713309625</millis>
  <nanos>80000</nanos>
  <sequence>2223</sequence>
  <level>INFO</level>
  <class>com.kms.katalon.core.logging.XmlKeywordLogger</class>
  <method>logMessage</method>
  <thread>1</thread>
  <message>(Default) input_firstName = Joe</message>
  <nestedLevel>1</nestedLevel>
  <escapedJava>false</escapedJava>
</record>
<record>
  <date>2026-01-06T15:28:29.627473Z</date>
  <millis>1767713309627</millis>
  <nanos>473000</nanos>
  <sequence>2224</sequence>
  <level>INFO</level>
  <class>com.kms.katalon.core.logging.XmlKeywordLogger</class>
  <method>logMessage</method>
  <thread>1</thread>
  <message>(Default) input_lastName = Oblio</message>
  <nestedLevel>1</nestedLevel>
  <escapedJava>false</escapedJava>
</record>
<record>
  <date>2026-01-06T15:28:29.630045Z</date>
  <millis>1767713309630</millis>
  <nanos>45000</nanos>
  <sequence>2225</sequence>
  <level>INFO</level>
  <class>com.kms.katalon.core.logging.XmlKeywordLogger</class>
  <method>logMessage</method>
  <thread>1</thread>
  <message>(Default) input_zipCode = 34566</message>
  <nestedLevel>1</nestedLevel>
  <escapedJava>false</escapedJava>
</record>
<record>
  <date>2026-01-06T15:28:29.632257Z</date>
  <millis>1767713309632</millis>
  <nanos>257000</nanos>
  <sequence>2226</sequence>
  <level>INFO</level>
  <class>com.kms.katalon.core.logging.XmlKeywordLogger</class>
  <method>logMessage</method>
  <thread>1</thread>
  <message>(Default) select_state = Colorado</message>
  <nestedLevel>1</nestedLevel>
  <escapedJava>false</escapedJava>
</record>
<record>
  <date>2026-01-06T15:28:29.632363Z</date>
  <millis>1767713309632</millis>
  <nanos>363000</nanos>
  <sequence>2227</sequence>
  <level>START</level>
  <class>com.kms.katalon.core.logging.XmlKeywordLogger</class>
  <method>startKeyword</method>
  <thread>1</thread>
  <message>Start listener action : enableSauceLabs</message>
  <nestedLevel>1</nestedLevel>
  <escapedJava>false</escapedJava>
</record>
<record>
  <date>2026-01-06T15:28:29.632467Z</date>
  <millis>1767713309632</millis>
  <nanos>467000</nanos>
  <sequence>2229</sequence>
  <level>INFO</level>
  <class>com.kms.katalon.core.logging.XmlKeywordLogger</class>
  <method>logMessage</method>
  <thread>1</thread>
  <message>[SAUCELABS] Current run configuration: Chrome</message>
  <nestedLevel>1</nestedLevel>
  <escapedJava>false</escapedJava>
</record>
<record>
  <date>2026-01-06T15:28:29.632526Z</date>
  <millis>1767713309632</millis>
  <nanos>526000</nanos>
  <sequence>2230</sequence>
  <level>INFO</level>
  <class>com.kms.katalon.core.logging.XmlKeywordLogger</class>
  <method>logMessage</method>
  <thread>1</thread>
  <message>[SAUCELABS] Saucelabs Plugin will not attempt to auto update job status and information !</message>
  <nestedLevel>1</nestedLevel>
  <escapedJava>false</escapedJava>
</record>
<record>
  <date>2026-01-06T15:28:29.632558Z</date>
  <millis>1767713309632</millis>
  <nanos>558000</nanos>
  <sequence>2232</sequence>
  <level>END</level>
  <class>com.kms.katalon.core.logging.XmlKeywordLogger</class>
  <method>endKeyword</method>
  <thread>1</thread>
  <message>End listener action : enableSauceLabs</message>
  <nestedLevel>1</nestedLevel>
  <escapedJava>false</escapedJava>
</record>
<record>
  <date>2026-01-06T15:28:29.632613Z</date>
  <millis>1767713309632</millis>
  <nanos>613000</nanos>
  <sequence>2234</sequence>
  <level>START</level>
  <class>com.kms.katalon.core.logging.XmlKeywordLogger</class>
  <method>startKeyword</method>
  <thread>1</thread>
  <message>Start setup action : setup</message>
  <nestedLevel>1</nestedLevel>
  <escapedJava>false</escapedJava>
  <property name="stepIndex">1</property>
</record>
<record>
  <date>2026-01-06T15:28:29.654873Z</date>
  <millis>1767713309654</millis>
  <nanos>873000</nanos>
  <sequence>2235</sequence>
  <level>START</level>
  <class>com.kms.katalon.core.logging.XmlKeywordLogger</class>
  <method>startKeyword</method>
  <thread>1</thread>
  <message>Start action : openBrowser(&amp;quot;&amp;quot;)</message>
  <nestedLevel>1</nestedLevel>
  <escapedJava>false</escapedJava>
  <property name="startLine">13</property>
  <property name="stepIndex">1</property>
</record>
<record>
  <date>2026-01-06T15:28:29.656072Z</date>
  <millis>1767713309656</millis>
  <nanos>72000</nanos>
  <sequence>2238</sequence>
  <level>INFO</level>
  <class>com.kms.katalon.core.logging.XmlKeywordLogger</class>
  <method>logMessage</method>
  <thread>1</thread>
  <message>Starting &amp;apos;Chrome&amp;apos; driver</message>
  <nestedLevel>1</nestedLevel>
  <escapedJava>false</escapedJava>
</record>
<record>
  <date>2026-01-06T15:28:29.656433Z</date>
  <millis>1767713309656</millis>
  <nanos>433000</nanos>
  <sequence>2239</sequence>
  <level>INFO</level>
  <class>com.kms.katalon.core.logging.XmlKeywordLogger</class>
  <method>logMessage</method>
  <thread>1</thread>
  <message>Action delay is set to 0 milliseconds</message>
  <nestedLevel>1</nestedLevel>
  <escapedJava>false</escapedJava>
</record>
<record>
  <date>2026-01-06T15:28:30.738461Z</date>
  <millis>1767713310738</millis>
  <nanos>461000</nanos>
  <sequence>2242</sequence>
  <level>RUN_DATA</level>
  <class>com.kms.katalon.core.logging.XmlKeywordLogger</class>
  <method>logMessage</method>
  <thread>1</thread>
  <message>sessionId = aa2c5469785e2a8f66c684dd8907215b</message>
  <nestedLevel>1</nestedLevel>
  <escapedJava>false</escapedJava>
  <property name="sessionId">aa2c5469785e2a8f66c684dd8907215b</property>
</record>
<record>
  <date>2026-01-06T15:28:30.738618Z</date>
  <millis>1767713310738</millis>
  <nanos>618000</nanos>
  <sequence>2243</sequence>
  <level>RUN_DATA</level>
  <class>com.kms.katalon.core.logging.XmlKeywordLogger</class>
  <method>logMessage</method>
  <thread>1</thread>
  <message>browser = Chrome 143.0.7499.147</message>
  <nestedLevel>1</nestedLevel>
  <escapedJava>false</escapedJava>
  <property name="browser">Chrome 143.0.7499.147</property>
</record>
<record>
  <date>2026-01-06T15:28:30.738656Z</date>
  <millis>1767713310738</millis>
  <nanos>656000</nanos>
  <sequence>2244</sequence>
  <level>RUN_DATA</level>
  <class>com.kms.katalon.core.logging.XmlKeywordLogger</class>
  <method>logMessage</method>
  <thread>1</thread>
  <message>platform = Mac OS X</message>
  <nestedLevel>1</nestedLevel>
  <escapedJava>false</escapedJava>
  <property name="platform">Mac OS X</property>
</record>
<record>
  <date>2026-01-06T15:28:30.738684Z</date>
  <millis>1767713310738</millis>
  <nanos>684000</nanos>
  <sequence>2245</sequence>
  <level>RUN_DATA</level>
  <class>com.kms.katalon.core.logging.XmlKeywordLogger</class>
  <method>logMessage</method>
  <thread>1</thread>
  <message>seleniumVersion = 4.34.0</message>
  <nestedLevel>1</nestedLevel>
  <escapedJava>false</escapedJava>
  <property name="seleniumVersion">4.34.0</property>
</record>
<record>
  <date>2026-01-06T15:28:30.738787Z</date>
  <millis>1767713310738</millis>
  <nanos>787000</nanos>
  <sequence>2246</sequence>
  <level>RUN_DATA</level>
  <class>com.kms.katalon.core.logging.XmlKeywordLogger</class>
  <method>logMessage</method>
  <thread>1</thread>
  <message>proxyInformation = ProxyInformation { proxyOption=NO_PROXY, proxyServerType=HTTP, username=, password=********, proxyServerAddress=, proxyServerPort=0, executionList=&amp;quot;&amp;quot;, isApplyToDesiredCapabilities=true }</message>
  <nestedLevel>1</nestedLevel>
  <escapedJava>false</escapedJava>
  <property name="proxyInformation">ProxyInformation { proxyOption=NO_PROXY, proxyServerType=HTTP, username=, password=********, proxyServerAddress=, proxyServerPort=0, executionList=&quot;&quot;, isApplyToDesiredCapabilities=true }</property>
</record>
<record>
  <date>2026-01-06T15:28:30.742855Z</date>
  <millis>1767713310742</millis>
  <nanos>855000</nanos>
  <sequence>2247</sequence>
  <level>PASSED</level>
  <class>com.kms.katalon.core.logging.XmlKeywordLogger</class>
  <method>logMessage</method>
  <thread>1</thread>
  <message>Browser is opened with url: &amp;apos;&amp;apos;</message>
  <nestedLevel>1</nestedLevel>
  <escapedJava>false</escapedJava>
  <property name="testops-method-name">com.kms.katalon.core.webui.keyword.builtin.OpenBrowserKeyword.openBrowser</property>
  <property name="testops-execution-stacktrace"></property>
</record>
<record>
  <date>2026-01-06T15:28:30.743330Z</date>
  <millis>1767713310743</millis>
  <nanos>330000</nanos>
  <sequence>2248</sequence>
  <level>END</level>
  <class>com.kms.katalon.core.logging.XmlKeywordLogger</class>
  <method>endKeyword</method>
  <thread>1</thread>
  <message>End action : openBrowser(&amp;quot;&amp;quot;)</message>
  <nestedLevel>1</nestedLevel>
  <escapedJava>false</escapedJava>
</record>
<record>
  <date>2026-01-06T15:28:30.743423Z</date>
  <millis>1767713310743</millis>
  <nanos>423000</nanos>
  <sequence>2249</sequence>
  <level>START</level>
  <class>com.kms.katalon.core.logging.XmlKeywordLogger</class>
  <method>startKeyword</method>
  <thread>1</thread>
  <message>Start action : setViewPortSize(1512, 823)</message>
  <nestedLevel>1</nestedLevel>
  <escapedJava>false</escapedJava>
  <property name="startLine">14</property>
  <property name="stepIndex">2</property>
</record>
<record>
  <date>2026-01-06T15:28:30.773074Z</date>
  <millis>1767713310773</millis>
  <nanos>74000</nanos>
  <sequence>2253</sequence>
  <level>PASSED</level>
  <class>com.kms.katalon.core.logging.XmlKeywordLogger</class>
  <method>logMessage</method>
  <thread>1</thread>
  <message>Viewport is set to new size with width = 1512 and height = 823</message>
  <nestedLevel>1</nestedLevel>
  <escapedJava>false</escapedJava>
  <property name="testops-method-name">com.kms.katalon.core.webui.keyword.builtin.SetViewPortSizeKeyword.setViewPortSize</property>
  <property name="testops-execution-stacktrace"></property>
</record>
<record>
  <date>2026-01-06T15:28:30.773198Z</date>
  <millis>1767713310773</millis>
  <nanos>198000</nanos>
  <sequence>2254</sequence>
  <level>END</level>
  <class>com.kms.katalon.core.logging.XmlKeywordLogger</class>
  <method>endKeyword</method>
  <thread>1</thread>
  <message>End action : setViewPortSize(1512, 823)</message>
  <nestedLevel>1</nestedLevel>
  <escapedJava>false</escapedJava>
</record>
<record>
  <date>2026-01-06T15:28:30.773287Z</date>
  <millis>1767713310773</millis>
  <nanos>287000</nanos>
  <sequence>2256</sequence>
  <level>PASSED</level>
  <class>com.kms.katalon.core.logging.XmlKeywordLogger</class>
  <method>logMessage</method>
  <thread>1</thread>
  <message>Method &amp;apos;setup&amp;apos; complete successfully</message>
  <nestedLevel>1</nestedLevel>
  <escapedJava>false</escapedJava>
  <property name="testops-execution-stacktrace">com.kms.katalon.core.logging.KeywordLogger.logPassed(KeywordLogger.java:332)
com.kms.katalon.core.logging.KeywordLogger.logPassed(KeywordLogger.java:346)
com.kms.katalon.core.main.TestCaseExecutor.runMethod(TestCaseExecutor.java:639)
com.kms.katalon.core.main.TestCaseExecutor.internallyRunMethods(TestCaseExecutor.java:622)
com.kms.katalon.core.main.TestCaseExecutor.processSetupPhase(TestCaseExecutor.java:234)
com.kms.katalon.core.main.TestCaseExecutor.accessMainPhase(TestCaseExecutor.java:448)
com.kms.katalon.core.main.TestCaseExecutor.execute(TestCaseExecutor.java:322)
com.kms.katalon.core.common.CommonExecutor.accessTestCaseMainPhase(CommonExecutor.java:71)
com.kms.katalon.core.main.TestSuiteExecutor.accessTestSuiteMainPhase(TestSuiteExecutor.java:153)
com.kms.katalon.core.main.TestSuiteExecutor.execute(TestSuiteExecutor.java:110)
com.kms.katalon.core.main.TestCaseMain.startTestSuite(TestCaseMain.java:205)
TempTestSuite1767713198027.run(TempTestSuite1767713198027.groovy:35)
java.base/jdk.internal.reflect.NativeMethodAccessorImpl.invoke0(Native Method)
java.base/jdk.internal.reflect.NativeMethodAccessorImpl.invoke(NativeMethodAccessorImpl.java:77)
java.base/jdk.internal.reflect.DelegatingMethodAccessorImpl.invoke(DelegatingMethodAccessorImpl.java:43)
</property>
</record>
<record>
  <date>2026-01-06T15:28:30.773343Z</date>
  <millis>1767713310773</millis>
  <nanos>343000</nanos>
  <sequence>2257</sequence>
  <level>END</level>
  <class>com.kms.katalon.core.logging.XmlKeywordLogger</class>
  <method>endKeyword</method>
  <thread>1</thread>
  <message>End setup action : setup</message>
  <nestedLevel>1</nestedLevel>
  <escapedJava>false</escapedJava>
</record>
<record>
  <date>2026-01-06T15:28:30.773993Z</date>
  <millis>1767713310773</millis>
  <nanos>993000</nanos>
  <sequence>2258</sequence>
  <level>START</level>
  <class>com.kms.katalon.core.logging.XmlKeywordLogger</class>
  <method>startKeyword</method>
  <thread>1</thread>
  <message>Start action : reportLocation = getReportFolder()</message>
  <nestedLevel>1</nestedLevel>
  <escapedJava>false</escapedJava>
  <property name="startLine">7</property>
  <property name="stepIndex">1</property>
</record>
<record>
  <date>2026-01-06T15:28:30.774176Z</date>
  <millis>1767713310774</millis>
  <nanos>176000</nanos>
  <sequence>2259</sequence>
  <level>END</level>
  <class>com.kms.katalon.core.logging.XmlKeywordLogger</class>
  <method>endKeyword</method>
  <thread>1</thread>
  <message>End action : reportLocation = getReportFolder()</message>
  <nestedLevel>1</nestedLevel>
  <escapedJava>false</escapedJava>
</record>
<record>
  <date>2026-01-06T15:28:30.774196Z</date>
  <millis>1767713310774</millis>
  <nanos>196000</nanos>
  <sequence>2260</sequence>
  <level>START</level>
  <class>com.kms.katalon.core.logging.XmlKeywordLogger</class>
  <method>startKeyword</method>
  <thread>1</thread>
  <message>Start action : &amp;quot;Initialize test session: Open browser and set view port&amp;quot;</message>
  <nestedLevel>1</nestedLevel>
  <escapedJava>false</escapedJava>
  <property name="startLine">9</property>
  <property name="stepIndex">2</property>
</record>
<record>
  <date>2026-01-06T15:28:30.774325Z</date>
  <millis>1767713310774</millis>
  <nanos>325000</nanos>
  <sequence>2261</sequence>
  <level>END</level>
  <class>com.kms.katalon.core.logging.XmlKeywordLogger</class>
  <method>endKeyword</method>
  <thread>1</thread>
  <message>End action : &amp;quot;Initialize test session: Open browser and set view port&amp;quot;</message>
  <nestedLevel>1</nestedLevel>
  <escapedJava>false</escapedJava>
</record>
<record>
  <date>2026-01-06T15:28:30.774343Z</date>
  <millis>1767713310774</millis>
  <nanos>343000</nanos>
  <sequence>2262</sequence>
  <level>START</level>
  <class>com.kms.katalon.core.logging.XmlKeywordLogger</class>
  <method>startKeyword</method>
  <thread>1</thread>
  <message>Start action : TrueTestScripts.navigate(&amp;quot;&amp;quot;)</message>
  <nestedLevel>1</nestedLevel>
  <escapedJava>false</escapedJava>
  <property name="startLine">20</property>
  <property name="stepIndex">3</property>
  <property name="description">Step 1: Navigate to /login</property>
</record>
<record>
  <date>2026-01-06T15:28:31.155275Z</date>
  <millis>1767713311155</millis>
  <nanos>275000</nanos>
  <sequence>2266</sequence>
  <level>PASSED</level>
  <class>com.kms.katalon.core.logging.XmlKeywordLogger</class>
  <method>logMessage</method>
  <thread>1</thread>
  <message>Navigate to &amp;apos;https://katalian-banking.vercel.app/&amp;apos; successfully</message>
  <nestedLevel>1</nestedLevel>
  <escapedJava>false</escapedJava>
  <property name="testops-method-name">com.kms.katalon.core.webui.keyword.builtin.NavigateToUrlKeyword.navigateToUrl</property>
  <property name="testops-execution-stacktrace"></property>
</record>
<record>
  <date>2026-01-06T15:28:34.161487Z</date>
  <millis>1767713314161</millis>
  <nanos>487000</nanos>
  <sequence>2269</sequence>
  <level>PASSED</level>
  <class>com.kms.katalon.core.logging.XmlKeywordLogger</class>
  <method>logMessage</method>
  <thread>1</thread>
  <message>Delayed 3 second(s)</message>
  <nestedLevel>1</nestedLevel>
  <escapedJava>false</escapedJava>
  <property name="testops-method-name">com.kms.katalon.core.keyword.builtin.DelayKeyword.delay</property>
  <property name="testops-execution-stacktrace"></property>
</record>
<record>
  <date>2026-01-06T15:28:34.162015Z</date>
  <millis>1767713314162</millis>
  <nanos>15000</nanos>
  <sequence>2270</sequence>
  <level>END</level>
  <class>com.kms.katalon.core.logging.XmlKeywordLogger</class>
  <method>endKeyword</method>
  <thread>1</thread>
  <message>End action : TrueTestScripts.navigate(&amp;quot;&amp;quot;)</message>
  <nestedLevel>1</nestedLevel>
  <escapedJava>false</escapedJava>
</record>
<record>
  <date>2026-01-06T15:28:34.162076Z</date>
  <millis>1767713314162</millis>
  <nanos>76000</nanos>
  <sequence>2271</sequence>
  <level>START</level>
  <class>com.kms.katalon.core.logging.XmlKeywordLogger</class>
  <method>startKeyword</method>
  <thread>1</thread>
  <message>Start action : TrueTestScripts.login()</message>
  <nestedLevel>1</nestedLevel>
  <escapedJava>false</escapedJava>
  <property name="startLine">24</property>
  <property name="stepIndex">4</property>
  <property name="description">Step 2: Login into Application</property>
</record>
<record>
  <date>2026-01-06T15:28:34.219178Z</date>
  <millis>1767713314219</millis>
  <nanos>178000</nanos>
  <sequence>2275</sequence>
  <level>START</level>
  <class>com.kms.katalon.core.logging.XmlKeywordLogger</class>
  <method>startTest</method>
  <thread>1</thread>
  <message>Start Test Case : Test Cases/Login</message>
  <nestedLevel>2</nestedLevel>
  <escapedJava>false</escapedJava>
  <property name="origin"></property>
  <property name="name">Test Cases/Login</property>
  <property name="description"></property>
  <property name="iteration"></property>
  <property name="id">Test Cases/Login</property>
  <property name="source">\Users\gia\Downloads\Katalian_Banking_2.0-main\Test Cases\Login.tc</property>
  <property name="tag"></property>
  <property name="isOptional">false</property>
</record>
<record>
  <date>2026-01-06T15:28:34.222169Z</date>
  <millis>1767713314222</millis>
  <nanos>169000</nanos>
  <sequence>2277</sequence>
  <level>START</level>
  <class>com.kms.katalon.core.logging.XmlKeywordLogger</class>
  <method>startKeyword</method>
  <thread>1</thread>
  <message>Start action : setText(findTestObject(&amp;quot;Object Repository/Page_Katalian Bank/input_Username_username&amp;quot;), &amp;quot;bankinguser123&amp;quot;)</message>
  <nestedLevel>1</nestedLevel>
  <escapedJava>false</escapedJava>
  <property name="startLine">20</property>
  <property name="stepIndex">1</property>
</record>
<record>
  <date>2026-01-06T15:28:34.747520Z</date>
  <millis>1767713314747</millis>
  <nanos>520000</nanos>
  <sequence>2291</sequence>
  <level>PASSED</level>
  <class>com.kms.katalon.core.logging.XmlKeywordLogger</class>
  <method>logMessage</method>
  <thread>1</thread>
  <message>Text &amp;apos;bankinguser123&amp;apos; is set on object &amp;apos;Object Repository/Page_Katalian Bank/input_Username_username&amp;apos;</message>
  <nestedLevel>2</nestedLevel>
  <escapedJava>false</escapedJava>
  <property name="testops-method-name">com.kms.katalon.core.webui.keyword.internal.WebUIKeywordMain.runKeywordUntilTimeout</property>
  <property name="testops-execution-stacktrace">com.kms.katalon.core.logging.KeywordLogger.logPassed(KeywordLogger.java:332)
com.kms.katalon.core.logging.KeywordLogger.logPassed(KeywordLogger.java:327)
com.kms.katalon.core.webui.keyword.builtin.SetTextKeyword$_setText_closure1.doCall(SetTextKeyword.groovy:99)
jdk.internal.reflect.GeneratedMethodAccessor62.invoke(Unknown Source)
java.base/jdk.internal.reflect.DelegatingMethodAccessorImpl.invoke(DelegatingMethodAccessorImpl.java:43)
jdk.proxy2/jdk.proxy2.$Proxy51.execute(Unknown Source)
com.kms.katalon.core.webui.model.SeleniumActionRetryController.performAction(SeleniumActionRetryController.java:96)
com.kms.katalon.core.webui.model.SeleniumActionRetryController.performAction(SeleniumActionRetryController.java:83)
com.kms.katalon.core.webui.keyword.internal.WebUIKeywordMain$_runKeywordUntilTimeout_closure1.doCall(WebUIKeywordMain.groovy:135)
com.kms.katalon.core.webui.keyword.internal.WebUIKeywordMain$_runKeywordUntilTimeout_closure1.call(WebUIKeywordMain.groovy)
com.kms.katalon.core.webui.keyword.internal.WebUIKeywordMain.runKeyword(WebUIKeywordMain.groovy:41)
com.kms.katalon.core.webui.keyword.internal.WebUIKeywordMain.runKeywordUntilTimeout(WebUIKeywordMain.groovy:133)
com.kms.katalon.core.webui.keyword.builtin.SetTextKeyword.setText(SetTextKeyword.groovy:106)
com.kms.katalon.core.webui.keyword.builtin.SetTextKeyword.execute(SetTextKeyword.groovy:49)
com.kms.katalon.core.keyword.internal.KeywordExecutor.executeKeywordForPlatform(KeywordExecutor.groovy:90)
com.kms.katalon.core.webui.keyword.WebUiBuiltInKeywords.setText(WebUiBuiltInKeywords.groovy:1081)
Login.run(Login:20)
</property>
</record>
<record>
  <date>2026-01-06T15:28:34.747842Z</date>
  <millis>1767713314747</millis>
  <nanos>842000</nanos>
  <sequence>2292</sequence>
  <level>END</level>
  <class>com.kms.katalon.core.logging.XmlKeywordLogger</class>
  <method>endKeyword</method>
  <thread>1</thread>
  <message>End action : setText(findTestObject(&amp;quot;Object Repository/Page_Katalian Bank/input_Username_username&amp;quot;), &amp;quot;bankinguser123&amp;quot;)</message>
  <nestedLevel>1</nestedLevel>
  <escapedJava>false</escapedJava>
</record>
<record>
  <date>2026-01-06T15:28:34.747882Z</date>
  <millis>1767713314747</millis>
  <nanos>882000</nanos>
  <sequence>2293</sequence>
  <level>START</level>
  <class>com.kms.katalon.core.logging.XmlKeywordLogger</class>
  <method>startKeyword</method>
  <thread>1</thread>
  <message>Start action : setEncryptedText(findTestObject(&amp;quot;Object Repository/Page_Katalian Bank/input_Password_password&amp;quot;), &amp;quot;CS9RmWxFPRFoMJc95WUBEN4WG8mxfTJo&amp;quot;)</message>
  <nestedLevel>1</nestedLevel>
  <escapedJava>false</escapedJava>
  <property name="startLine">22</property>
  <property name="stepIndex">2</property>
</record>
<record>
  <date>2026-01-06T15:28:34.995947Z</date>
  <millis>1767713314995</millis>
  <nanos>947000</nanos>
  <sequence>2306</sequence>
  <level>PASSED</level>
  <class>com.kms.katalon.core.logging.XmlKeywordLogger</class>
  <method>logMessage</method>
  <thread>1</thread>
  <message>Text ****** has been set on object &amp;apos;Object Repository/Page_Katalian Bank/input_Password_password&amp;apos;</message>
  <nestedLevel>2</nestedLevel>
  <escapedJava>false</escapedJava>
  <property name="testops-method-name">com.kms.katalon.core.webui.keyword.internal.WebUIKeywordMain.runKeywordUntilTimeout</property>
  <property name="testops-execution-stacktrace">com.kms.katalon.core.logging.KeywordLogger.logPassed(KeywordLogger.java:332)
com.kms.katalon.core.logging.KeywordLogger.logPassed(KeywordLogger.java:327)
com.kms.katalon.core.webui.keyword.builtin.SetEncryptedTextKeyword$_setEncryptedText_closure1.doCall(SetEncryptedTextKeyword.groovy:82)
java.base/jdk.internal.reflect.NativeMethodAccessorImpl.invoke0(Native Method)
java.base/jdk.internal.reflect.NativeMethodAccessorImpl.invoke(NativeMethodAccessorImpl.java:77)
java.base/jdk.internal.reflect.DelegatingMethodAccessorImpl.invoke(DelegatingMethodAccessorImpl.java:43)
jdk.proxy2/jdk.proxy2.$Proxy51.execute(Unknown Source)
com.kms.katalon.core.webui.model.SeleniumActionRetryController.performAction(SeleniumActionRetryController.java:96)
com.kms.katalon.core.webui.model.SeleniumActionRetryController.performAction(SeleniumActionRetryController.java:83)
com.kms.katalon.core.webui.keyword.internal.WebUIKeywordMain$_runKeywordUntilTimeout_closure1.doCall(WebUIKeywordMain.groovy:135)
com.kms.katalon.core.webui.keyword.internal.WebUIKeywordMain$_runKeywordUntilTimeout_closure1.call(WebUIKeywordMain.groovy)
com.kms.katalon.core.webui.keyword.internal.WebUIKeywordMain.runKeyword(WebUIKeywordMain.groovy:41)
com.kms.katalon.core.webui.keyword.internal.WebUIKeywordMain.runKeywordUntilTimeout(WebUIKeywordMain.groovy:133)
com.kms.katalon.core.webui.keyword.builtin.SetEncryptedTextKeyword.setEncryptedText(SetEncryptedTextKeyword.groovy:88)
com.kms.katalon.core.webui.keyword.builtin.SetEncryptedTextKeyword.execute(SetEncryptedTextKeyword.groovy:48)
com.kms.katalon.core.keyword.internal.KeywordExecutor.executeKeywordForPlatform(KeywordExecutor.groovy:90)
com.kms.katalon.core.webui.keyword.WebUiBuiltInKeywords.setEncryptedText(WebUiBuiltInKeywords.groovy:1112)
Login.run(Login:22)
</property>
</record>
<record>
  <date>2026-01-06T15:28:34.996297Z</date>
  <millis>1767713314996</millis>
  <nanos>297000</nanos>
  <sequence>2307</sequence>
  <level>END</level>
  <class>com.kms.katalon.core.logging.XmlKeywordLogger</class>
  <method>endKeyword</method>
  <thread>1</thread>
  <message>End action : setEncryptedText(findTestObject(&amp;quot;Object Repository/Page_Katalian Bank/input_Password_password&amp;quot;), &amp;quot;CS9RmWxFPRFoMJc95WUBEN4WG8mxfTJo&amp;quot;)</message>
  <nestedLevel>1</nestedLevel>
  <escapedJava>false</escapedJava>
</record>
<record>
  <date>2026-01-06T15:28:34.996343Z</date>
  <millis>1767713314996</millis>
  <nanos>343000</nanos>
  <sequence>2308</sequence>
  <level>START</level>
  <class>com.kms.katalon.core.logging.XmlKeywordLogger</class>
  <method>startKeyword</method>
  <thread>1</thread>
  <message>Start action : click(findTestObject(&amp;quot;Object Repository/Page_Katalian Bank/button_Sign in&amp;quot;))</message>
  <nestedLevel>1</nestedLevel>
  <escapedJava>false</escapedJava>
  <property name="startLine">24</property>
  <property name="stepIndex">3</property>
</record>
<record>
  <date>2026-01-06T15:28:35.246225Z</date>
  <millis>1767713315246</millis>
  <nanos>225000</nanos>
  <sequence>2319</sequence>
  <level>PASSED</level>
  <class>com.kms.katalon.core.logging.XmlKeywordLogger</class>
  <method>logMessage</method>
  <thread>1</thread>
  <message>Object: &amp;apos;Object Repository/Page_Katalian Bank/button_Sign in&amp;apos; is clicked on</message>
  <nestedLevel>2</nestedLevel>
  <escapedJava>false</escapedJava>
  <property name="testops-method-name">com.kms.katalon.core.webui.keyword.internal.WebUIKeywordMain.runKeywordUntilTimeout</property>
  <property name="testops-execution-stacktrace">com.kms.katalon.core.logging.KeywordLogger.logPassed(KeywordLogger.java:332)
com.kms.katalon.core.logging.KeywordLogger.logPassed(KeywordLogger.java:327)
com.kms.katalon.core.webui.keyword.builtin.ClickKeyword$_click_closure1.doCall(ClickKeyword.groovy:66)
java.base/jdk.internal.reflect.NativeMethodAccessorImpl.invoke0(Native Method)
java.base/jdk.internal.reflect.NativeMethodAccessorImpl.invoke(NativeMethodAccessorImpl.java:77)
java.base/jdk.internal.reflect.DelegatingMethodAccessorImpl.invoke(DelegatingMethodAccessorImpl.java:43)
jdk.proxy2/jdk.proxy2.$Proxy51.execute(Unknown Source)
com.kms.katalon.core.webui.model.SeleniumActionRetryController.performAction(SeleniumActionRetryController.java:96)
com.kms.katalon.core.webui.model.SeleniumActionRetryController.performAction(SeleniumActionRetryController.java:83)
com.kms.katalon.core.webui.keyword.internal.WebUIKeywordMain$_runKeywordUntilTimeout_closure1.doCall(WebUIKeywordMain.groovy:135)
com.kms.katalon.core.webui.keyword.internal.WebUIKeywordMain$_runKeywordUntilTimeout_closure1.call(WebUIKeywordMain.groovy)
com.kms.katalon.core.webui.keyword.internal.WebUIKeywordMain.runKeyword(WebUIKeywordMain.groovy:41)
com.kms.katalon.core.webui.keyword.internal.WebUIKeywordMain.runKeywordUntilTimeout(WebUIKeywordMain.groovy:133)
com.kms.katalon.core.webui.keyword.builtin.ClickKeyword.click(ClickKeyword.groovy:72)
com.kms.katalon.core.webui.keyword.builtin.ClickKeyword.execute(ClickKeyword.groovy:38)
com.kms.katalon.core.keyword.internal.KeywordExecutor.executeKeywordForPlatform(KeywordExecutor.groovy:90)
com.kms.katalon.core.webui.keyword.WebUiBuiltInKeywords.click(WebUiBuiltInKeywords.groovy:721)
Login.run(Login:24)
</property>
</record>
<record>
  <date>2026-01-06T15:28:35.246900Z</date>
  <millis>1767713315246</millis>
  <nanos>900000</nanos>
  <sequence>2320</sequence>
  <level>END</level>
  <class>com.kms.katalon.core.logging.XmlKeywordLogger</class>
  <method>endKeyword</method>
  <thread>1</thread>
  <message>End action : click(findTestObject(&amp;quot;Object Repository/Page_Katalian Bank/button_Sign in&amp;quot;))</message>
  <nestedLevel>1</nestedLevel>
  <escapedJava>false</escapedJava>
</record>
<record>
  <date>2026-01-06T15:28:35.247068Z</date>
  <millis>1767713315247</millis>
  <nanos>68000</nanos>
  <sequence>2321</sequence>
  <level>START</level>
  <class>com.kms.katalon.core.logging.XmlKeywordLogger</class>
  <method>startKeyword</method>
  <thread>1</thread>
  <message>Start action : verifyElementPresent(findTestObject(&amp;quot;Object Repository/Page_Katalian Bank/h1_Katalian Bank&amp;quot;), 0)</message>
  <nestedLevel>1</nestedLevel>
  <escapedJava>false</escapedJava>
  <property name="startLine">26</property>
  <property name="stepIndex">4</property>
</record>
<record>
  <date>2026-01-06T15:28:35.252973Z</date>
  <millis>1767713315252</millis>
  <nanos>973000</nanos>
  <sequence>2326</sequence>
  <level>WARNING</level>
  <class>com.kms.katalon.core.logging.XmlKeywordLogger</class>
  <method>logMessage</method>
  <thread>1</thread>
  <message>Timeout &amp;apos;0&amp;apos; is invalid. Using default page load timeout: &amp;apos;10&amp;apos;</message>
  <nestedLevel>2</nestedLevel>
  <escapedJava>false</escapedJava>
</record>
<record>
  <date>2026-01-06T15:28:35.668835Z</date>
  <millis>1767713315668</millis>
  <nanos>835000</nanos>
  <sequence>2329</sequence>
  <level>PASSED</level>
  <class>com.kms.katalon.core.logging.XmlKeywordLogger</class>
  <method>logMessage</method>
  <thread>1</thread>
  <message>Object &amp;apos;Object Repository/Page_Katalian Bank/h1_Katalian Bank&amp;apos; is present</message>
  <nestedLevel>2</nestedLevel>
  <escapedJava>false</escapedJava>
  <property name="testops-is-assertion">true</property>
  <property name="testops-method-name">com.kms.katalon.core.webui.keyword.builtin.VerifyElementPresentKeyword.verifyElementPresent</property>
  <property name="testops-execution-stacktrace"></property>
</record>
<record>
  <date>2026-01-06T15:28:35.668970Z</date>
  <millis>1767713315668</millis>
  <nanos>970000</nanos>
  <sequence>2330</sequence>
  <level>END</level>
  <class>com.kms.katalon.core.logging.XmlKeywordLogger</class>
  <method>endKeyword</method>
  <thread>1</thread>
  <message>End action : verifyElementPresent(findTestObject(&amp;quot;Object Repository/Page_Katalian Bank/h1_Katalian Bank&amp;quot;), 0)</message>
  <nestedLevel>1</nestedLevel>
  <escapedJava>false</escapedJava>
</record>
<record>
  <date>2026-01-06T15:28:35.669025Z</date>
  <millis>1767713315669</millis>
  <nanos>25000</nanos>
  <sequence>2331</sequence>
  <level>PASSED</level>
  <class>com.kms.katalon.core.logging.XmlKeywordLogger</class>
  <method>logMessage</method>
  <thread>1</thread>
  <message>Test Cases/Login</message>
  <nestedLevel>2</nestedLevel>
  <escapedJava>false</escapedJava>
</record>
<record>
  <date>2026-01-06T15:28:35.669130Z</date>
  <millis>1767713315669</millis>
  <nanos>130000</nanos>
  <sequence>2332</sequence>
  <level>END</level>
  <class>com.kms.katalon.core.logging.XmlKeywordLogger</class>
  <method>endTest</method>
  <thread>1</thread>
  <message>End Test Case : Test Cases/Login</message>
  <nestedLevel>1</nestedLevel>
  <escapedJava>false</escapedJava>
</record>
<record>
  <date>2026-01-06T15:28:35.669195Z</date>
  <millis>1767713315669</millis>
  <nanos>195000</nanos>
  <sequence>2333</sequence>
  <level>PASSED</level>
  <class>com.kms.katalon.core.logging.XmlKeywordLogger</class>
  <method>logMessage</method>
  <thread>1</thread>
  <message>Call Test Case &amp;apos;Test Cases/Login&amp;apos; successfully</message>
  <nestedLevel>1</nestedLevel>
  <escapedJava>false</escapedJava>
  <property name="testops-method-name">com.kms.katalon.core.keyword.builtin.CallTestCaseKeyword.callTestCase</property>
  <property name="testops-execution-stacktrace"></property>
</record>
<record>
  <date>2026-01-06T15:28:35.669708Z</date>
  <millis>1767713315669</millis>
  <nanos>708000</nanos>
  <sequence>2334</sequence>
  <level>END</level>
  <class>com.kms.katalon.core.logging.XmlKeywordLogger</class>
  <method>endKeyword</method>
  <thread>1</thread>
  <message>End action : TrueTestScripts.login()</message>
  <nestedLevel>1</nestedLevel>
  <escapedJava>false</escapedJava>
</record>
<record>
  <date>2026-01-06T15:28:35.669739Z</date>
  <millis>1767713315669</millis>
  <nanos>739000</nanos>
  <sequence>2335</sequence>
  <level>START</level>
  <class>com.kms.katalon.core.logging.XmlKeywordLogger</class>
  <method>startKeyword</method>
  <thread>1</thread>
  <message>Start action : enhancedClick(findTestObject(&amp;quot;AI-Generated/Katalian Banking Production/Dynamic Objects/Page_dashboard/button_applyNow&amp;quot;, [&amp;quot;button_applyNow_divInternalHasText_1&amp;quot;:button_applyNow_divInternalHasText_1]))</message>
  <nestedLevel>1</nestedLevel>
  <escapedJava>false</escapedJava>
  <property name="startLine">29</property>
  <property name="stepIndex">5</property>
  <property name="description">Step 3: Click on button applyNow (applyNow2) -&gt; Navigate to page &apos;/apply/*&apos;</property>
</record>
<record>
  <date>2026-01-06T15:28:35.713011Z</date>
  <millis>1767713315713</millis>
  <nanos>11000</nanos>
  <sequence>2347</sequence>
  <level>PASSED</level>
  <class>com.kms.katalon.core.logging.XmlKeywordLogger</class>
  <method>logMessage</method>
  <thread>1</thread>
  <message>Object: &amp;apos;Object Repository/AI-Generated/Katalian Banking Production/Dynamic Objects/Page_dashboard/button_applyNow&amp;apos; is clicked on</message>
  <nestedLevel>1</nestedLevel>
  <escapedJava>false</escapedJava>
  <property name="testops-method-name">com.kms.katalon.core.webui.keyword.internal.WebUIKeywordMain.runKeywordUntilTimeout</property>
  <property name="testops-execution-stacktrace">com.kms.katalon.core.logging.KeywordLogger.logPassed(KeywordLogger.java:332)
com.kms.katalon.core.logging.KeywordLogger.logPassed(KeywordLogger.java:327)
com.kms.katalon.core.webui.keyword.builtin.EnhancedClickKeyword$_click_closure1$_closure5.doCall(EnhancedClickKeyword.groovy:88)
jdk.internal.reflect.GeneratedMethodAccessor47.invoke(Unknown Source)
java.base/jdk.internal.reflect.DelegatingMethodAccessorImpl.invoke(DelegatingMethodAccessorImpl.java:43)
jdk.proxy2/jdk.proxy2.$Proxy54.accept(Unknown Source)
com.kms.katalon.core.trymonad.Success.onSuccess(Try.java:263)
com.kms.katalon.core.webui.keyword.builtin.EnhancedClickKeyword$_click_closure1.doCall(EnhancedClickKeyword.groovy:71)
jdk.internal.reflect.GeneratedMethodAccessor45.invoke(Unknown Source)
java.base/jdk.internal.reflect.DelegatingMethodAccessorImpl.invoke(DelegatingMethodAccessorImpl.java:43)
jdk.proxy2/jdk.proxy2.$Proxy51.execute(Unknown Source)
com.kms.katalon.core.webui.model.SeleniumActionRetryController.performAction(SeleniumActionRetryController.java:96)
com.kms.katalon.core.webui.model.SeleniumActionRetryController.performAction(SeleniumActionRetryController.java:83)
com.kms.katalon.core.webui.keyword.internal.WebUIKeywordMain$_runKeywordUntilTimeout_closure1.doCall(WebUIKeywordMain.groovy:135)
com.kms.katalon.core.webui.keyword.internal.WebUIKeywordMain$_runKeywordUntilTimeout_closure1.call(WebUIKeywordMain.groovy)
com.kms.katalon.core.webui.keyword.internal.WebUIKeywordMain.runKeyword(WebUIKeywordMain.groovy:41)
com.kms.katalon.core.webui.keyword.internal.WebUIKeywordMain.runKeywordUntilTimeout(WebUIKeywordMain.groovy:133)
com.kms.katalon.core.webui.keyword.builtin.EnhancedClickKeyword.click(EnhancedClickKeyword.groovy:95)
com.kms.katalon.core.webui.keyword.builtin.EnhancedClickKeyword.execute(EnhancedClickKeyword.groovy:41)
com.kms.katalon.core.keyword.internal.KeywordExecutor.executeKeywordForPlatform(KeywordExecutor.groovy:90)
com.kms.katalon.core.webui.keyword.WebUiBuiltInKeywords.enhancedClick(WebUiBuiltInKeywords.groovy:747)
TC6-Submit Application and Logout from Dashboard.run(TC6-Submit Application and Logout from Dashboard:29)
</property>
</record>
<record>
  <date>2026-01-06T15:28:35.713759Z</date>
  <millis>1767713315713</millis>
  <nanos>759000</nanos>
  <sequence>2348</sequence>
  <level>END</level>
  <class>com.kms.katalon.core.logging.XmlKeywordLogger</class>
  <method>endKeyword</method>
  <thread>1</thread>
  <message>End action : enhancedClick(findTestObject(&amp;quot;AI-Generated/Katalian Banking Production/Dynamic Objects/Page_dashboard/button_applyNow&amp;quot;, [&amp;quot;button_applyNow_divInternalHasText_1&amp;quot;:button_applyNow_divInternalHasText_1]))</message>
  <nestedLevel>1</nestedLevel>
  <escapedJava>false</escapedJava>
</record>
<record>
  <date>2026-01-06T15:28:35.713819Z</date>
  <millis>1767713315713</millis>
  <nanos>819000</nanos>
  <sequence>2349</sequence>
  <level>START</level>
  <class>com.kms.katalon.core.logging.XmlKeywordLogger</class>
  <method>startKeyword</method>
  <thread>1</thread>
  <message>Start action : enhancedClick(findTestObject(&amp;quot;AI-Generated/Katalian Banking Production/Page_apply/input_firstName&amp;quot;))</message>
  <nestedLevel>1</nestedLevel>
  <escapedJava>false</escapedJava>
  <property name="startLine">35</property>
  <property name="stepIndex">6</property>
  <property name="description">Step 4: Click on input firstName</property>
</record>
<record>
  <date>2026-01-06T15:28:35.741276Z</date>
  <millis>1767713315741</millis>
  <nanos>276000</nanos>
  <sequence>2361</sequence>
  <level>PASSED</level>
  <class>com.kms.katalon.core.logging.XmlKeywordLogger</class>
  <method>logMessage</method>
  <thread>1</thread>
  <message>Object: &amp;apos;Object Repository/AI-Generated/Katalian Banking Production/Page_apply/input_firstName&amp;apos; is clicked on</message>
  <nestedLevel>1</nestedLevel>
  <escapedJava>false</escapedJava>
  <property name="testops-method-name">com.kms.katalon.core.webui.keyword.internal.WebUIKeywordMain.runKeywordUntilTimeout</property>
  <property name="testops-execution-stacktrace">com.kms.katalon.core.logging.KeywordLogger.logPassed(KeywordLogger.java:332)
com.kms.katalon.core.logging.KeywordLogger.logPassed(KeywordLogger.java:327)
com.kms.katalon.core.webui.keyword.builtin.EnhancedClickKeyword$_click_closure1$_closure5.doCall(EnhancedClickKeyword.groovy:88)
jdk.internal.reflect.GeneratedMethodAccessor47.invoke(Unknown Source)
java.base/jdk.internal.reflect.DelegatingMethodAccessorImpl.invoke(DelegatingMethodAccessorImpl.java:43)
jdk.proxy2/jdk.proxy2.$Proxy54.accept(Unknown Source)
com.kms.katalon.core.trymonad.Success.onSuccess(Try.java:263)
com.kms.katalon.core.webui.keyword.builtin.EnhancedClickKeyword$_click_closure1.doCall(EnhancedClickKeyword.groovy:71)
jdk.internal.reflect.GeneratedMethodAccessor45.invoke(Unknown Source)
java.base/jdk.internal.reflect.DelegatingMethodAccessorImpl.invoke(DelegatingMethodAccessorImpl.java:43)
jdk.proxy2/jdk.proxy2.$Proxy51.execute(Unknown Source)
com.kms.katalon.core.webui.model.SeleniumActionRetryController.performAction(SeleniumActionRetryController.java:96)
com.kms.katalon.core.webui.model.SeleniumActionRetryController.performAction(SeleniumActionRetryController.java:83)
com.kms.katalon.core.webui.keyword.internal.WebUIKeywordMain$_runKeywordUntilTimeout_closure1.doCall(WebUIKeywordMain.groovy:135)
com.kms.katalon.core.webui.keyword.internal.WebUIKeywordMain$_runKeywordUntilTimeout_closure1.call(WebUIKeywordMain.groovy)
com.kms.katalon.core.webui.keyword.internal.WebUIKeywordMain.runKeyword(WebUIKeywordMain.groovy:41)
com.kms.katalon.core.webui.keyword.internal.WebUIKeywordMain.runKeywordUntilTimeout(WebUIKeywordMain.groovy:133)
com.kms.katalon.core.webui.keyword.builtin.EnhancedClickKeyword.click(EnhancedClickKeyword.groovy:95)
com.kms.katalon.core.webui.keyword.builtin.EnhancedClickKeyword.execute(EnhancedClickKeyword.groovy:41)
com.kms.katalon.core.keyword.internal.KeywordExecutor.executeKeywordForPlatform(KeywordExecutor.groovy:90)
com.kms.katalon.core.webui.keyword.WebUiBuiltInKeywords.enhancedClick(WebUiBuiltInKeywords.groovy:747)
TC6-Submit Application and Logout from Dashboard.run(TC6-Submit Application and Logout from Dashboard:35)
</property>
</record>
<record>
  <date>2026-01-06T15:28:35.742044Z</date>
  <millis>1767713315742</millis>
  <nanos>44000</nanos>
  <sequence>2362</sequence>
  <level>END</level>
  <class>com.kms.katalon.core.logging.XmlKeywordLogger</class>
  <method>endKeyword</method>
  <thread>1</thread>
  <message>End action : enhancedClick(findTestObject(&amp;quot;AI-Generated/Katalian Banking Production/Page_apply/input_firstName&amp;quot;))</message>
  <nestedLevel>1</nestedLevel>
  <escapedJava>false</escapedJava>
</record>
<record>
  <date>2026-01-06T15:28:35.742115Z</date>
  <millis>1767713315742</millis>
  <nanos>115000</nanos>
  <sequence>2363</sequence>
  <level>START</level>
  <class>com.kms.katalon.core.logging.XmlKeywordLogger</class>
  <method>startKeyword</method>
  <thread>1</thread>
  <message>Start action : setText(findTestObject(&amp;quot;AI-Generated/Katalian Banking Production/Page_apply/input_firstName&amp;quot;), input_firstName)</message>
  <nestedLevel>1</nestedLevel>
  <escapedJava>false</escapedJava>
  <property name="startLine">41</property>
  <property name="stepIndex">7</property>
  <property name="description">Step 5: Enter input value in input firstName</property>
</record>
<record>
  <date>2026-01-06T15:28:35.790571Z</date>
  <millis>1767713315790</millis>
  <nanos>571000</nanos>
  <sequence>2377</sequence>
  <level>PASSED</level>
  <class>com.kms.katalon.core.logging.XmlKeywordLogger</class>
  <method>logMessage</method>
  <thread>1</thread>
  <message>Text &amp;apos;Joe&amp;apos; is set on object &amp;apos;Object Repository/AI-Generated/Katalian Banking Production/Page_apply/input_firstName&amp;apos;</message>
  <nestedLevel>1</nestedLevel>
  <escapedJava>false</escapedJava>
  <property name="testops-method-name">com.kms.katalon.core.webui.keyword.internal.WebUIKeywordMain.runKeywordUntilTimeout</property>
  <property name="testops-execution-stacktrace">com.kms.katalon.core.logging.KeywordLogger.logPassed(KeywordLogger.java:332)
com.kms.katalon.core.logging.KeywordLogger.logPassed(KeywordLogger.java:327)
com.kms.katalon.core.webui.keyword.builtin.SetTextKeyword$_setText_closure1.doCall(SetTextKeyword.groovy:99)
jdk.internal.reflect.GeneratedMethodAccessor62.invoke(Unknown Source)
java.base/jdk.internal.reflect.DelegatingMethodAccessorImpl.invoke(DelegatingMethodAccessorImpl.java:43)
jdk.proxy2/jdk.proxy2.$Proxy51.execute(Unknown Source)
com.kms.katalon.core.webui.model.SeleniumActionRetryController.performAction(SeleniumActionRetryController.java:96)
com.kms.katalon.core.webui.model.SeleniumActionRetryController.performAction(SeleniumActionRetryController.java:83)
com.kms.katalon.core.webui.keyword.internal.WebUIKeywordMain$_runKeywordUntilTimeout_closure1.doCall(WebUIKeywordMain.groovy:135)
com.kms.katalon.core.webui.keyword.internal.WebUIKeywordMain$_runKeywordUntilTimeout_closure1.call(WebUIKeywordMain.groovy)
com.kms.katalon.core.webui.keyword.internal.WebUIKeywordMain.runKeyword(WebUIKeywordMain.groovy:41)
com.kms.katalon.core.webui.keyword.internal.WebUIKeywordMain.runKeywordUntilTimeout(WebUIKeywordMain.groovy:133)
com.kms.katalon.core.webui.keyword.builtin.SetTextKeyword.setText(SetTextKeyword.groovy:106)
com.kms.katalon.core.webui.keyword.builtin.SetTextKeyword.execute(SetTextKeyword.groovy:49)
com.kms.katalon.core.keyword.internal.KeywordExecutor.executeKeywordForPlatform(KeywordExecutor.groovy:90)
com.kms.katalon.core.webui.keyword.WebUiBuiltInKeywords.setText(WebUiBuiltInKeywords.groovy:1081)
TC6-Submit Application and Logout from Dashboard.run(TC6-Submit Application and Logout from Dashboard:41)
</property>
</record>
<record>
  <date>2026-01-06T15:28:35.791324Z</date>
  <millis>1767713315791</millis>
  <nanos>324000</nanos>
  <sequence>2378</sequence>
  <level>END</level>
  <class>com.kms.katalon.core.logging.XmlKeywordLogger</class>
  <method>endKeyword</method>
  <thread>1</thread>
  <message>End action : setText(findTestObject(&amp;quot;AI-Generated/Katalian Banking Production/Page_apply/input_firstName&amp;quot;), input_firstName)</message>
  <nestedLevel>1</nestedLevel>
  <escapedJava>false</escapedJava>
</record>
<record>
  <date>2026-01-06T15:28:35.791393Z</date>
  <millis>1767713315791</millis>
  <nanos>393000</nanos>
  <sequence>2379</sequence>
  <level>START</level>
  <class>com.kms.katalon.core.logging.XmlKeywordLogger</class>
  <method>startKeyword</method>
  <thread>1</thread>
  <message>Start action : enhancedClick(findTestObject(&amp;quot;AI-Generated/Katalian Banking Production/Page_apply/input_lastName&amp;quot;))</message>
  <nestedLevel>1</nestedLevel>
  <escapedJava>false</escapedJava>
  <property name="startLine">47</property>
  <property name="stepIndex">8</property>
  <property name="description">Step 6: Click on input lastName</property>
</record>
<record>
  <date>2026-01-06T15:28:35.816596Z</date>
  <millis>1767713315816</millis>
  <nanos>596000</nanos>
  <sequence>2391</sequence>
  <level>PASSED</level>
  <class>com.kms.katalon.core.logging.XmlKeywordLogger</class>
  <method>logMessage</method>
  <thread>1</thread>
  <message>Object: &amp;apos;Object Repository/AI-Generated/Katalian Banking Production/Page_apply/input_lastName&amp;apos; is clicked on</message>
  <nestedLevel>1</nestedLevel>
  <escapedJava>false</escapedJava>
  <property name="testops-method-name">com.kms.katalon.core.webui.keyword.internal.WebUIKeywordMain.runKeywordUntilTimeout</property>
  <property name="testops-execution-stacktrace">com.kms.katalon.core.logging.KeywordLogger.logPassed(KeywordLogger.java:332)
com.kms.katalon.core.logging.KeywordLogger.logPassed(KeywordLogger.java:327)
com.kms.katalon.core.webui.keyword.builtin.EnhancedClickKeyword$_click_closure1$_closure5.doCall(EnhancedClickKeyword.groovy:88)
jdk.internal.reflect.GeneratedMethodAccessor47.invoke(Unknown Source)
java.base/jdk.internal.reflect.DelegatingMethodAccessorImpl.invoke(DelegatingMethodAccessorImpl.java:43)
jdk.proxy2/jdk.proxy2.$Proxy54.accept(Unknown Source)
com.kms.katalon.core.trymonad.Success.onSuccess(Try.java:263)
com.kms.katalon.core.webui.keyword.builtin.EnhancedClickKeyword$_click_closure1.doCall(EnhancedClickKeyword.groovy:71)
jdk.internal.reflect.GeneratedMethodAccessor45.invoke(Unknown Source)
java.base/jdk.internal.reflect.DelegatingMethodAccessorImpl.invoke(DelegatingMethodAccessorImpl.java:43)
jdk.proxy2/jdk.proxy2.$Proxy51.execute(Unknown Source)
com.kms.katalon.core.webui.model.SeleniumActionRetryController.performAction(SeleniumActionRetryController.java:96)
com.kms.katalon.core.webui.model.SeleniumActionRetryController.performAction(SeleniumActionRetryController.java:83)
com.kms.katalon.core.webui.keyword.internal.WebUIKeywordMain$_runKeywordUntilTimeout_closure1.doCall(WebUIKeywordMain.groovy:135)
com.kms.katalon.core.webui.keyword.internal.WebUIKeywordMain$_runKeywordUntilTimeout_closure1.call(WebUIKeywordMain.groovy)
com.kms.katalon.core.webui.keyword.internal.WebUIKeywordMain.runKeyword(WebUIKeywordMain.groovy:41)
com.kms.katalon.core.webui.keyword.internal.WebUIKeywordMain.runKeywordUntilTimeout(WebUIKeywordMain.groovy:133)
com.kms.katalon.core.webui.keyword.builtin.EnhancedClickKeyword.click(EnhancedClickKeyword.groovy:95)
com.kms.katalon.core.webui.keyword.builtin.EnhancedClickKeyword.execute(EnhancedClickKeyword.groovy:41)
com.kms.katalon.core.keyword.internal.KeywordExecutor.executeKeywordForPlatform(KeywordExecutor.groovy:90)
com.kms.katalon.core.webui.keyword.WebUiBuiltInKeywords.enhancedClick(WebUiBuiltInKeywords.groovy:747)
TC6-Submit Application and Logout from Dashboard.run(TC6-Submit Application and Logout from Dashboard:47)
</property>
</record>
<record>
  <date>2026-01-06T15:28:35.817267Z</date>
  <millis>1767713315817</millis>
  <nanos>267000</nanos>
  <sequence>2392</sequence>
  <level>END</level>
  <class>com.kms.katalon.core.logging.XmlKeywordLogger</class>
  <method>endKeyword</method>
  <thread>1</thread>
  <message>End action : enhancedClick(findTestObject(&amp;quot;AI-Generated/Katalian Banking Production/Page_apply/input_lastName&amp;quot;))</message>
  <nestedLevel>1</nestedLevel>
  <escapedJava>false</escapedJava>
</record>
<record>
  <date>2026-01-06T15:28:35.817363Z</date>
  <millis>1767713315817</millis>
  <nanos>363000</nanos>
  <sequence>2393</sequence>
  <level>START</level>
  <class>com.kms.katalon.core.logging.XmlKeywordLogger</class>
  <method>startKeyword</method>
  <thread>1</thread>
  <message>Start action : setText(findTestObject(&amp;quot;AI-Generated/Katalian Banking Production/Page_apply/input_lastName&amp;quot;), input_lastName)</message>
  <nestedLevel>1</nestedLevel>
  <escapedJava>false</escapedJava>
  <property name="startLine">53</property>
  <property name="stepIndex">9</property>
  <property name="description">Step 7: Enter input value in input lastName</property>
</record>
<record>
  <date>2026-01-06T15:28:35.861242Z</date>
  <millis>1767713315861</millis>
  <nanos>242000</nanos>
  <sequence>2407</sequence>
  <level>PASSED</level>
  <class>com.kms.katalon.core.logging.XmlKeywordLogger</class>
  <method>logMessage</method>
  <thread>1</thread>
  <message>Text &amp;apos;Oblio&amp;apos; is set on object &amp;apos;Object Repository/AI-Generated/Katalian Banking Production/Page_apply/input_lastName&amp;apos;</message>
  <nestedLevel>1</nestedLevel>
  <escapedJava>false</escapedJava>
  <property name="testops-method-name">com.kms.katalon.core.webui.keyword.internal.WebUIKeywordMain.runKeywordUntilTimeout</property>
  <property name="testops-execution-stacktrace">com.kms.katalon.core.logging.KeywordLogger.logPassed(KeywordLogger.java:332)
com.kms.katalon.core.logging.KeywordLogger.logPassed(KeywordLogger.java:327)
com.kms.katalon.core.webui.keyword.builtin.SetTextKeyword$_setText_closure1.doCall(SetTextKeyword.groovy:99)
jdk.internal.reflect.GeneratedMethodAccessor62.invoke(Unknown Source)
java.base/jdk.internal.reflect.DelegatingMethodAccessorImpl.invoke(DelegatingMethodAccessorImpl.java:43)
jdk.proxy2/jdk.proxy2.$Proxy51.execute(Unknown Source)
com.kms.katalon.core.webui.model.SeleniumActionRetryController.performAction(SeleniumActionRetryController.java:96)
com.kms.katalon.core.webui.model.SeleniumActionRetryController.performAction(SeleniumActionRetryController.java:83)
com.kms.katalon.core.webui.keyword.internal.WebUIKeywordMain$_runKeywordUntilTimeout_closure1.doCall(WebUIKeywordMain.groovy:135)
com.kms.katalon.core.webui.keyword.internal.WebUIKeywordMain$_runKeywordUntilTimeout_closure1.call(WebUIKeywordMain.groovy)
com.kms.katalon.core.webui.keyword.internal.WebUIKeywordMain.runKeyword(WebUIKeywordMain.groovy:41)
com.kms.katalon.core.webui.keyword.internal.WebUIKeywordMain.runKeywordUntilTimeout(WebUIKeywordMain.groovy:133)
com.kms.katalon.core.webui.keyword.builtin.SetTextKeyword.setText(SetTextKeyword.groovy:106)
com.kms.katalon.core.webui.keyword.builtin.SetTextKeyword.execute(SetTextKeyword.groovy:49)
com.kms.katalon.core.keyword.internal.KeywordExecutor.executeKeywordForPlatform(KeywordExecutor.groovy:90)
com.kms.katalon.core.webui.keyword.WebUiBuiltInKeywords.setText(WebUiBuiltInKeywords.groovy:1081)
TC6-Submit Application and Logout from Dashboard.run(TC6-Submit Application and Logout from Dashboard:53)
</property>
</record>
<record>
  <date>2026-01-06T15:28:35.861817Z</date>
  <millis>1767713315861</millis>
  <nanos>817000</nanos>
  <sequence>2408</sequence>
  <level>END</level>
  <class>com.kms.katalon.core.logging.XmlKeywordLogger</class>
  <method>endKeyword</method>
  <thread>1</thread>
  <message>End action : setText(findTestObject(&amp;quot;AI-Generated/Katalian Banking Production/Page_apply/input_lastName&amp;quot;), input_lastName)</message>
  <nestedLevel>1</nestedLevel>
  <escapedJava>false</escapedJava>
</record>
<record>
  <date>2026-01-06T15:28:35.861876Z</date>
  <millis>1767713315861</millis>
  <nanos>876000</nanos>
  <sequence>2409</sequence>
  <level>START</level>
  <class>com.kms.katalon.core.logging.XmlKeywordLogger</class>
  <method>startKeyword</method>
  <thread>1</thread>
  <message>Start action : setText(findTestObject(&amp;quot;AI-Generated/Katalian Banking Production/Page_apply/input_dateOfBirth&amp;quot;), input_dateOfBirth)</message>
  <nestedLevel>1</nestedLevel>
  <escapedJava>false</escapedJava>
  <property name="startLine">59</property>
  <property name="stepIndex">10</property>
  <property name="description">Step 8: Enter input value in input dateOfBirth</property>
</record>
<record>
  <date>2026-01-06T15:28:35.910436Z</date>
  <millis>1767713315910</millis>
  <nanos>436000</nanos>
  <sequence>2423</sequence>
  <level>PASSED</level>
  <class>com.kms.katalon.core.logging.XmlKeywordLogger</class>
  <method>logMessage</method>
  <thread>1</thread>
  <message>Text &amp;apos;12/11/1990&amp;apos; is set on object &amp;apos;Object Repository/AI-Generated/Katalian Banking Production/Page_apply/input_dateOfBirth&amp;apos;</message>
  <nestedLevel>1</nestedLevel>
  <escapedJava>false</escapedJava>
  <property name="testops-method-name">com.kms.katalon.core.webui.keyword.internal.WebUIKeywordMain.runKeywordUntilTimeout</property>
  <property name="testops-execution-stacktrace">com.kms.katalon.core.logging.KeywordLogger.logPassed(KeywordLogger.java:332)
com.kms.katalon.core.logging.KeywordLogger.logPassed(KeywordLogger.java:327)
com.kms.katalon.core.webui.keyword.builtin.SetTextKeyword$_setText_closure1.doCall(SetTextKeyword.groovy:99)
jdk.internal.reflect.GeneratedMethodAccessor62.invoke(Unknown Source)
java.base/jdk.internal.reflect.DelegatingMethodAccessorImpl.invoke(DelegatingMethodAccessorImpl.java:43)
jdk.proxy2/jdk.proxy2.$Proxy51.execute(Unknown Source)
com.kms.katalon.core.webui.model.SeleniumActionRetryController.performAction(SeleniumActionRetryController.java:96)
com.kms.katalon.core.webui.model.SeleniumActionRetryController.performAction(SeleniumActionRetryController.java:83)
com.kms.katalon.core.webui.keyword.internal.WebUIKeywordMain$_runKeywordUntilTimeout_closure1.doCall(WebUIKeywordMain.groovy:135)
com.kms.katalon.core.webui.keyword.internal.WebUIKeywordMain$_runKeywordUntilTimeout_closure1.call(WebUIKeywordMain.groovy)
com.kms.katalon.core.webui.keyword.internal.WebUIKeywordMain.runKeyword(WebUIKeywordMain.groovy:41)
com.kms.katalon.core.webui.keyword.internal.WebUIKeywordMain.runKeywordUntilTimeout(WebUIKeywordMain.groovy:133)
com.kms.katalon.core.webui.keyword.builtin.SetTextKeyword.setText(SetTextKeyword.groovy:106)
com.kms.katalon.core.webui.keyword.builtin.SetTextKeyword.execute(SetTextKeyword.groovy:49)
com.kms.katalon.core.keyword.internal.KeywordExecutor.executeKeywordForPlatform(KeywordExecutor.groovy:90)
com.kms.katalon.core.webui.keyword.WebUiBuiltInKeywords.setText(WebUiBuiltInKeywords.groovy:1081)
TC6-Submit Application and Logout from Dashboard.run(TC6-Submit Application and Logout from Dashboard:59)
</property>
</record>
<record>
  <date>2026-01-06T15:28:35.910995Z</date>
  <millis>1767713315910</millis>
  <nanos>995000</nanos>
  <sequence>2424</sequence>
  <level>END</level>
  <class>com.kms.katalon.core.logging.XmlKeywordLogger</class>
  <method>endKeyword</method>
  <thread>1</thread>
  <message>End action : setText(findTestObject(&amp;quot;AI-Generated/Katalian Banking Production/Page_apply/input_dateOfBirth&amp;quot;), input_dateOfBirth)</message>
  <nestedLevel>1</nestedLevel>
  <escapedJava>false</escapedJava>
</record>
<record>
  <date>2026-01-06T15:28:35.911052Z</date>
  <millis>1767713315911</millis>
  <nanos>52000</nanos>
  <sequence>2425</sequence>
  <level>START</level>
  <class>com.kms.katalon.core.logging.XmlKeywordLogger</class>
  <method>startKeyword</method>
  <thread>1</thread>
  <message>Start action : enhancedClick(findTestObject(&amp;quot;AI-Generated/Katalian Banking Production/Page_apply/button_next&amp;quot;))</message>
  <nestedLevel>1</nestedLevel>
  <escapedJava>false</escapedJava>
  <property name="startLine">65</property>
  <property name="stepIndex">11</property>
  <property name="description">Step 9: Click on button next</property>
</record>
<record>
  <date>2026-01-06T15:28:35.936567Z</date>
  <millis>1767713315936</millis>
  <nanos>567000</nanos>
  <sequence>2437</sequence>
  <level>PASSED</level>
  <class>com.kms.katalon.core.logging.XmlKeywordLogger</class>
  <method>logMessage</method>
  <thread>1</thread>
  <message>Object: &amp;apos;Object Repository/AI-Generated/Katalian Banking Production/Page_apply/button_next&amp;apos; is clicked on</message>
  <nestedLevel>1</nestedLevel>
  <escapedJava>false</escapedJava>
  <property name="testops-method-name">com.kms.katalon.core.webui.keyword.internal.WebUIKeywordMain.runKeywordUntilTimeout</property>
  <property name="testops-execution-stacktrace">com.kms.katalon.core.logging.KeywordLogger.logPassed(KeywordLogger.java:332)
com.kms.katalon.core.logging.KeywordLogger.logPassed(KeywordLogger.java:327)
com.kms.katalon.core.webui.keyword.builtin.EnhancedClickKeyword$_click_closure1$_closure5.doCall(EnhancedClickKeyword.groovy:88)
jdk.internal.reflect.GeneratedMethodAccessor47.invoke(Unknown Source)
java.base/jdk.internal.reflect.DelegatingMethodAccessorImpl.invoke(DelegatingMethodAccessorImpl.java:43)
jdk.proxy2/jdk.proxy2.$Proxy54.accept(Unknown Source)
com.kms.katalon.core.trymonad.Success.onSuccess(Try.java:263)
com.kms.katalon.core.webui.keyword.builtin.EnhancedClickKeyword$_click_closure1.doCall(EnhancedClickKeyword.groovy:71)
jdk.internal.reflect.GeneratedMethodAccessor45.invoke(Unknown Source)
java.base/jdk.internal.reflect.DelegatingMethodAccessorImpl.invoke(DelegatingMethodAccessorImpl.java:43)
jdk.proxy2/jdk.proxy2.$Proxy51.execute(Unknown Source)
com.kms.katalon.core.webui.model.SeleniumActionRetryController.performAction(SeleniumActionRetryController.java:96)
com.kms.katalon.core.webui.model.SeleniumActionRetryController.performAction(SeleniumActionRetryController.java:83)
com.kms.katalon.core.webui.keyword.internal.WebUIKeywordMain$_runKeywordUntilTimeout_closure1.doCall(WebUIKeywordMain.groovy:135)
com.kms.katalon.core.webui.keyword.internal.WebUIKeywordMain$_runKeywordUntilTimeout_closure1.call(WebUIKeywordMain.groovy)
com.kms.katalon.core.webui.keyword.internal.WebUIKeywordMain.runKeyword(WebUIKeywordMain.groovy:41)
com.kms.katalon.core.webui.keyword.internal.WebUIKeywordMain.runKeywordUntilTimeout(WebUIKeywordMain.groovy:133)
com.kms.katalon.core.webui.keyword.builtin.EnhancedClickKeyword.click(EnhancedClickKeyword.groovy:95)
com.kms.katalon.core.webui.keyword.builtin.EnhancedClickKeyword.execute(EnhancedClickKeyword.groovy:41)
com.kms.katalon.core.keyword.internal.KeywordExecutor.executeKeywordForPlatform(KeywordExecutor.groovy:90)
com.kms.katalon.core.webui.keyword.WebUiBuiltInKeywords.enhancedClick(WebUiBuiltInKeywords.groovy:747)
TC6-Submit Application and Logout from Dashboard.run(TC6-Submit Application and Logout from Dashboard:65)
</property>
</record>
<record>
  <date>2026-01-06T15:28:35.937162Z</date>
  <millis>1767713315937</millis>
  <nanos>162000</nanos>
  <sequence>2438</sequence>
  <level>END</level>
  <class>com.kms.katalon.core.logging.XmlKeywordLogger</class>
  <method>endKeyword</method>
  <thread>1</thread>
  <message>End action : enhancedClick(findTestObject(&amp;quot;AI-Generated/Katalian Banking Production/Page_apply/button_next&amp;quot;))</message>
  <nestedLevel>1</nestedLevel>
  <escapedJava>false</escapedJava>
</record>
<record>
  <date>2026-01-06T15:28:35.937229Z</date>
  <millis>1767713315937</millis>
  <nanos>229000</nanos>
  <sequence>2439</sequence>
  <level>START</level>
  <class>com.kms.katalon.core.logging.XmlKeywordLogger</class>
  <method>startKeyword</method>
  <thread>1</thread>
  <message>Start action : enhancedClick(findTestObject(&amp;quot;AI-Generated/Katalian Banking Production/Page_apply/input_addressLine&amp;quot;))</message>
  <nestedLevel>1</nestedLevel>
  <escapedJava>false</escapedJava>
  <property name="startLine">71</property>
  <property name="stepIndex">12</property>
  <property name="description">Step 10: Click on input addressLine</property>
</record>
<record>
  <date>2026-01-06T15:28:35.963858Z</date>
  <millis>1767713315963</millis>
  <nanos>858000</nanos>
  <sequence>2451</sequence>
  <level>PASSED</level>
  <class>com.kms.katalon.core.logging.XmlKeywordLogger</class>
  <method>logMessage</method>
  <thread>1</thread>
  <message>Object: &amp;apos;Object Repository/AI-Generated/Katalian Banking Production/Page_apply/input_addressLine&amp;apos; is clicked on</message>
  <nestedLevel>1</nestedLevel>
  <escapedJava>false</escapedJava>
  <property name="testops-method-name">com.kms.katalon.core.webui.keyword.internal.WebUIKeywordMain.runKeywordUntilTimeout</property>
  <property name="testops-execution-stacktrace">com.kms.katalon.core.logging.KeywordLogger.logPassed(KeywordLogger.java:332)
com.kms.katalon.core.logging.KeywordLogger.logPassed(KeywordLogger.java:327)
com.kms.katalon.core.webui.keyword.builtin.EnhancedClickKeyword$_click_closure1$_closure5.doCall(EnhancedClickKeyword.groovy:88)
jdk.internal.reflect.GeneratedMethodAccessor47.invoke(Unknown Source)
java.base/jdk.internal.reflect.DelegatingMethodAccessorImpl.invoke(DelegatingMethodAccessorImpl.java:43)
jdk.proxy2/jdk.proxy2.$Proxy54.accept(Unknown Source)
com.kms.katalon.core.trymonad.Success.onSuccess(Try.java:263)
com.kms.katalon.core.webui.keyword.builtin.EnhancedClickKeyword$_click_closure1.doCall(EnhancedClickKeyword.groovy:71)
jdk.internal.reflect.GeneratedMethodAccessor45.invoke(Unknown Source)
java.base/jdk.internal.reflect.DelegatingMethodAccessorImpl.invoke(DelegatingMethodAccessorImpl.java:43)
jdk.proxy2/jdk.proxy2.$Proxy51.execute(Unknown Source)
com.kms.katalon.core.webui.model.SeleniumActionRetryController.performAction(SeleniumActionRetryController.java:96)
com.kms.katalon.core.webui.model.SeleniumActionRetryController.performAction(SeleniumActionRetryController.java:83)
com.kms.katalon.core.webui.keyword.internal.WebUIKeywordMain$_runKeywordUntilTimeout_closure1.doCall(WebUIKeywordMain.groovy:135)
com.kms.katalon.core.webui.keyword.internal.WebUIKeywordMain$_runKeywordUntilTimeout_closure1.call(WebUIKeywordMain.groovy)
com.kms.katalon.core.webui.keyword.internal.WebUIKeywordMain.runKeyword(WebUIKeywordMain.groovy:41)
com.kms.katalon.core.webui.keyword.internal.WebUIKeywordMain.runKeywordUntilTimeout(WebUIKeywordMain.groovy:133)
com.kms.katalon.core.webui.keyword.builtin.EnhancedClickKeyword.click(EnhancedClickKeyword.groovy:95)
com.kms.katalon.core.webui.keyword.builtin.EnhancedClickKeyword.execute(EnhancedClickKeyword.groovy:41)
com.kms.katalon.core.keyword.internal.KeywordExecutor.executeKeywordForPlatform(KeywordExecutor.groovy:90)
com.kms.katalon.core.webui.keyword.WebUiBuiltInKeywords.enhancedClick(WebUiBuiltInKeywords.groovy:747)
TC6-Submit Application and Logout from Dashboard.run(TC6-Submit Application and Logout from Dashboard:71)
</property>
</record>
<record>
  <date>2026-01-06T15:28:35.964364Z</date>
  <millis>1767713315964</millis>
  <nanos>364000</nanos>
  <sequence>2452</sequence>
  <level>END</level>
  <class>com.kms.katalon.core.logging.XmlKeywordLogger</class>
  <method>endKeyword</method>
  <thread>1</thread>
  <message>End action : enhancedClick(findTestObject(&amp;quot;AI-Generated/Katalian Banking Production/Page_apply/input_addressLine&amp;quot;))</message>
  <nestedLevel>1</nestedLevel>
  <escapedJava>false</escapedJava>
</record>
<record>
  <date>2026-01-06T15:28:35.964409Z</date>
  <millis>1767713315964</millis>
  <nanos>409000</nanos>
  <sequence>2453</sequence>
  <level>START</level>
  <class>com.kms.katalon.core.logging.XmlKeywordLogger</class>
  <method>startKeyword</method>
  <thread>1</thread>
  <message>Start action : setText(findTestObject(&amp;quot;AI-Generated/Katalian Banking Production/Page_apply/input_addressLine&amp;quot;), input_addressLine)</message>
  <nestedLevel>1</nestedLevel>
  <escapedJava>false</escapedJava>
  <property name="startLine">77</property>
  <property name="stepIndex">13</property>
  <property name="description">Step 11: Enter input value in input addressLine</property>
</record>
<record>
  <date>2026-01-06T15:28:36.009796Z</date>
  <millis>1767713316009</millis>
  <nanos>796000</nanos>
  <sequence>2467</sequence>
  <level>PASSED</level>
  <class>com.kms.katalon.core.logging.XmlKeywordLogger</class>
  <method>logMessage</method>
  <thread>1</thread>
  <message>Text &amp;apos;868 Main Street&amp;apos; is set on object &amp;apos;Object Repository/AI-Generated/Katalian Banking Production/Page_apply/input_addressLine&amp;apos;</message>
  <nestedLevel>1</nestedLevel>
  <escapedJava>false</escapedJava>
  <property name="testops-method-name">com.kms.katalon.core.webui.keyword.internal.WebUIKeywordMain.runKeywordUntilTimeout</property>
  <property name="testops-execution-stacktrace">com.kms.katalon.core.logging.KeywordLogger.logPassed(KeywordLogger.java:332)
com.kms.katalon.core.logging.KeywordLogger.logPassed(KeywordLogger.java:327)
com.kms.katalon.core.webui.keyword.builtin.SetTextKeyword$_setText_closure1.doCall(SetTextKeyword.groovy:99)
jdk.internal.reflect.GeneratedMethodAccessor62.invoke(Unknown Source)
java.base/jdk.internal.reflect.DelegatingMethodAccessorImpl.invoke(DelegatingMethodAccessorImpl.java:43)
jdk.proxy2/jdk.proxy2.$Proxy51.execute(Unknown Source)
com.kms.katalon.core.webui.model.SeleniumActionRetryController.performAction(SeleniumActionRetryController.java:96)
com.kms.katalon.core.webui.model.SeleniumActionRetryController.performAction(SeleniumActionRetryController.java:83)
com.kms.katalon.core.webui.keyword.internal.WebUIKeywordMain$_runKeywordUntilTimeout_closure1.doCall(WebUIKeywordMain.groovy:135)
com.kms.katalon.core.webui.keyword.internal.WebUIKeywordMain$_runKeywordUntilTimeout_closure1.call(WebUIKeywordMain.groovy)
com.kms.katalon.core.webui.keyword.internal.WebUIKeywordMain.runKeyword(WebUIKeywordMain.groovy:41)
com.kms.katalon.core.webui.keyword.internal.WebUIKeywordMain.runKeywordUntilTimeout(WebUIKeywordMain.groovy:133)
com.kms.katalon.core.webui.keyword.builtin.SetTextKeyword.setText(SetTextKeyword.groovy:106)
com.kms.katalon.core.webui.keyword.builtin.SetTextKeyword.execute(SetTextKeyword.groovy:49)
com.kms.katalon.core.keyword.internal.KeywordExecutor.executeKeywordForPlatform(KeywordExecutor.groovy:90)
com.kms.katalon.core.webui.keyword.WebUiBuiltInKeywords.setText(WebUiBuiltInKeywords.groovy:1081)
TC6-Submit Application and Logout from Dashboard.run(TC6-Submit Application and Logout from Dashboard:77)
</property>
</record>
<record>
  <date>2026-01-06T15:28:36.010317Z</date>
  <millis>1767713316010</millis>
  <nanos>317000</nanos>
  <sequence>2468</sequence>
  <level>END</level>
  <class>com.kms.katalon.core.logging.XmlKeywordLogger</class>
  <method>endKeyword</method>
  <thread>1</thread>
  <message>End action : setText(findTestObject(&amp;quot;AI-Generated/Katalian Banking Production/Page_apply/input_addressLine&amp;quot;), input_addressLine)</message>
  <nestedLevel>1</nestedLevel>
  <escapedJava>false</escapedJava>
</record>
<record>
  <date>2026-01-06T15:28:36.010362Z</date>
  <millis>1767713316010</millis>
  <nanos>362000</nanos>
  <sequence>2469</sequence>
  <level>START</level>
  <class>com.kms.katalon.core.logging.XmlKeywordLogger</class>
  <method>startKeyword</method>
  <thread>1</thread>
  <message>Start action : enhancedClick(findTestObject(&amp;quot;AI-Generated/Katalian Banking Production/Page_apply/input_city&amp;quot;))</message>
  <nestedLevel>1</nestedLevel>
  <escapedJava>false</escapedJava>
  <property name="startLine">83</property>
  <property name="stepIndex">14</property>
  <property name="description">Step 12: Click on input city</property>
</record>
<record>
  <date>2026-01-06T15:28:36.033970Z</date>
  <millis>1767713316033</millis>
  <nanos>970000</nanos>
  <sequence>2481</sequence>
  <level>PASSED</level>
  <class>com.kms.katalon.core.logging.XmlKeywordLogger</class>
  <method>logMessage</method>
  <thread>1</thread>
  <message>Object: &amp;apos;Object Repository/AI-Generated/Katalian Banking Production/Page_apply/input_city&amp;apos; is clicked on</message>
  <nestedLevel>1</nestedLevel>
  <escapedJava>false</escapedJava>
  <property name="testops-method-name">com.kms.katalon.core.webui.keyword.internal.WebUIKeywordMain.runKeywordUntilTimeout</property>
  <property name="testops-execution-stacktrace">com.kms.katalon.core.logging.KeywordLogger.logPassed(KeywordLogger.java:332)
com.kms.katalon.core.logging.KeywordLogger.logPassed(KeywordLogger.java:327)
com.kms.katalon.core.webui.keyword.builtin.EnhancedClickKeyword$_click_closure1$_closure5.doCall(EnhancedClickKeyword.groovy:88)
jdk.internal.reflect.GeneratedMethodAccessor47.invoke(Unknown Source)
java.base/jdk.internal.reflect.DelegatingMethodAccessorImpl.invoke(DelegatingMethodAccessorImpl.java:43)
jdk.proxy2/jdk.proxy2.$Proxy54.accept(Unknown Source)
com.kms.katalon.core.trymonad.Success.onSuccess(Try.java:263)
com.kms.katalon.core.webui.keyword.builtin.EnhancedClickKeyword$_click_closure1.doCall(EnhancedClickKeyword.groovy:71)
jdk.internal.reflect.GeneratedMethodAccessor45.invoke(Unknown Source)
java.base/jdk.internal.reflect.DelegatingMethodAccessorImpl.invoke(DelegatingMethodAccessorImpl.java:43)
jdk.proxy2/jdk.proxy2.$Proxy51.execute(Unknown Source)
com.kms.katalon.core.webui.model.SeleniumActionRetryController.performAction(SeleniumActionRetryController.java:96)
com.kms.katalon.core.webui.model.SeleniumActionRetryController.performAction(SeleniumActionRetryController.java:83)
com.kms.katalon.core.webui.keyword.internal.WebUIKeywordMain$_runKeywordUntilTimeout_closure1.doCall(WebUIKeywordMain.groovy:135)
com.kms.katalon.core.webui.keyword.internal.WebUIKeywordMain$_runKeywordUntilTimeout_closure1.call(WebUIKeywordMain.groovy)
com.kms.katalon.core.webui.keyword.internal.WebUIKeywordMain.runKeyword(WebUIKeywordMain.groovy:41)
com.kms.katalon.core.webui.keyword.internal.WebUIKeywordMain.runKeywordUntilTimeout(WebUIKeywordMain.groovy:133)
com.kms.katalon.core.webui.keyword.builtin.EnhancedClickKeyword.click(EnhancedClickKeyword.groovy:95)
com.kms.katalon.core.webui.keyword.builtin.EnhancedClickKeyword.execute(EnhancedClickKeyword.groovy:41)
com.kms.katalon.core.keyword.internal.KeywordExecutor.executeKeywordForPlatform(KeywordExecutor.groovy:90)
com.kms.katalon.core.webui.keyword.WebUiBuiltInKeywords.enhancedClick(WebUiBuiltInKeywords.groovy:747)
TC6-Submit Application and Logout from Dashboard.run(TC6-Submit Application and Logout from Dashboard:83)
</property>
</record>
<record>
  <date>2026-01-06T15:28:36.034610Z</date>
  <millis>1767713316034</millis>
  <nanos>610000</nanos>
  <sequence>2482</sequence>
  <level>END</level>
  <class>com.kms.katalon.core.logging.XmlKeywordLogger</class>
  <method>endKeyword</method>
  <thread>1</thread>
  <message>End action : enhancedClick(findTestObject(&amp;quot;AI-Generated/Katalian Banking Production/Page_apply/input_city&amp;quot;))</message>
  <nestedLevel>1</nestedLevel>
  <escapedJava>false</escapedJava>
</record>
<record>
  <date>2026-01-06T15:28:36.034702Z</date>
  <millis>1767713316034</millis>
  <nanos>702000</nanos>
  <sequence>2483</sequence>
  <level>START</level>
  <class>com.kms.katalon.core.logging.XmlKeywordLogger</class>
  <method>startKeyword</method>
  <thread>1</thread>
  <message>Start action : setText(findTestObject(&amp;quot;AI-Generated/Katalian Banking Production/Page_apply/input_city&amp;quot;), input_city)</message>
  <nestedLevel>1</nestedLevel>
  <escapedJava>false</escapedJava>
  <property name="startLine">89</property>
  <property name="stepIndex">15</property>
  <property name="description">Step 13: Enter input value in input city</property>
</record>
<record>
  <date>2026-01-06T15:28:36.077161Z</date>
  <millis>1767713316077</millis>
  <nanos>161000</nanos>
  <sequence>2497</sequence>
  <level>PASSED</level>
  <class>com.kms.katalon.core.logging.XmlKeywordLogger</class>
  <method>logMessage</method>
  <thread>1</thread>
  <message>Text &amp;apos;Denver&amp;apos; is set on object &amp;apos;Object Repository/AI-Generated/Katalian Banking Production/Page_apply/input_city&amp;apos;</message>
  <nestedLevel>1</nestedLevel>
  <escapedJava>false</escapedJava>
  <property name="testops-method-name">com.kms.katalon.core.webui.keyword.internal.WebUIKeywordMain.runKeywordUntilTimeout</property>
  <property name="testops-execution-stacktrace">com.kms.katalon.core.logging.KeywordLogger.logPassed(KeywordLogger.java:332)
com.kms.katalon.core.logging.KeywordLogger.logPassed(KeywordLogger.java:327)
com.kms.katalon.core.webui.keyword.builtin.SetTextKeyword$_setText_closure1.doCall(SetTextKeyword.groovy:99)
jdk.internal.reflect.GeneratedMethodAccessor62.invoke(Unknown Source)
java.base/jdk.internal.reflect.DelegatingMethodAccessorImpl.invoke(DelegatingMethodAccessorImpl.java:43)
jdk.proxy2/jdk.proxy2.$Proxy51.execute(Unknown Source)
com.kms.katalon.core.webui.model.SeleniumActionRetryController.performAction(SeleniumActionRetryController.java:96)
com.kms.katalon.core.webui.model.SeleniumActionRetryController.performAction(SeleniumActionRetryController.java:83)
com.kms.katalon.core.webui.keyword.internal.WebUIKeywordMain$_runKeywordUntilTimeout_closure1.doCall(WebUIKeywordMain.groovy:135)
com.kms.katalon.core.webui.keyword.internal.WebUIKeywordMain$_runKeywordUntilTimeout_closure1.call(WebUIKeywordMain.groovy)
com.kms.katalon.core.webui.keyword.internal.WebUIKeywordMain.runKeyword(WebUIKeywordMain.groovy:41)
com.kms.katalon.core.webui.keyword.internal.WebUIKeywordMain.runKeywordUntilTimeout(WebUIKeywordMain.groovy:133)
com.kms.katalon.core.webui.keyword.builtin.SetTextKeyword.setText(SetTextKeyword.groovy:106)
com.kms.katalon.core.webui.keyword.builtin.SetTextKeyword.execute(SetTextKeyword.groovy:49)
com.kms.katalon.core.keyword.internal.KeywordExecutor.executeKeywordForPlatform(KeywordExecutor.groovy:90)
com.kms.katalon.core.webui.keyword.WebUiBuiltInKeywords.setText(WebUiBuiltInKeywords.groovy:1081)
TC6-Submit Application and Logout from Dashboard.run(TC6-Submit Application and Logout from Dashboard:89)
</property>
</record>
<record>
  <date>2026-01-06T15:28:36.077868Z</date>
  <millis>1767713316077</millis>
  <nanos>868000</nanos>
  <sequence>2498</sequence>
  <level>END</level>
  <class>com.kms.katalon.core.logging.XmlKeywordLogger</class>
  <method>endKeyword</method>
  <thread>1</thread>
  <message>End action : setText(findTestObject(&amp;quot;AI-Generated/Katalian Banking Production/Page_apply/input_city&amp;quot;), input_city)</message>
  <nestedLevel>1</nestedLevel>
  <escapedJava>false</escapedJava>
</record>
<record>
  <date>2026-01-06T15:28:36.077913Z</date>
  <millis>1767713316077</millis>
  <nanos>913000</nanos>
  <sequence>2499</sequence>
  <level>START</level>
  <class>com.kms.katalon.core.logging.XmlKeywordLogger</class>
  <method>startKeyword</method>
  <thread>1</thread>
  <message>Start action : TrueTestScripts.selectOption(findTestObject(&amp;quot;AI-Generated/Katalian Banking Production/Page_apply/select_state&amp;quot;), select_state, &amp;quot;label&amp;quot;, false)</message>
  <nestedLevel>1</nestedLevel>
  <escapedJava>false</escapedJava>
  <property name="startLine">95</property>
  <property name="stepIndex">16</property>
  <property name="description">Step 14: Select option with input value from select state</property>
</record>
<record>
  <date>2026-01-06T15:28:36.845383Z</date>
  <millis>1767713316845</millis>
  <nanos>383000</nanos>
  <sequence>2510</sequence>
  <level>PASSED</level>
  <class>com.kms.katalon.core.logging.XmlKeywordLogger</class>
  <method>logMessage</method>
  <thread>1</thread>
  <message>All options with label &amp;apos;\QColorado\E&amp;apos; are selected in object &amp;apos;Object Repository/AI-Generated/Katalian Banking Production/Page_apply/select_state&amp;apos;  using regular expression</message>
  <nestedLevel>1</nestedLevel>
  <escapedJava>false</escapedJava>
  <property name="testops-method-name">com.kms.katalon.core.webui.keyword.builtin.SelectOptionByLabelKeyword.selectOptionByLabel</property>
  <property name="testops-execution-stacktrace"></property>
</record>
<record>
  <date>2026-01-06T15:28:37.878931Z</date>
  <millis>1767713317878</millis>
  <nanos>931000</nanos>
  <sequence>2522</sequence>
  <level>PASSED</level>
  <class>com.kms.katalon.core.logging.XmlKeywordLogger</class>
  <method>logMessage</method>
  <thread>1</thread>
  <message>All options with label &amp;apos;\QColorado\E&amp;apos; are selected in object &amp;apos;Object Repository/AI-Generated/Katalian Banking Production/Page_apply/select_state&amp;apos;  using regular expression</message>
  <nestedLevel>1</nestedLevel>
  <escapedJava>false</escapedJava>
  <property name="testops-method-name">com.kms.katalon.core.webui.keyword.internal.WebUIKeywordMain.runKeywordUntilTimeout</property>
  <property name="testops-execution-stacktrace">com.kms.katalon.core.logging.KeywordLogger.logPassed(KeywordLogger.java:332)
com.kms.katalon.core.logging.KeywordLogger.logPassed(KeywordLogger.java:327)
com.kms.katalon.core.webui.keyword.builtin.VerifyOptionSelectedByLabelKeyword$_verifyOptionSelectedByLabel_closure1.doCall(VerifyOptionSelectedByLabelKeyword.groovy:76)
java.base/jdk.internal.reflect.NativeMethodAccessorImpl.invoke0(Native Method)
java.base/jdk.internal.reflect.NativeMethodAccessorImpl.invoke(NativeMethodAccessorImpl.java:77)
java.base/jdk.internal.reflect.DelegatingMethodAccessorImpl.invoke(DelegatingMethodAccessorImpl.java:43)
jdk.proxy2/jdk.proxy2.$Proxy51.execute(Unknown Source)
com.kms.katalon.core.webui.model.SeleniumActionRetryController.performAction(SeleniumActionRetryController.java:96)
com.kms.katalon.core.webui.model.SeleniumActionRetryController.performAction(SeleniumActionRetryController.java:83)
com.kms.katalon.core.webui.keyword.internal.WebUIKeywordMain$_runKeywordUntilTimeout_closure2.doCall(WebUIKeywordMain.groovy:155)
com.kms.katalon.core.webui.keyword.internal.WebUIKeywordMain$_runKeywordUntilTimeout_closure2.call(WebUIKeywordMain.groovy)
com.kms.katalon.core.webui.keyword.internal.WebUIKeywordMain.runKeyword(WebUIKeywordMain.groovy:41)
com.kms.katalon.core.webui.keyword.internal.WebUIKeywordMain.runKeywordUntilTimeout(WebUIKeywordMain.groovy:152)
com.kms.katalon.core.webui.keyword.builtin.VerifyOptionSelectedByLabelKeyword.verifyOptionSelectedByLabel(VerifyOptionSelectedByLabelKeyword.groovy:86)
com.kms.katalon.core.webui.keyword.builtin.VerifyOptionSelectedByLabelKeyword.execute(VerifyOptionSelectedByLabelKeyword.groovy:43)
com.kms.katalon.core.keyword.internal.KeywordExecutor.executeKeywordForPlatform(KeywordExecutor.groovy:90)
com.kms.katalon.core.webui.keyword.WebUiBuiltInKeywords.verifyOptionSelectedByLabel(WebUiBuiltInKeywords.groovy:2284)
truetest.Katalian_Banking_Production.custom.TrueTestScripts.selectOption(TrueTestScripts.groovy:126)
TC6-Submit Application and Logout from Dashboard.run(TC6-Submit Application and Logout from Dashboard:95)
</property>
</record>
<record>
  <date>2026-01-06T15:28:37.879491Z</date>
  <millis>1767713317879</millis>
  <nanos>491000</nanos>
  <sequence>2523</sequence>
  <level>END</level>
  <class>com.kms.katalon.core.logging.XmlKeywordLogger</class>
  <method>endKeyword</method>
  <thread>1</thread>
  <message>End action : TrueTestScripts.selectOption(findTestObject(&amp;quot;AI-Generated/Katalian Banking Production/Page_apply/select_state&amp;quot;), select_state, &amp;quot;label&amp;quot;, false)</message>
  <nestedLevel>1</nestedLevel>
  <escapedJava>false</escapedJava>
</record>
<record>
  <date>2026-01-06T15:28:37.879542Z</date>
  <millis>1767713317879</millis>
  <nanos>542000</nanos>
  <sequence>2524</sequence>
  <level>START</level>
  <class>com.kms.katalon.core.logging.XmlKeywordLogger</class>
  <method>startKeyword</method>
  <thread>1</thread>
  <message>Start action : enhancedClick(findTestObject(&amp;quot;AI-Generated/Katalian Banking Production/Page_apply/input_zipCode&amp;quot;))</message>
  <nestedLevel>1</nestedLevel>
  <escapedJava>false</escapedJava>
  <property name="startLine">101</property>
  <property name="stepIndex">17</property>
  <property name="description">Step 15: Click on input zipCode</property>
</record>
<record>
  <date>2026-01-06T15:28:37.903016Z</date>
  <millis>1767713317903</millis>
  <nanos>16000</nanos>
  <sequence>2536</sequence>
  <level>PASSED</level>
  <class>com.kms.katalon.core.logging.XmlKeywordLogger</class>
  <method>logMessage</method>
  <thread>1</thread>
  <message>Object: &amp;apos;Object Repository/AI-Generated/Katalian Banking Production/Page_apply/input_zipCode&amp;apos; is clicked on</message>
  <nestedLevel>1</nestedLevel>
  <escapedJava>false</escapedJava>
  <property name="testops-method-name">com.kms.katalon.core.webui.keyword.internal.WebUIKeywordMain.runKeywordUntilTimeout</property>
  <property name="testops-execution-stacktrace">com.kms.katalon.core.logging.KeywordLogger.logPassed(KeywordLogger.java:332)
com.kms.katalon.core.logging.KeywordLogger.logPassed(KeywordLogger.java:327)
com.kms.katalon.core.webui.keyword.builtin.EnhancedClickKeyword$_click_closure1$_closure5.doCall(EnhancedClickKeyword.groovy:88)
jdk.internal.reflect.GeneratedMethodAccessor47.invoke(Unknown Source)
java.base/jdk.internal.reflect.DelegatingMethodAccessorImpl.invoke(DelegatingMethodAccessorImpl.java:43)
jdk.proxy2/jdk.proxy2.$Proxy54.accept(Unknown Source)
com.kms.katalon.core.trymonad.Success.onSuccess(Try.java:263)
com.kms.katalon.core.webui.keyword.builtin.EnhancedClickKeyword$_click_closure1.doCall(EnhancedClickKeyword.groovy:71)
jdk.internal.reflect.GeneratedMethodAccessor45.invoke(Unknown Source)
java.base/jdk.internal.reflect.DelegatingMethodAccessorImpl.invoke(DelegatingMethodAccessorImpl.java:43)
jdk.proxy2/jdk.proxy2.$Proxy51.execute(Unknown Source)
com.kms.katalon.core.webui.model.SeleniumActionRetryController.performAction(SeleniumActionRetryController.java:96)
com.kms.katalon.core.webui.model.SeleniumActionRetryController.performAction(SeleniumActionRetryController.java:83)
com.kms.katalon.core.webui.keyword.internal.WebUIKeywordMain$_runKeywordUntilTimeout_closure1.doCall(WebUIKeywordMain.groovy:135)
com.kms.katalon.core.webui.keyword.internal.WebUIKeywordMain$_runKeywordUntilTimeout_closure1.call(WebUIKeywordMain.groovy)
com.kms.katalon.core.webui.keyword.internal.WebUIKeywordMain.runKeyword(WebUIKeywordMain.groovy:41)
com.kms.katalon.core.webui.keyword.internal.WebUIKeywordMain.runKeywordUntilTimeout(WebUIKeywordMain.groovy:133)
com.kms.katalon.core.webui.keyword.builtin.EnhancedClickKeyword.click(EnhancedClickKeyword.groovy:95)
com.kms.katalon.core.webui.keyword.builtin.EnhancedClickKeyword.execute(EnhancedClickKeyword.groovy:41)
com.kms.katalon.core.keyword.internal.KeywordExecutor.executeKeywordForPlatform(KeywordExecutor.groovy:90)
com.kms.katalon.core.webui.keyword.WebUiBuiltInKeywords.enhancedClick(WebUiBuiltInKeywords.groovy:747)
TC6-Submit Application and Logout from Dashboard.run(TC6-Submit Application and Logout from Dashboard:101)
</property>
</record>
<record>
  <date>2026-01-06T15:28:37.903610Z</date>
  <millis>1767713317903</millis>
  <nanos>610000</nanos>
  <sequence>2537</sequence>
  <level>END</level>
  <class>com.kms.katalon.core.logging.XmlKeywordLogger</class>
  <method>endKeyword</method>
  <thread>1</thread>
  <message>End action : enhancedClick(findTestObject(&amp;quot;AI-Generated/Katalian Banking Production/Page_apply/input_zipCode&amp;quot;))</message>
  <nestedLevel>1</nestedLevel>
  <escapedJava>false</escapedJava>
</record>
<record>
  <date>2026-01-06T15:28:37.903657Z</date>
  <millis>1767713317903</millis>
  <nanos>657000</nanos>
  <sequence>2538</sequence>
  <level>START</level>
  <class>com.kms.katalon.core.logging.XmlKeywordLogger</class>
  <method>startKeyword</method>
  <thread>1</thread>
  <message>Start action : setText(findTestObject(&amp;quot;AI-Generated/Katalian Banking Production/Page_apply/input_zipCode&amp;quot;), input_zipCode)</message>
  <nestedLevel>1</nestedLevel>
  <escapedJava>false</escapedJava>
  <property name="startLine">107</property>
  <property name="stepIndex">18</property>
  <property name="description">Step 16: Enter input value in input zipCode</property>
</record>
<record>
  <date>2026-01-06T15:28:37.944119Z</date>
  <millis>1767713317944</millis>
  <nanos>119000</nanos>
  <sequence>2552</sequence>
  <level>PASSED</level>
  <class>com.kms.katalon.core.logging.XmlKeywordLogger</class>
  <method>logMessage</method>
  <thread>1</thread>
  <message>Text &amp;apos;34566&amp;apos; is set on object &amp;apos;Object Repository/AI-Generated/Katalian Banking Production/Page_apply/input_zipCode&amp;apos;</message>
  <nestedLevel>1</nestedLevel>
  <escapedJava>false</escapedJava>
  <property name="testops-method-name">com.kms.katalon.core.webui.keyword.internal.WebUIKeywordMain.runKeywordUntilTimeout</property>
  <property name="testops-execution-stacktrace">com.kms.katalon.core.logging.KeywordLogger.logPassed(KeywordLogger.java:332)
com.kms.katalon.core.logging.KeywordLogger.logPassed(KeywordLogger.java:327)
com.kms.katalon.core.webui.keyword.builtin.SetTextKeyword$_setText_closure1.doCall(SetTextKeyword.groovy:99)
jdk.internal.reflect.GeneratedMethodAccessor62.invoke(Unknown Source)
java.base/jdk.internal.reflect.DelegatingMethodAccessorImpl.invoke(DelegatingMethodAccessorImpl.java:43)
jdk.proxy2/jdk.proxy2.$Proxy51.execute(Unknown Source)
com.kms.katalon.core.webui.model.SeleniumActionRetryController.performAction(SeleniumActionRetryController.java:96)
com.kms.katalon.core.webui.model.SeleniumActionRetryController.performAction(SeleniumActionRetryController.java:83)
com.kms.katalon.core.webui.keyword.internal.WebUIKeywordMain$_runKeywordUntilTimeout_closure1.doCall(WebUIKeywordMain.groovy:135)
com.kms.katalon.core.webui.keyword.internal.WebUIKeywordMain$_runKeywordUntilTimeout_closure1.call(WebUIKeywordMain.groovy)
com.kms.katalon.core.webui.keyword.internal.WebUIKeywordMain.runKeyword(WebUIKeywordMain.groovy:41)
com.kms.katalon.core.webui.keyword.internal.WebUIKeywordMain.runKeywordUntilTimeout(WebUIKeywordMain.groovy:133)
com.kms.katalon.core.webui.keyword.builtin.SetTextKeyword.setText(SetTextKeyword.groovy:106)
com.kms.katalon.core.webui.keyword.builtin.SetTextKeyword.execute(SetTextKeyword.groovy:49)
com.kms.katalon.core.keyword.internal.KeywordExecutor.executeKeywordForPlatform(KeywordExecutor.groovy:90)
com.kms.katalon.core.webui.keyword.WebUiBuiltInKeywords.setText(WebUiBuiltInKeywords.groovy:1081)
TC6-Submit Application and Logout from Dashboard.run(TC6-Submit Application and Logout from Dashboard:107)
</property>
</record>
<record>
  <date>2026-01-06T15:28:37.944762Z</date>
  <millis>1767713317944</millis>
  <nanos>762000</nanos>
  <sequence>2553</sequence>
  <level>END</level>
  <class>com.kms.katalon.core.logging.XmlKeywordLogger</class>
  <method>endKeyword</method>
  <thread>1</thread>
  <message>End action : setText(findTestObject(&amp;quot;AI-Generated/Katalian Banking Production/Page_apply/input_zipCode&amp;quot;), input_zipCode)</message>
  <nestedLevel>1</nestedLevel>
  <escapedJava>false</escapedJava>
</record>
<record>
  <date>2026-01-06T15:28:37.944820Z</date>
  <millis>1767713317944</millis>
  <nanos>820000</nanos>
  <sequence>2554</sequence>
  <level>START</level>
  <class>com.kms.katalon.core.logging.XmlKeywordLogger</class>
  <method>startKeyword</method>
  <thread>1</thread>
  <message>Start action : enhancedClick(findTestObject(&amp;quot;AI-Generated/Katalian Banking Production/Page_apply/button_submitApplication&amp;quot;))</message>
  <nestedLevel>1</nestedLevel>
  <escapedJava>false</escapedJava>
  <property name="startLine">113</property>
  <property name="stepIndex">19</property>
  <property name="description">Step 17: Click on button submitApplication</property>
</record>
<record>
  <date>2026-01-06T15:28:37.980361Z</date>
  <millis>1767713317980</millis>
  <nanos>361000</nanos>
  <sequence>2566</sequence>
  <level>PASSED</level>
  <class>com.kms.katalon.core.logging.XmlKeywordLogger</class>
  <method>logMessage</method>
  <thread>1</thread>
  <message>Object: &amp;apos;Object Repository/AI-Generated/Katalian Banking Production/Page_apply/button_submitApplication&amp;apos; is clicked on</message>
  <nestedLevel>1</nestedLevel>
  <escapedJava>false</escapedJava>
  <property name="testops-method-name">com.kms.katalon.core.webui.keyword.internal.WebUIKeywordMain.runKeywordUntilTimeout</property>
  <property name="testops-execution-stacktrace">com.kms.katalon.core.logging.KeywordLogger.logPassed(KeywordLogger.java:332)
com.kms.katalon.core.logging.KeywordLogger.logPassed(KeywordLogger.java:327)
com.kms.katalon.core.webui.keyword.builtin.EnhancedClickKeyword$_click_closure1$_closure5.doCall(EnhancedClickKeyword.groovy:88)
jdk.internal.reflect.GeneratedMethodAccessor47.invoke(Unknown Source)
java.base/jdk.internal.reflect.DelegatingMethodAccessorImpl.invoke(DelegatingMethodAccessorImpl.java:43)
jdk.proxy2/jdk.proxy2.$Proxy54.accept(Unknown Source)
com.kms.katalon.core.trymonad.Success.onSuccess(Try.java:263)
com.kms.katalon.core.webui.keyword.builtin.EnhancedClickKeyword$_click_closure1.doCall(EnhancedClickKeyword.groovy:71)
jdk.internal.reflect.GeneratedMethodAccessor45.invoke(Unknown Source)
java.base/jdk.internal.reflect.DelegatingMethodAccessorImpl.invoke(DelegatingMethodAccessorImpl.java:43)
jdk.proxy2/jdk.proxy2.$Proxy51.execute(Unknown Source)
com.kms.katalon.core.webui.model.SeleniumActionRetryController.performAction(SeleniumActionRetryController.java:96)
com.kms.katalon.core.webui.model.SeleniumActionRetryController.performAction(SeleniumActionRetryController.java:83)
com.kms.katalon.core.webui.keyword.internal.WebUIKeywordMain$_runKeywordUntilTimeout_closure1.doCall(WebUIKeywordMain.groovy:135)
com.kms.katalon.core.webui.keyword.internal.WebUIKeywordMain$_runKeywordUntilTimeout_closure1.call(WebUIKeywordMain.groovy)
com.kms.katalon.core.webui.keyword.internal.WebUIKeywordMain.runKeyword(WebUIKeywordMain.groovy:41)
com.kms.katalon.core.webui.keyword.internal.WebUIKeywordMain.runKeywordUntilTimeout(WebUIKeywordMain.groovy:133)
com.kms.katalon.core.webui.keyword.builtin.EnhancedClickKeyword.click(EnhancedClickKeyword.groovy:95)
com.kms.katalon.core.webui.keyword.builtin.EnhancedClickKeyword.execute(EnhancedClickKeyword.groovy:41)
com.kms.katalon.core.keyword.internal.KeywordExecutor.executeKeywordForPlatform(KeywordExecutor.groovy:90)
com.kms.katalon.core.webui.keyword.WebUiBuiltInKeywords.enhancedClick(WebUiBuiltInKeywords.groovy:747)
TC6-Submit Application and Logout from Dashboard.run(TC6-Submit Application and Logout from Dashboard:113)
</property>
</record>
<record>
  <date>2026-01-06T15:28:37.981903Z</date>
  <millis>1767713317981</millis>
  <nanos>903000</nanos>
  <sequence>2567</sequence>
  <level>END</level>
  <class>com.kms.katalon.core.logging.XmlKeywordLogger</class>
  <method>endKeyword</method>
  <thread>1</thread>
  <message>End action : enhancedClick(findTestObject(&amp;quot;AI-Generated/Katalian Banking Production/Page_apply/button_submitApplication&amp;quot;))</message>
  <nestedLevel>1</nestedLevel>
  <escapedJava>false</escapedJava>
</record>
<record>
  <date>2026-01-06T15:28:37.982083Z</date>
  <millis>1767713317982</millis>
  <nanos>83000</nanos>
  <sequence>2568</sequence>
  <level>START</level>
  <class>com.kms.katalon.core.logging.XmlKeywordLogger</class>
  <method>startKeyword</method>
  <thread>1</thread>
  <message>Start action : enhancedClick(findTestObject(&amp;quot;AI-Generated/Katalian Banking Production/Page_apply/button_returnToDashboard&amp;quot;))</message>
  <nestedLevel>1</nestedLevel>
  <escapedJava>false</escapedJava>
  <property name="startLine">119</property>
  <property name="stepIndex">20</property>
  <property name="description">Step 18: Click on button returnToDashboard -&gt; Navigate to page &apos;/dashboard&apos;</property>
</record>
<record>
  <date>2026-01-06T15:28:40.496185Z</date>
  <millis>1767713320496</millis>
  <nanos>185000</nanos>
  <sequence>2580</sequence>
  <level>PASSED</level>
  <class>com.kms.katalon.core.logging.XmlKeywordLogger</class>
  <method>logMessage</method>
  <thread>1</thread>
  <message>Object: &amp;apos;Object Repository/AI-Generated/Katalian Banking Production/Page_apply/button_returnToDashboard&amp;apos; is clicked on</message>
  <nestedLevel>1</nestedLevel>
  <escapedJava>false</escapedJava>
  <property name="testops-method-name">com.kms.katalon.core.webui.keyword.internal.WebUIKeywordMain.runKeywordUntilTimeout</property>
  <property name="testops-execution-stacktrace">com.kms.katalon.core.logging.KeywordLogger.logPassed(KeywordLogger.java:332)
com.kms.katalon.core.logging.KeywordLogger.logPassed(KeywordLogger.java:327)
com.kms.katalon.core.webui.keyword.builtin.EnhancedClickKeyword$_click_closure1$_closure5.doCall(EnhancedClickKeyword.groovy:88)
jdk.internal.reflect.GeneratedMethodAccessor47.invoke(Unknown Source)
java.base/jdk.internal.reflect.DelegatingMethodAccessorImpl.invoke(DelegatingMethodAccessorImpl.java:43)
jdk.proxy2/jdk.proxy2.$Proxy54.accept(Unknown Source)
com.kms.katalon.core.trymonad.Success.onSuccess(Try.java:263)
com.kms.katalon.core.webui.keyword.builtin.EnhancedClickKeyword$_click_closure1.doCall(EnhancedClickKeyword.groovy:71)
jdk.internal.reflect.GeneratedMethodAccessor45.invoke(Unknown Source)
java.base/jdk.internal.reflect.DelegatingMethodAccessorImpl.invoke(DelegatingMethodAccessorImpl.java:43)
jdk.proxy2/jdk.proxy2.$Proxy51.execute(Unknown Source)
com.kms.katalon.core.webui.model.SeleniumActionRetryController.performAction(SeleniumActionRetryController.java:96)
com.kms.katalon.core.webui.model.SeleniumActionRetryController.performAction(SeleniumActionRetryController.java:83)
com.kms.katalon.core.webui.keyword.internal.WebUIKeywordMain$_runKeywordUntilTimeout_closure1.doCall(WebUIKeywordMain.groovy:135)
com.kms.katalon.core.webui.keyword.internal.WebUIKeywordMain$_runKeywordUntilTimeout_closure1.call(WebUIKeywordMain.groovy)
com.kms.katalon.core.webui.keyword.internal.WebUIKeywordMain.runKeyword(WebUIKeywordMain.groovy:41)
com.kms.katalon.core.webui.keyword.internal.WebUIKeywordMain.runKeywordUntilTimeout(WebUIKeywordMain.groovy:133)
com.kms.katalon.core.webui.keyword.builtin.EnhancedClickKeyword.click(EnhancedClickKeyword.groovy:95)
com.kms.katalon.core.webui.keyword.builtin.EnhancedClickKeyword.execute(EnhancedClickKeyword.groovy:41)
com.kms.katalon.core.keyword.internal.KeywordExecutor.executeKeywordForPlatform(KeywordExecutor.groovy:90)
com.kms.katalon.core.webui.keyword.WebUiBuiltInKeywords.enhancedClick(WebUiBuiltInKeywords.groovy:747)
TC6-Submit Application and Logout from Dashboard.run(TC6-Submit Application and Logout from Dashboard:119)
</property>
</record>
<record>
  <date>2026-01-06T15:28:40.497130Z</date>
  <millis>1767713320497</millis>
  <nanos>130000</nanos>
  <sequence>2581</sequence>
  <level>END</level>
  <class>com.kms.katalon.core.logging.XmlKeywordLogger</class>
  <method>endKeyword</method>
  <thread>1</thread>
  <message>End action : enhancedClick(findTestObject(&amp;quot;AI-Generated/Katalian Banking Production/Page_apply/button_returnToDashboard&amp;quot;))</message>
  <nestedLevel>1</nestedLevel>
  <escapedJava>false</escapedJava>
</record>
<record>
  <date>2026-01-06T15:28:40.497318Z</date>
  <millis>1767713320497</millis>
  <nanos>318000</nanos>
  <sequence>2582</sequence>
  <level>START</level>
  <class>com.kms.katalon.core.logging.XmlKeywordLogger</class>
  <method>startKeyword</method>
  <thread>1</thread>
  <message>Start action : enhancedClick(findTestObject(&amp;quot;AI-Generated/Katalian Banking Production/Page_dashboard/span_pending&amp;quot;))</message>
  <nestedLevel>1</nestedLevel>
  <escapedJava>false</escapedJava>
  <property name="startLine">125</property>
  <property name="stepIndex">21</property>
  <property name="description">Step 19: Click on span pending</property>
</record>
<record>
  <date>2026-01-06T15:28:40.528221Z</date>
  <millis>1767713320528</millis>
  <nanos>221000</nanos>
  <sequence>2594</sequence>
  <level>PASSED</level>
  <class>com.kms.katalon.core.logging.XmlKeywordLogger</class>
  <method>logMessage</method>
  <thread>1</thread>
  <message>Object: &amp;apos;Object Repository/AI-Generated/Katalian Banking Production/Page_dashboard/span_pending&amp;apos; is clicked on</message>
  <nestedLevel>1</nestedLevel>
  <escapedJava>false</escapedJava>
  <property name="testops-method-name">com.kms.katalon.core.webui.keyword.internal.WebUIKeywordMain.runKeywordUntilTimeout</property>
  <property name="testops-execution-stacktrace">com.kms.katalon.core.logging.KeywordLogger.logPassed(KeywordLogger.java:332)
com.kms.katalon.core.logging.KeywordLogger.logPassed(KeywordLogger.java:327)
com.kms.katalon.core.webui.keyword.builtin.EnhancedClickKeyword$_click_closure1$_closure5.doCall(EnhancedClickKeyword.groovy:88)
jdk.internal.reflect.GeneratedMethodAccessor47.invoke(Unknown Source)
java.base/jdk.internal.reflect.DelegatingMethodAccessorImpl.invoke(DelegatingMethodAccessorImpl.java:43)
jdk.proxy2/jdk.proxy2.$Proxy54.accept(Unknown Source)
com.kms.katalon.core.trymonad.Success.onSuccess(Try.java:263)
com.kms.katalon.core.webui.keyword.builtin.EnhancedClickKeyword$_click_closure1.doCall(EnhancedClickKeyword.groovy:71)
jdk.internal.reflect.GeneratedMethodAccessor45.invoke(Unknown Source)
java.base/jdk.internal.reflect.DelegatingMethodAccessorImpl.invoke(DelegatingMethodAccessorImpl.java:43)
jdk.proxy2/jdk.proxy2.$Proxy51.execute(Unknown Source)
com.kms.katalon.core.webui.model.SeleniumActionRetryController.performAction(SeleniumActionRetryController.java:96)
com.kms.katalon.core.webui.model.SeleniumActionRetryController.performAction(SeleniumActionRetryController.java:83)
com.kms.katalon.core.webui.keyword.internal.WebUIKeywordMain$_runKeywordUntilTimeout_closure1.doCall(WebUIKeywordMain.groovy:135)
com.kms.katalon.core.webui.keyword.internal.WebUIKeywordMain$_runKeywordUntilTimeout_closure1.call(WebUIKeywordMain.groovy)
com.kms.katalon.core.webui.keyword.internal.WebUIKeywordMain.runKeyword(WebUIKeywordMain.groovy:41)
com.kms.katalon.core.webui.keyword.internal.WebUIKeywordMain.runKeywordUntilTimeout(WebUIKeywordMain.groovy:133)
com.kms.katalon.core.webui.keyword.builtin.EnhancedClickKeyword.click(EnhancedClickKeyword.groovy:95)
com.kms.katalon.core.webui.keyword.builtin.EnhancedClickKeyword.execute(EnhancedClickKeyword.groovy:41)
com.kms.katalon.core.keyword.internal.KeywordExecutor.executeKeywordForPlatform(KeywordExecutor.groovy:90)
com.kms.katalon.core.webui.keyword.WebUiBuiltInKeywords.enhancedClick(WebUiBuiltInKeywords.groovy:747)
TC6-Submit Application and Logout from Dashboard.run(TC6-Submit Application and Logout from Dashboard:125)
</property>
</record>
<record>
  <date>2026-01-06T15:28:40.528819Z</date>
  <millis>1767713320528</millis>
  <nanos>819000</nanos>
  <sequence>2595</sequence>
  <level>END</level>
  <class>com.kms.katalon.core.logging.XmlKeywordLogger</class>
  <method>endKeyword</method>
  <thread>1</thread>
  <message>End action : enhancedClick(findTestObject(&amp;quot;AI-Generated/Katalian Banking Production/Page_dashboard/span_pending&amp;quot;))</message>
  <nestedLevel>1</nestedLevel>
  <escapedJava>false</escapedJava>
</record>
<record>
  <date>2026-01-06T15:28:40.528883Z</date>
  <millis>1767713320528</millis>
  <nanos>883000</nanos>
  <sequence>2596</sequence>
  <level>START</level>
  <class>com.kms.katalon.core.logging.XmlKeywordLogger</class>
  <method>startKeyword</method>
  <thread>1</thread>
  <message>Start action : enhancedClick(findTestObject(&amp;quot;AI-Generated/Katalian Banking Production/Page_dashboard/button_logout&amp;quot;))</message>
  <nestedLevel>1</nestedLevel>
  <escapedJava>false</escapedJava>
  <property name="startLine">131</property>
  <property name="stepIndex">22</property>
  <property name="description">Step 20: Click on button logout -&gt; Navigate to page &apos;&apos;</property>
</record>
<record>
  <date>2026-01-06T15:28:40.558835Z</date>
  <millis>1767713320558</millis>
  <nanos>835000</nanos>
  <sequence>2608</sequence>
  <level>PASSED</level>
  <class>com.kms.katalon.core.logging.XmlKeywordLogger</class>
  <method>logMessage</method>
  <thread>1</thread>
  <message>Object: &amp;apos;Object Repository/AI-Generated/Katalian Banking Production/Page_dashboard/button_logout&amp;apos; is clicked on</message>
  <nestedLevel>1</nestedLevel>
  <escapedJava>false</escapedJava>
  <property name="testops-method-name">com.kms.katalon.core.webui.keyword.internal.WebUIKeywordMain.runKeywordUntilTimeout</property>
  <property name="testops-execution-stacktrace">com.kms.katalon.core.logging.KeywordLogger.logPassed(KeywordLogger.java:332)
com.kms.katalon.core.logging.KeywordLogger.logPassed(KeywordLogger.java:327)
com.kms.katalon.core.webui.keyword.builtin.EnhancedClickKeyword$_click_closure1$_closure5.doCall(EnhancedClickKeyword.groovy:88)
jdk.internal.reflect.GeneratedMethodAccessor47.invoke(Unknown Source)
java.base/jdk.internal.reflect.DelegatingMethodAccessorImpl.invoke(DelegatingMethodAccessorImpl.java:43)
jdk.proxy2/jdk.proxy2.$Proxy54.accept(Unknown Source)
com.kms.katalon.core.trymonad.Success.onSuccess(Try.java:263)
com.kms.katalon.core.webui.keyword.builtin.EnhancedClickKeyword$_click_closure1.doCall(EnhancedClickKeyword.groovy:71)
jdk.internal.reflect.GeneratedMethodAccessor45.invoke(Unknown Source)
java.base/jdk.internal.reflect.DelegatingMethodAccessorImpl.invoke(DelegatingMethodAccessorImpl.java:43)
jdk.proxy2/jdk.proxy2.$Proxy51.execute(Unknown Source)
com.kms.katalon.core.webui.model.SeleniumActionRetryController.performAction(SeleniumActionRetryController.java:96)
com.kms.katalon.core.webui.model.SeleniumActionRetryController.performAction(SeleniumActionRetryController.java:83)
com.kms.katalon.core.webui.keyword.internal.WebUIKeywordMain$_runKeywordUntilTimeout_closure1.doCall(WebUIKeywordMain.groovy:135)
com.kms.katalon.core.webui.keyword.internal.WebUIKeywordMain$_runKeywordUntilTimeout_closure1.call(WebUIKeywordMain.groovy)
com.kms.katalon.core.webui.keyword.internal.WebUIKeywordMain.runKeyword(WebUIKeywordMain.groovy:41)
com.kms.katalon.core.webui.keyword.internal.WebUIKeywordMain.runKeywordUntilTimeout(WebUIKeywordMain.groovy:133)
com.kms.katalon.core.webui.keyword.builtin.EnhancedClickKeyword.click(EnhancedClickKeyword.groovy:95)
com.kms.katalon.core.webui.keyword.builtin.EnhancedClickKeyword.execute(EnhancedClickKeyword.groovy:41)
com.kms.katalon.core.keyword.internal.KeywordExecutor.executeKeywordForPlatform(KeywordExecutor.groovy:90)
com.kms.katalon.core.webui.keyword.WebUiBuiltInKeywords.enhancedClick(WebUiBuiltInKeywords.groovy:747)
TC6-Submit Application and Logout from Dashboard.run(TC6-Submit Application and Logout from Dashboard:131)
</property>
</record>
<record>
  <date>2026-01-06T15:28:40.559828Z</date>
  <millis>1767713320559</millis>
  <nanos>828000</nanos>
  <sequence>2609</sequence>
  <level>END</level>
  <class>com.kms.katalon.core.logging.XmlKeywordLogger</class>
  <method>endKeyword</method>
  <thread>1</thread>
  <message>End action : enhancedClick(findTestObject(&amp;quot;AI-Generated/Katalian Banking Production/Page_dashboard/button_logout&amp;quot;))</message>
  <nestedLevel>1</nestedLevel>
  <escapedJava>false</escapedJava>
</record>
<record>
  <date>2026-01-06T15:28:40.559939Z</date>
  <millis>1767713320559</millis>
  <nanos>939000</nanos>
  <sequence>2610</sequence>
  <level>START</level>
  <class>com.kms.katalon.core.logging.XmlKeywordLogger</class>
  <method>startKeyword</method>
  <thread>1</thread>
  <message>Start action : takeFullPageScreenshotAsCheckpoint(&amp;quot;TC6-Submit Application and Logout from Dashboard_visual_checkpoint&amp;quot;)</message>
  <nestedLevel>1</nestedLevel>
  <escapedJava>false</escapedJava>
  <property name="startLine">137</property>
  <property name="stepIndex">23</property>
  <property name="description">Step 21: Take full page screenshot as checkpoint</property>
</record>
<record>
  <date>2026-01-06T15:28:40.613848Z</date>
  <millis>1767713320613</millis>
  <nanos>848000</nanos>
  <sequence>2612</sequence>
  <level>INFO</level>
  <class>com.kms.katalon.core.logging.XmlKeywordLogger</class>
  <method>logMessage</method>
  <thread>1</thread>
  <message>0 hidden object(s)</message>
  <nestedLevel>1</nestedLevel>
  <escapedJava>false</escapedJava>
</record>
<record>
  <date>2026-01-06T15:28:40.637282Z</date>
  <millis>1767713320637</millis>
  <nanos>282000</nanos>
  <sequence>2613</sequence>
  <level>PASSED</level>
  <class>com.kms.katalon.core.logging.XmlKeywordLogger</class>
  <method>logMessage</method>
  <thread>1</thread>
  <message>Taking screenshot successfully</message>
  <nestedLevel>1</nestedLevel>
  <escapedJava>false</escapedJava>
  <property name="attachment">keyes/keyes-TC6-Submit Application and Logout from Dashboard_visual_checkpoint.png</property>
  <property name="testops-method-name">com.kms.katalon.core.webui.keyword.builtin.TakeFullPageScreenshotKeyword.takeScreenshot</property>
  <property name="testops-execution-stacktrace"></property>
</record>
<record>
  <date>2026-01-06T15:28:40.637493Z</date>
  <millis>1767713320637</millis>
  <nanos>493000</nanos>
  <sequence>2614</sequence>
  <level>END</level>
  <class>com.kms.katalon.core.logging.XmlKeywordLogger</class>
  <method>endKeyword</method>
  <thread>1</thread>
  <message>End action : takeFullPageScreenshotAsCheckpoint(&amp;quot;TC6-Submit Application and Logout from Dashboard_visual_checkpoint&amp;quot;)</message>
  <nestedLevel>1</nestedLevel>
  <escapedJava>false</escapedJava>
</record>
<record>
  <date>2026-01-06T15:28:40.637684Z</date>
  <millis>1767713320637</millis>
  <nanos>684000</nanos>
  <sequence>2616</sequence>
  <level>START</level>
  <class>com.kms.katalon.core.logging.XmlKeywordLogger</class>
  <method>startKeyword</method>
  <thread>1</thread>
  <message>Start tear down : teardown</message>
  <nestedLevel>1</nestedLevel>
  <escapedJava>false</escapedJava>
  <property name="stepIndex">1</property>
  <property name="isIgnoredIfFailed">true</property>
</record>
<record>
  <date>2026-01-06T15:28:40.638708Z</date>
  <millis>1767713320638</millis>
  <nanos>708000</nanos>
  <sequence>2617</sequence>
  <level>START</level>
  <class>com.kms.katalon.core.logging.XmlKeywordLogger</class>
  <method>startKeyword</method>
  <thread>1</thread>
  <message>Start action : closeBrowser()</message>
  <nestedLevel>1</nestedLevel>
  <escapedJava>false</escapedJava>
  <property name="startLine">143</property>
  <property name="stepIndex">1</property>
</record>
<record>
  <date>2026-01-06T15:28:40.726296Z</date>
  <millis>1767713320726</millis>
  <nanos>296000</nanos>
  <sequence>2620</sequence>
  <level>PASSED</level>
  <class>com.kms.katalon.core.logging.XmlKeywordLogger</class>
  <method>logMessage</method>
  <thread>1</thread>
  <message>Browser is closed</message>
  <nestedLevel>1</nestedLevel>
  <escapedJava>false</escapedJava>
</record>
<record>
  <date>2026-01-06T15:28:40.726398Z</date>
  <millis>1767713320726</millis>
  <nanos>398000</nanos>
  <sequence>2621</sequence>
  <level>END</level>
  <class>com.kms.katalon.core.logging.XmlKeywordLogger</class>
  <method>endKeyword</method>
  <thread>1</thread>
  <message>End action : closeBrowser()</message>
  <nestedLevel>1</nestedLevel>
  <escapedJava>false</escapedJava>
</record>
<record>
  <date>2026-01-06T15:28:40.726461Z</date>
  <millis>1767713320726</millis>
  <nanos>461000</nanos>
  <sequence>2622</sequence>
  <level>PASSED</level>
  <class>com.kms.katalon.core.logging.XmlKeywordLogger</class>
  <method>logMessage</method>
  <thread>1</thread>
  <message>Method &amp;apos;teardown&amp;apos; complete successfully</message>
  <nestedLevel>1</nestedLevel>
  <escapedJava>false</escapedJava>
</record>
<record>
  <date>2026-01-06T15:28:40.726488Z</date>
  <millis>1767713320726</millis>
  <nanos>488000</nanos>
  <sequence>2623</sequence>
  <level>END</level>
  <class>com.kms.katalon.core.logging.XmlKeywordLogger</class>
  <method>endKeyword</method>
  <thread>1</thread>
  <message>End tear down : teardown</message>
  <nestedLevel>1</nestedLevel>
  <escapedJava>false</escapedJava>
</record>
<record>
  <date>2026-01-06T15:28:40.726520Z</date>
  <millis>1767713320726</millis>
  <nanos>520000</nanos>
  <sequence>2624</sequence>
  <level>PASSED</level>
  <class>com.kms.katalon.core.logging.XmlKeywordLogger</class>
  <method>logMessage</method>
  <thread>1</thread>
  <message>Test Cases/AI-Generated/Katalian Banking Production/TC6-Submit Application and Logout from Dashboard</message>
  <nestedLevel>1</nestedLevel>
  <escapedJava>false</escapedJava>
</record>
<record>
  <date>2026-01-06T15:28:40.726603Z</date>
  <millis>1767713320726</millis>
  <nanos>603000</nanos>
  <sequence>2625</sequence>
  <level>START</level>
  <class>com.kms.katalon.core.logging.XmlKeywordLogger</class>
  <method>startKeyword</method>
  <thread>1</thread>
  <message>Start listener action : autoUpdateJobStatus</message>
  <nestedLevel>1</nestedLevel>
  <escapedJava>false</escapedJava>
</record>
<record>
  <date>2026-01-06T15:28:40.726772Z</date>
  <millis>1767713320726</millis>
  <nanos>772000</nanos>
  <sequence>2627</sequence>
  <level>INFO</level>
  <class>com.kms.katalon.core.logging.XmlKeywordLogger</class>
  <method>logMessage</method>
  <thread>1</thread>
  <message>[SAUCELABS] Current run configuration: Chrome</message>
  <nestedLevel>1</nestedLevel>
  <escapedJava>false</escapedJava>
</record>
<record>
  <date>2026-01-06T15:28:40.726812Z</date>
  <millis>1767713320726</millis>
  <nanos>812000</nanos>
  <sequence>2629</sequence>
  <level>END</level>
  <class>com.kms.katalon.core.logging.XmlKeywordLogger</class>
  <method>endKeyword</method>
  <thread>1</thread>
  <message>End listener action : autoUpdateJobStatus</message>
  <nestedLevel>1</nestedLevel>
  <escapedJava>false</escapedJava>
</record>
<record>
  <date>2026-01-06T15:28:40.727039Z</date>
  <millis>1767713320727</millis>
  <nanos>39000</nanos>
  <sequence>2630</sequence>
  <level>END</level>
  <class>com.kms.katalon.core.logging.XmlKeywordLogger</class>
  <method>endTest</method>
  <thread>1</thread>
  <message>End Test Case : Test Cases/AI-Generated/Katalian Banking Production/TC6-Submit Application and Logout from Dashboard</message>
  <nestedLevel>0</nestedLevel>
  <escapedJava>false</escapedJava>
  <property name="executionBindingVariables">[
  {
    &quot;value&quot;: &quot;Apply for a Credit CardApply Now&quot;,
    &quot;isDefault&quot;: true,
    &quot;name&quot;: &quot;button_applyNow_divInternalHasText_1&quot;,
    &quot;masked&quot;: false
  },
  {
    &quot;value&quot;: &quot;868 Main Street&quot;,
    &quot;isDefault&quot;: true,
    &quot;name&quot;: &quot;input_addressLine&quot;,
    &quot;masked&quot;: false
  },
  {
    &quot;value&quot;: &quot;Denver&quot;,
    &quot;isDefault&quot;: true,
    &quot;name&quot;: &quot;input_city&quot;,
    &quot;masked&quot;: false
  },
  {
    &quot;value&quot;: &quot;12/11/1990&quot;,
    &quot;isDefault&quot;: true,
    &quot;name&quot;: &quot;input_dateOfBirth&quot;,
    &quot;masked&quot;: false
  },
  {
    &quot;value&quot;: &quot;Joe&quot;,
    &quot;isDefault&quot;: true,
    &quot;name&quot;: &quot;input_firstName&quot;,
    &quot;masked&quot;: false
  },
  {
    &quot;value&quot;: &quot;Oblio&quot;,
    &quot;isDefault&quot;: true,
    &quot;name&quot;: &quot;input_lastName&quot;,
    &quot;masked&quot;: false
  },
  {
    &quot;value&quot;: &quot;34566&quot;,
    &quot;isDefault&quot;: true,
    &quot;name&quot;: &quot;input_zipCode&quot;,
    &quot;masked&quot;: false
  },
  {
    &quot;value&quot;: &quot;Colorado&quot;,
    &quot;isDefault&quot;: true,
    &quot;name&quot;: &quot;select_state&quot;,
    &quot;masked&quot;: false
  }
]</property>
  <property name="applitools">false</property>
  <property name="remainingRetryCount">3</property>
  <property name="executedKeywords">{
  &quot;WebUI.navigateToUrl&quot;: 1,
  &quot;WebUI.selectOptionByLabel&quot;: 1,
  &quot;BuiltIn.callTestCase&quot;: 1,
  &quot;WebUI.openBrowser&quot;: 1,
  &quot;BuiltIn.delay&quot;: 1,
  &quot;WebUI.verifyElementPresent&quot;: 1,
  &quot;WebUI.closeBrowser&quot;: 1,
  &quot;WebUI.setEncryptedText&quot;: 1,
  &quot;WebUI.verifyOptionSelectedByLabel&quot;: 1,
  &quot;WebUI.click&quot;: 1,
  &quot;WebUI.setViewPortSize&quot;: 1,
  &quot;WebUI.enhancedClick&quot;: 11,
  &quot;WebUI.takeFullPageScreenshot&quot;: 1,
  &quot;WebUI.setText&quot;: 7
}</property>
  <property name="currentRetryCount">0</property>
  <property name="keywordsUsage">{
  &quot;web_ui&quot;: true,
  &quot;web_service&quot;: false,
  &quot;cucumber&quot;: false,
  &quot;builtin&quot;: true,
  &quot;mobile&quot;: false,
  &quot;windows&quot;: false,
  &quot;testng&quot;: false
}</property>
</record>
<record>
  <date>2026-01-06T15:28:40.737570Z</date>
  <millis>1767713320737</millis>
  <nanos>570000</nanos>
  <sequence>2631</sequence>
  <level>END</level>
  <class>com.kms.katalon.core.logging.XmlKeywordLogger</class>
  <method>endSuite</method>
  <thread>1</thread>
  <message>End Test Suite : Test Suites/Balance Transfers</message>
  <nestedLevel>0</nestedLevel>
  <escapedJava>false</escapedJava>
</record>
</log>
<?xml version="1.0" encoding="UTF-8" standalone="no"?>
<!DOCTYPE log SYSTEM "logger.dtd">
<log>
</log>
